feature,target,pearson_r,pearson_p,spearman_r,spearman_p,n,abs_spearman
C5_direction,C5_return,0.6338285003629893,0.0,0.8237258137301513,0.0,3325,0.8237258137301513
C7_break_low,C7_low_excursion,-0.6233090231406482,0.0,-0.70427546542391,0.0,3325,0.70427546542391
C7_break_high,C7_high_excursion,0.5800397969338434,2.658714878010419e-298,0.6987505911138793,0.0,3325,0.6987505911138793
C6_break_low,C6_low_excursion,-0.6007345882103294,0.0,-0.6575644850226788,0.0,3325,0.6575644850226788
C6_break_high,C6_high_excursion,0.5770287019301017,1.6059500522902735e-294,0.6525130304016711,0.0,3325,0.6525130304016711
C5_direction,C6_low_excursion,0.4607940068846814,1.7872757359669373e-174,0.6044650257580675,0.0,3325,0.6044650257580675
C5_direction,C6_high_excursion,0.43169470810240196,4.879374242577209e-151,0.5918178280387272,1.7721960173e-313,3325,0.5918178280387272
C7_break_low,C7_return,-0.5244773766733161,1.9792839548959095e-234,-0.576923457795248,2.1735834090310575e-294,3325,0.576923457795248
C7_break_high,C7_return,0.4957944266981436,7.546010765210602e-206,0.5562514094893769,1.795563855636976e-269,3325,0.5562514094893769
C7_break_low,C6_low_excursion,-0.5142595028619701,6.211189346444885e-224,-0.5509672666521166,2.2176312735720025e-263,3325,0.5509672666521166
C7_break_high,C6_high_excursion,0.4953413719522253,2.0305330162809653e-205,0.5473504058103806,2.837528822180568e-259,3325,0.5473504058103806
C7_break_low,C6_return,-0.4986089150968245,1.5579445900395918e-208,-0.546000842569677,9.387770946649056e-258,3325,0.546000842569677
future_break_down,C7_low_excursion,-0.4884895597897261,5.379744354990817e-199,-0.5448516647367929,1.8242713997732038e-256,3325,0.5448516647367929
future_break_down,C6_low_excursion,-0.481232886329349,2.3754585673786664e-192,-0.544388927838082,6.005168715062163e-256,3325,0.544388927838082
C5_direction,C5_high_excursion,0.41356136485645645,1.4914108393313555e-137,0.5427693019403143,3.830387513500005e-254,3325,0.5427693019403143
future_break_up,C7_high_excursion,0.45661497825261677,5.751982389900412e-171,0.538729286861327,1.101990899420086e-249,3325,0.538729286861327
C5_break_low,C5_low_excursion,-0.5167918256265926,1.67910428797805e-226,-0.5386158438644906,1.4672676997072338e-249,3325,0.5386158438644906
C7_break_low,C7_high_excursion,-0.41799416014407564,8.978885016875869e-141,-0.5305642646738925,7.425431162680739e-241,3325,0.5305642646738925
C5_break_high,C5_high_excursion,0.5702199925001218,4.09054025480511e-286,0.5288854233913132,4.530613972622377e-239,3325,0.5288854233913132
C5_direction,C5_low_excursion,0.380799185718781,3.270473800214435e-115,0.5277683979363641,6.895172903935634e-238,3325,0.5277683979363641
future_break_up,C6_high_excursion,0.4498835434306277,2.031832560362417e-165,0.5184223020469182,3.631057637957209e-228,3325,0.5184223020469182
C7_break_high,C7_low_excursion,0.43309015155249264,4.130028948896622e-152,0.5156644301589904,2.3500798163449143e-225,3325,0.5156644301589904
C7_break_high,C6_return,0.4541102582173715,6.899277854861092e-169,0.5104865984760192,3.796103280129999e-220,3325,0.5104865984760192
C5_direction,C6_return,0.44550684437468724,7.05934627813365e-162,0.5064081995133268,4.157555167736148e-216,3325,0.5064081995133268
C6_break_high,C7_high_excursion,0.45757128629395327,9.150805066870632e-172,0.5054544959154426,3.59377035816873e-215,3325,0.5054544959154426
C6_break_low,C6_return,-0.46794029644958557,1.3792178514265007e-180,-0.5038270825225628,1.403179618218714e-213,3325,0.5038270825225628
C6_break_low,C7_low_excursion,-0.45739636569733033,1.2813842319028089e-171,-0.4973917274865985,2.274561170054427e-207,3325,0.4973917274865985
first_touch,C6_high_excursion,0.4229181217977229,2.0831014732806018e-144,0.4938929447933325,4.7604573992797994e-204,3325,0.4938929447933325
C6_break_high,C6_return,0.44638496834877867,1.3883230553345097e-162,0.491288817127143,1.3313785200343549e-201,3325,0.491288817127143
C6_direction,C6_return,0.4150723047380962,1.2060606540266071e-138,0.48824201654821786,9.121998411483526e-199,3325,0.48824201654821786
first_touch,C7_high_excursion,0.40416100177609393,6.979446615128761e-131,0.4767135708450194,2.7153156888945594e-188,3325,0.4767135708450194
first_touch,C6_low_excursion,0.4100700097268981,4.742556493665167e-135,0.4721331862723943,3.0546285607347906e-184,3325,0.4721331862723943
first_touch,C7_low_excursion,0.4106086223702111,1.958422137658798e-135,0.47027910486991864,1.280367519016062e-182,3325,0.47027910486991864
future_break_down,C5_low_excursion,-0.4019491643825832,2.411635723854737e-129,-0.4650745380217917,4.0582835746793393e-178,3325,0.4650745380217917
first_touch,C6_return,0.41354632352940474,1.5291219968737365e-137,0.4498743988626577,2.066999283906681e-165,3325,0.4498743988626577
C6_break_low,C5_return,-0.4197839967466363,4.356245345924606e-142,-0.4494562134737602,4.527924090025904e-165,3325,0.4494562134737602
C6_break_low,C5_low_excursion,-0.42902086163639497,5.360424507610549e-149,-0.4493234441387465,5.806618431654846e-165,3325,0.4493234441387465
C6_break_low,C6_high_excursion,-0.34837333988842856,1.7250934096106446e-95,-0.43819485556847254,4.4642346570762963e-156,3325,0.43819485556847254
C5_direction,C7_low_excursion,0.36052787526742214,1.2908334668279497e-102,0.4357757846226605,3.449729143550746e-154,3325,0.4357757846226605
C5_direction,C7_high_excursion,0.3398503213244102,1.1187978408134391e-90,0.43510391908112717,1.1466840857297662e-153,3325,0.43510391908112717
C7_break_low,C6_high_excursion,-0.34764103377802585,4.530940908714704e-95,-0.42909988554571715,4.6681751417181135e-149,3325,0.42909988554571715
first_touch,C7_return,0.4041840853138227,6.725166802650098e-131,0.4276974180951423,5.401776559899639e-148,3325,0.4276974180951423
future_break_down,C6_return,-0.38610572107047286,1.1636770170923258e-118,-0.42694744925118444,1.9912251824364805e-147,3325,0.42694744925118444
C6_break_high,C5_high_excursion,0.454179415224535,6.048316845687914e-169,0.42320415909416476,1.2755813524691546e-144,3325,0.42320415909416476
future_break_up,C7_return,0.38934552960497937,8.484579956269752e-121,0.4227920716644254,2.585295577320031e-144,3325,0.4227920716644254
C6_break_high,C7_low_excursion,0.3669562255443615,1.637325947729224e-106,0.4210219607182673,5.3150802396961315e-143,3325,0.4210219607182673
C6_break_high,C6_low_excursion,0.3488026464455854,9.782196815046733e-96,0.4208343077715645,7.315469815956864e-143,3325,0.4208343077715645
future_break_up,C5_high_excursion,0.41879468356834565,2.3251969338487466e-141,0.42068994415769956,9.352131808992147e-143,3325,0.42068994415769956
C6_direction,C7_low_excursion,0.34906472676789685,6.915768703258482e-96,0.41990121477045306,3.570846575126695e-142,3325,0.41990121477045306
future_break_down,C7_return,-0.3888303543873874,1.862468669197072e-120,-0.41861435925002416,3.1533484760875254e-141,3325,0.41861435925002416
C6_break_low,C7_high_excursion,-0.34864437172324303,1.2059078768034387e-95,-0.41444499298424403,3.4318051589904113e-138,3325,0.41444499298424403
first_touch,C5_high_excursion,0.40205640154159494,2.0323099873462582e-129,0.410143230820557,4.205688609559721e-135,3325,0.410143230820557
C5_direction,C7_return,0.37067919625314916,8.24461053319905e-109,0.40956749770270906,1.0807798927250234e-134,3325,0.40956749770270906
C6_direction,C7_high_excursion,0.3202332946480216,3.644201668080308e-80,0.408267220736821,9.047376555764795e-134,3325,0.408267220736821
first_touch,C5_return,0.38393288602690756,3.0600054712925616e-117,0.4053289465251297,1.0634271836231694e-131,3325,0.4053289465251297
future_break_up,C6_return,0.3674348695751065,8.325266160384734e-107,0.4016165246261098,4.0989885059493025e-129,3325,0.4016165246261098
C6_break_high,C7_return,0.3720267416636758,1.1937127799321746e-109,0.3959491260760681,3.1425147154281876e-125,3325,0.3959491260760681
C7_break_high,C6_low_excursion,0.3333978592299015,3.911113472809248e-87,0.39386975584338385,8.009243361053029e-124,3325,0.39386975584338385
C6_break_high,C5_return,0.36231831582289775,1.0827542386380393e-103,0.3897763405934359,4.391557146235929e-121,3325,0.3897763405934359
C6_break_low,C7_return,-0.3680812337820726,3.333793645662653e-107,-0.3838653159043635,3.386140483465735e-117,3325,0.3838653159043635
future_break_down,C7_high_excursion,-0.3137891515571086,7.04673752964518e-77,-0.3813254774406763,1.4976869267554814e-115,3325,0.3813254774406763
future_break_up,C7_low_excursion,0.3195512694471212,8.189870383521453e-80,0.3792762833174707,3.10875170953092e-114,3325,0.3792762833174707
first_touch,C5_low_excursion,0.32071197099086646,2.0617383765084883e-80,0.3694394180443384,4.839361252562795e-108,3325,0.3694394180443384
C6_direction,C7_return,0.3334622609477964,3.608702499277992e-87,0.36846667533198124,1.9296983905151038e-107,3325,0.36846667533198124
future_break_down,C5_return,-0.3311061953842229,6.768201042271403e-86,-0.36383517853188746,1.3098949016853902e-104,3325,0.36383517853188746
C7_direction,C7_return,0.3097704820435192,7.185379891785206e-75,0.3614933032062182,3.3990107905274033e-103,3325,0.3614933032062182
C7_break_low,C5_return,-0.3497599397600156,2.752081197685923e-96,-0.35535919281036643,1.5117683072830488e-99,3325,0.35535919281036643
C5_break_low,C5_return,-0.337116851067335,3.6331611333553086e-89,-0.35117555093759195,4.1847324176093955e-97,3325,0.35117555093759195
C7_break_low,C5_low_excursion,-0.33274451549601575,8.838534851080695e-87,-0.3498325387298584,2.4992705383242393e-96,3325,0.3498325387298584
C5_break_low,C6_low_excursion,-0.3399060612576932,1.0417646675824441e-90,-0.34733939873966424,6.739106476660003e-95,3325,0.34733939873966424
C7_break_high,C5_high_excursion,0.38225231594229864,3.7719019901756067e-116,0.345661489211283,6.084538864303575e-94,3325,0.345661489211283
future_break_down,C6_high_excursion,-0.2794975970733529,1.0013735160820033e-60,-0.3421015146267503,6.19988653646193e-92,3325,0.3421015146267503
C5_break_high,C6_high_excursion,0.35094080890104806,5.722713574761447e-97,0.3420638192417591,6.5088927879734e-92,3325,0.3420638192417591
C5_break_high,C5_return,0.33489536944692033,5.990453386440745e-88,0.34178800619423183,9.289136783981876e-92,3325,0.34178800619423183
C7_break_high,C5_return,0.31291625273530477,1.9360261763796654e-76,0.322401800729526,2.7374752121285383e-81,3325,0.322401800729526
C5_range,C5_low_excursion,-0.38186440019410645,6.721125475189549e-116,-0.31524122078366196,1.3018235690833096e-77,3325,0.31524122078366196
future_break_up,C5_return,0.30223168942600737,3.46963808088218e-71,0.3131804090702526,1.4263981910693052e-76,3325,0.3131804090702526
future_break_up,C6_low_excursion,0.2646094875610514,2.1733586952782998e-54,0.3095632021577846,9.103258872055637e-75,3325,0.3095632021577846
C5_break_high,C6_low_excursion,0.22683329628910168,4.635380111971668e-40,0.2648522265007285,1.7258744814759824e-54,3325,0.2648522265007285
C6_direction,C6_high_excursion,0.21876449026403322,2.579829650763883e-37,0.26281521256770685,1.1856717764009458e-53,3325,0.26281521256770685
C5_break_high,C7_high_excursion,0.2583408197933469,7.701302329228487e-52,0.25785299448408894,1.2079485630039144e-51,3325,0.25785299448408894
C5_break_low,C6_high_excursion,-0.2267719916519837,4.868053414610455e-40,-0.25686653698978407,2.9927349997983213e-51,3325,0.25686653698978407
C6_direction,C6_low_excursion,0.22059052920240013,6.306109470781789e-38,0.2502780045611636,1.1587952512872621e-48,3325,0.2502780045611636
C5_break_high,C6_return,0.24951681260169828,2.280973240347438e-48,0.24726921085244336,1.6622393461183772e-47,3325,0.24726921085244336
C6_range,C6_low_excursion,-0.280520748786681,3.551341769679691e-61,-0.24686332354752408,2.374270530222565e-47,3325,0.24686332354752408
C5_break_low,C7_low_excursion,-0.24309404002848103,6.307259297886076e-46,-0.24392901887654828,3.0650386136531288e-46,3325,0.24392901887654828
C5_break_low,C6_return,-0.23257635401662624,4.4202769133093555e-42,-0.23104521797966368,1.547397430143152e-41,3325,0.23104521797966368
C6_break_low,C5_high_excursion,-0.18543425809243083,4.1741194598195204e-27,-0.22647840476096845,6.15360347405106e-40,3325,0.22647840476096845
C5_range,C5_high_excursion,0.3420391787117323,6.719134825406129e-92,0.2179995501062558,4.637089080920924e-37,3325,0.2179995501062558
C7_range,C7_low_excursion,-0.22934960571390628,6.131808323550171e-41,-0.2139182483023985,1.0199396878296953e-35,3325,0.2139182483023985
C5_break_high,C7_low_excursion,0.19814091371108308,8.726095608583937e-31,0.20569276508407183,4.2720923509051336e-33,3325,0.20569276508407183
C6_break_high,C5_low_excursion,0.1611415217843825,8.80286748373676e-21,0.202426192582395,4.3779518953909034e-32,3325,0.202426192582395
C5_break_high,C5_low_excursion,0.14452129768850425,5.552042612126778e-17,0.1967458474698874,2.277623876642834e-30,3325,0.1967458474698874
C5_break_high,C7_return,0.2058397927048955,3.843650326485611e-33,0.19653677893878682,2.628172040348322e-30,3325,0.19653677893878682
future_break_down,C5_high_excursion,-0.16412371932056866,1.651497679166939e-21,-0.19408826566675472,1.3884944637946615e-29,3325,0.19408826566675472
C5_break_low,C5_high_excursion,-0.13791229755725318,1.375738359874311e-15,-0.18799996389753695,7.913319708730305e-28,3325,0.18799996389753695
C7_break_low,C5_high_excursion,-0.16447583169915353,1.352573692875859e-21,-0.1836240035486098,1.3299266830158856e-26,3325,0.1836240035486098
C5_break_low,C7_high_excursion,-0.17815884972061885,4.089797210645042e-25,-0.17941692690031028,1.8766068024389288e-25,3325,0.17941692690031028
window_range,C5_high_excursion,-0.17141740244313253,2.4113587131583146e-23,-0.17925952729050112,2.069371980511086e-25,3325,0.17925952729050112
C7_direction,C7_high_excursion,0.13937931296152944,6.835790573225015e-16,0.17447663592718018,3.869254320280408e-24,3325,0.17447663592718018
C5_break_low,C7_return,-0.17891222689951125,2.5668440165083704e-25,-0.1734596043649256,7.13554335630089e-24,3325,0.1734596043649256
future_break_up,C5_low_excursion,0.1392362405604114,7.320739148653601e-16,0.1661566837533332,5.182695259426448e-22,3325,0.1661566837533332
C7_break_high,C5_low_excursion,0.13136865080176788,2.8442539545963117e-14,0.1639880431817552,1.78336617524377e-21,3325,0.1639880431817552
C7_direction,C7_low_excursion,0.1420047670280969,1.9189897500521956e-16,0.16015211488979347,1.522999623861576e-20,3325,0.16015211488979347
H4_1_range,C5_high_excursion,-0.15129895989433872,1.761729778405862e-18,-0.15986302496767454,1.7863916010644405e-20,3325,0.15986302496767454
C6_range,C5_low_excursion,-0.10276860786598319,2.860148220291561e-09,-0.14748567296495327,1.2521276750510925e-17,3325,0.14748567296495327
window_range,C6_high_excursion,-0.12140751627525163,2.155079989508262e-12,-0.14565111454867066,3.1587147555490825e-17,3325,0.14565111454867066
C6_range,C6_high_excursion,0.2374130984294391,7.950734393444448e-44,0.14505803894818536,4.2494222769931234e-17,3325,0.14505803894818536
window_range,C7_high_excursion,-0.10852351085007295,3.5199045015696417e-10,-0.1440612838610333,6.976344496144152e-17,3325,0.1440612838610333
H4_1_range,C6_high_excursion,-0.10795024738036879,4.3584567501434085e-10,-0.13959397284183048,6.166955910093742e-16,3325,0.13959397284183048
H4_1_range,C7_high_excursion,-0.09779710988949618,1.598092717686159e-08,-0.138577780997862,1.002649365927089e-15,3325,0.138577780997862
window_range,C5_low_excursion,0.1503077797510541,2.9475190949695294e-18,0.13505194446218916,5.265638628546258e-15,3325,0.13505194446218916
H4_1_body,C5_high_excursion,-0.1295767017881378,6.353217508607232e-14,-0.13477311755840107,5.992599630438137e-15,3325,0.13477311755840107
C1_range,C5_high_excursion,-0.12467445455229764,5.411631981141044e-13,-0.12979740837410098,5.757912969736654e-14,3325,0.12979740837410098
C4_vs_avg_range,C5_high_excursion,0.046527537352397924,0.00728879907072178,0.12884071764225458,8.809548331198657e-14,3325,0.12884071764225458
C7_range,C7_high_excursion,0.2043744920463569,1.0979551205492515e-32,0.12581479086360897,3.312185913050582e-13,3325,0.12581479086360897
C2_range,C5_high_excursion,-0.12570466321591217,3.473682841453996e-13,-0.11941123519482404,4.9248081083820425e-12,3325,0.11941123519482404
C2_range,C7_high_excursion,-0.08313223791766636,1.5854947901361718e-06,-0.11709088374777388,1.265245875059605e-11,3325,0.11709088374777388
C1_range,C6_high_excursion,-0.0883206040014613,3.3809592394932416e-07,-0.11619942084919918,1.809247460635897e-11,3325,0.11619942084919918
C1_range,C7_high_excursion,-0.07902080531828783,5.067265307374692e-06,-0.11583337439289772,2.093805123289144e-11,3325,0.11583337439289772
C2_range,C6_high_excursion,-0.09107124503529254,1.4375506198761412e-07,-0.11506010847402923,2.8464216186144875e-11,3325,0.11506010847402923
C3_range,C5_high_excursion,-0.11849840263574055,7.154006592809556e-12,-0.1077105068910014,4.764312573768505e-10,3325,0.1077105068910014
C3_range,C7_high_excursion,-0.07565747127251171,1.258250293285991e-05,-0.10605195766478796,8.77416909988643e-10,3325,0.10605195766478796
C4_vs_avg_range,C5_low_excursion,-0.033786791789554335,0.05140717902759208,-0.1029171102787607,2.71341836059551e-09,3325,0.1029171102787607
C4_C3_range_ratio,C5_high_excursion,-0.0004949863788052209,0.9772381837212273,0.10267788554214456,2.953557755651584e-09,3325,0.10267788554214456
C1_body,C5_high_excursion,-0.10458134440532438,1.4962442988373715e-09,-0.0998422472107532,7.953509754671777e-09,3325,0.0998422472107532
C3_body,C5_high_excursion,-0.1079697477571121,4.326969648387835e-10,-0.09932466237768064,9.50223641348552e-09,3325,0.09932466237768064
C2_body,C5_high_excursion,-0.10528781009673549,1.1588940177850846e-09,-0.09860192476880737,1.2163803226443486e-08,3325,0.09860192476880737
H4_1_body,C6_high_excursion,-0.08598779916091642,6.847734733726121e-07,-0.09702260249296589,2.0738917734851776e-08,3325,0.09702260249296589
C7_range,C6_low_excursion,-0.08040017463247462,3.452652255247362e-06,-0.09696847820254774,2.111850751330889e-08,3325,0.09696847820254774
window_range,C6_low_excursion,0.11751848962289733,1.0647689167121794e-11,0.09643576945235269,2.5232868808983578e-08,3325,0.09643576945235269
C3_range,C6_high_excursion,-0.07802200951390753,6.664102154147688e-06,-0.0952492772448521,3.738264860260853e-08,3325,0.0952492772448521
range_trend,C5_high_excursion,0.05692873693919673,0.0010230852602476374,0.0917838683148693,1.1471691346981378e-07,3325,0.0917838683148693
H4_1_range,C5_low_excursion,0.11805265245966134,8.576044136053876e-12,0.09149548424804821,1.257106844565996e-07,3325,0.09149548424804821
H4_2_range,C7_high_excursion,-0.07669703888834145,9.536405892891305e-06,-0.0914891689060389,1.2596248693743184e-07,3325,0.0914891689060389
C3_body,C7_high_excursion,-0.06594734368290081,0.00014156241201885187,-0.09045994750577535,1.742223995881284e-07,3325,0.09045994750577535
H4_1_body,C7_high_excursion,-0.07728262899844385,8.145200410389428e-06,-0.09018787878272051,1.897082143922428e-07,3325,0.09018787878272051
C2_trades,C7_high_excursion,-0.04938656463980548,0.00439347437795826,-0.08878009474850793,2.9359575008577974e-07,3325,0.08878009474850793
C3_body,C6_high_excursion,-0.07204568236128639,3.207667572699549e-05,-0.08828136252671111,3.421844210673262e-07,3325,0.08828136252671111
H4_1_body,C5_low_excursion,0.1064939941466247,7.463044196477954e-10,0.08747313866904693,4.378125834222867e-07,3325,0.08747313866904693
H4_2_range,C6_high_excursion,-0.08456889953657606,1.042736560860476e-06,-0.08557240935615014,7.750137833566985e-07,3325,0.08557240935615014
H4_2_range,C5_high_excursion,-0.10583302281505998,9.504168143070653e-10,-0.08499049177566963,9.20896867670543e-07,3325,0.08499049177566963
C3_trades,C7_high_excursion,-0.043687440457014476,0.011755625412536025,-0.08493175629325424,9.37010165901753e-07,3325,0.08493175629325424
C4_trades,C5_low_excursion,-0.034726224301413935,0.045256482641886905,-0.08454757452508092,1.0492946541927463e-06,3325,0.08454757452508092
C6_range,C5_high_excursion,0.11127858717861934,1.2411291748508197e-10,0.08413435349994068,1.1844893455643453e-06,3325,0.08413435349994068
H4_1_trades,C7_high_excursion,-0.05366046910176776,0.001966270095403428,-0.08359540536758762,1.3861612178276575e-06,3325,0.08359540536758762
C2_body,C6_high_excursion,-0.07272983395408966,2.695325847225394e-05,-0.08296260884099758,1.665170741004958e-06,3325,0.08296260884099758
C4_break_C3_low,C5_high_excursion,0.04221920078192387,0.014906282103682533,0.08183780891726618,2.299442002214397e-06,3325,0.08183780891726618
C7_range,C5_low_excursion,-0.04164625392522993,0.016324480115235313,-0.0803725278946731,3.4795165418465447e-06,3325,0.0803725278946731
H4_2_close_location,C5_high_excursion,-0.008257469768690365,0.6340900408951569,-0.08003362832209462,3.825540447521018e-06,3325,0.08003362832209462
C6_range,C7_low_excursion,-0.0897002404440409,2.2085376949935372e-07,-0.07935710994497411,4.617407606879035e-06,3325,0.07935710994497411
H4_2_body,C6_high_excursion,-0.0723288269764927,2.985314396546134e-05,-0.07880010167043347,5.3849720469514295e-06,3325,0.07880010167043347
H4_range_ratio,C5_high_excursion,0.00922065374624745,0.5950721940725161,0.07872770881184772,5.4932719946234495e-06,3325,0.07872770881184772
C1_body,C7_high_excursion,-0.06559063097700818,0.00015383590460396176,-0.07869670494624456,5.540288562409991e-06,3325,0.07869670494624456
H4_return_change,C7_return,-0.04032101609252774,0.020066908352025792,-0.07865192540532472,5.60887581555908e-06,3325,0.07865192540532472
H4_2_return,C7_return,-0.039562493713321385,0.02252951766174986,-0.07842895997450286,5.962653125467084e-06,3325,0.07842895997450286
C2_trades,C6_high_excursion,-0.04908451663909642,0.004640366544413332,-0.07782502542896495,7.03134072314957e-06,3325,0.07782502542896495
H4_return_change,C6_return,-0.037825438885690114,0.02917738193923234,-0.07763559563091568,7.402688898248355e-06,3325,0.07763559563091568
C1_trades,C7_high_excursion,-0.04753445606270433,0.0061161314069891745,-0.07734329388272707,8.012711835419418e-06,3325,0.07734329388272707
C7_direction,C6_return,-0.07953988839170845,4.389220168871023e-06,-0.07720024272476829,8.32848220540067e-06,3325,0.07720024272476829
H4_1_trades,C6_high_excursion,-0.0485804112638301,0.005080510561758722,-0.07551907276931803,1.3052049500905443e-05,3325,0.07551907276931803
C4_volume,C5_low_excursion,-0.015367957441777878,0.3756828596820738,-0.07518145317413336,1.4268608137342848e-05,3325,0.07518145317413336
C4_trades_ratio,C5_high_excursion,-0.0030686829498528675,0.8596004697809626,0.0749839609482248,1.502957274240864e-05,3325,0.0749839609482248
H4_2_return,C6_return,-0.03551538711271585,0.04058027731989856,-0.07491987535774812,1.528470671336083e-05,3325,0.07491987535774812
C4_C3_range_ratio,C5_low_excursion,-0.0343476272135229,0.04765630767233104,-0.07463019176869744,1.6490363533015925e-05,3325,0.07463019176869744
H4_2_close_location,C5_return,-0.03413883137665697,0.04902495304887079,-0.07344123017608235,2.2455706612135473e-05,3325,0.07344123017608235
H4_2_body,C7_high_excursion,-0.06290594193765808,0.00028389967525794494,-0.07337676761549489,2.2831808536846676e-05,3325,0.07337676761549489
H4_2_close_location,C7_return,-0.04386326010628759,0.011421041052033301,-0.0732172712224253,2.378830142421251e-05,3325,0.0732172712224253
H4_2_trades,C7_high_excursion,-0.042573285895203955,0.014085110799771481,-0.07305802188091373,2.4781254963961404e-05,3325,0.07305802188091373
C4_close_location,C5_high_excursion,-0.010113243742989901,0.5599244564101553,-0.07271994398865424,2.702144047124556e-05,3325,0.07271994398865424
C4_close_position,C5_high_excursion,0.0041604082881594225,0.8104762526928473,-0.07254929414311219,2.8224044900174568e-05,3325,0.07254929414311219
C2_body,C7_high_excursion,-0.06362293354221771,0.00024158696361074273,-0.07231936256047299,2.992504151993375e-05,3325,0.07231936256047299
C4_close_location,C5_return,-0.03498970669610356,0.043647113711189116,-0.07185819209983234,3.363463757741967e-05,3325,0.07185819209983234
C3_C4_return,C7_return,-0.037025197669462044,0.032768667481887365,-0.07141933524676279,3.756697764295712e-05,3325,0.07141933524676279
C7_direction,C6_low_excursion,-0.059146156191933155,0.0006443166075948994,-0.07138152296970374,3.792547502330315e-05,3325,0.07138152296970374
H4_1_lower_wick,C6_high_excursion,-0.06067223058040257,0.0004644891301693559,-0.07092156440017451,4.2554502414863896e-05,3325,0.07092156440017451
C1_trades,C6_high_excursion,-0.03866101768672614,0.0257940699098138,-0.0707722552702063,4.4168967448235226e-05,3325,0.0707722552702063
C4_close_position,C5_return,-0.02827343389867157,0.10309334702874527,-0.07030349054115674,4.962340963115575e-05,3325,0.07030349054115674
H4_2_upper_wick_ratio,C5_high_excursion,0.026445036015904862,0.12736178993979153,0.07023375788414996,5.0487393158106677e-05,3325,0.07023375788414996
H4_2_range,C6_low_excursion,0.09650809654939992,2.46317361398729e-08,0.0699929659899988,5.358165042319146e-05,3325,0.0699929659899988
H4_2_body,C5_high_excursion,-0.08589767158604061,7.034492294029666e-07,-0.06970470944874665,5.752211219802037e-05,3325,0.06970470944874665
H4_1_lower_wick,C7_high_excursion,-0.057302456540054905,0.0009474124773759838,-0.06955850261775932,5.962412700860468e-05,3325,0.06955850261775932
C3_range,C5_low_excursion,0.1024745236637163,3.1738590608080185e-09,0.06876536897407697,7.235328371222455e-05,3325,0.06876536897407697
all_bearish,C5_return,0.041397755066088775,0.016975554225352858,0.0687336252273646,7.291273122764737e-05,3325,0.0687336252273646
C1_body,C6_high_excursion,-0.06883306461887526,7.117375146829749e-05,-0.06856548037218929,7.594493852640125e-05,3325,0.06856548037218929
C4_close_position,C7_return,-0.031990182821269905,0.06512160981333709,-0.0684242990475857,7.85825673881165e-05,3325,0.0684242990475857
C4_close,C7_return,-0.0566303192151162,0.001087484460469302,-0.0681231572092951,8.450070715492295e-05,3325,0.0681231572092951
H4_2_close,C7_return,-0.0566303192151162,0.001087484460469302,-0.0681231572092951,8.450070715492295e-05,3325,0.0681231572092951
all_bearish,C7_return,0.04131374234453765,0.01720076500612156,0.06759460265117621,9.591850137745375e-05,3325,0.06759460265117621
C4_low,C7_return,-0.05657030406552375,0.001100880214988993,-0.06737618308632035,0.00010104952332174222,3325,0.06737618308632035
H4_2_close_location,C6_return,-0.032694999584092846,0.05941894199394626,-0.06702198627736662,0.00010992430255270946,3325,0.06702198627736662
C4_close_position,C6_return,-0.02837984523057517,0.10180277327026649,-0.06688090964046702,0.00011365975743570777,3325,0.06688090964046702
H4_2_low,C7_return,-0.05657026896948705,0.0011008880930720893,-0.06655410342709878,0.0001227778310782835,3325,0.06655410342709878
C4_vs_avg_range,C6_high_excursion,0.010071415500288011,0.5615488301442186,0.06626826434868632,0.00013131378790079185,3325,0.06626826434868632
C4_return,C5_high_excursion,-0.009987115312389494,0.5648294798413348,-0.06600934046268848,0.00013952564423580678,3325,0.06600934046268848
C4_inside_C3,C5_high_excursion,-0.04778239098027748,0.005854786291219345,-0.06596437781680611,0.00014100002168029144,3325,0.06596437781680611
H4_1_volume,C7_high_excursion,-0.014887855942559055,0.39078180378454874,-0.06580720984259093,0.00014626980222908623,3325,0.06580720984259093
C3_C4_return,C5_high_excursion,-0.007609167301406102,0.6609460617750502,-0.06540609161247667,0.0001605717479583387,3325,0.06540609161247667
H4_2_trades,C5_low_excursion,-0.01597520782154948,0.3571090011613018,-0.06533287713887677,0.000163320223567777,3325,0.06533287713887677
window_low,C7_return,-0.05663832440878508,0.001085709086240649,-0.06530363985689432,0.00016443010559582171,3325,0.06530363985689432
C1_upper_wick,C6_high_excursion,-0.0558809734531705,0.0012660713659099158,-0.06486151210620233,0.0001821026629502885,3325,0.06486151210620233
C4_high,C7_return,-0.05480047475531047,0.0015715466727886252,-0.06455076215861202,0.00019557571051451164,3325,0.06455076215861202
window_range,C7_low_excursion,0.09361705356637362,6.370648911565552e-08,0.06443037886697041,0.0002010424098318331,3325,0.06443037886697041
C4_return,C7_return,-0.03567518873120991,0.03968497506137535,-0.06429112875943131,0.0002075447722652983,3325,0.06429112875943131
C4_trades_ratio,C5_low_excursion,-0.0008907072288268633,0.9590534929703858,-0.06394779652652192,0.0002244302970571009,3325,0.06394779652652192
H4_2_lower_wick,C5_high_excursion,-0.07477766667362361,1.586568098725638e-05,-0.06357662734859534,0.00024413034366257418,3325,0.06357662734859534
C4_open,C7_return,-0.05479767997413944,0.0015724180476091058,-0.06356149929056942,0.0002449666826379934,3325,0.06356149929056942
C2_volume,C7_high_excursion,-0.012322008186210997,0.4775296165927938,-0.06338144547624454,0.00025512923053636706,3325,0.06338144547624454
C3_low,C7_return,-0.055160024362798786,0.0014630789695615032,-0.06333282661416702,0.0002579403686049966,3325,0.06333282661416702
C3_close,C7_return,-0.05474896894351216,0.0015876770752196927,-0.06308695288896574,0.0002726068641075386,3325,0.06308695288896574
H4_2_range,C5_low_excursion,0.10089732203504553,5.5188704556233315e-09,0.06280036008329763,0.00029068744674334753,3325,0.06280036008329763
all_bearish,C6_return,0.034618141081099035,0.04593097709622841,0.06264030062574023,0.0003012679230947906,3325,0.06264030062574023
C2_range,C5_low_excursion,0.09869274320637933,1.1793286133991191e-08,0.062484991520496046,0.00031187808670489107,3325,0.062484991520496046
C4_close_below_C3_low,C5_high_excursion,0.007457236532059172,0.6673051024129695,0.06243201146852341,0.0003155767807169581,3325,0.06243201146852341
C3_trades,C6_high_excursion,-0.03903382244506513,0.024397481996243076,-0.062297273313901266,0.0003251690092632097,3325,0.062297273313901266
all_bearish,C5_low_excursion,0.04562768834669349,0.008503338238687276,0.06194932467973362,0.0003512166381195403,3325,0.06194932467973362
C4_volume_ratio,C5_low_excursion,-0.003616084473256968,0.8348886417821859,-0.06182608526607357,0.0003609011413738374,3325,0.06182608526607357
C3_C4_return,C6_return,-0.03069916905513757,0.07673514008691631,-0.06179126369203685,0.0003636824106989558,3325,0.06179126369203685
C4_body_vs_C3_body,C5_high_excursion,0.0024293024584614445,0.8886379078305038,0.06157655619531849,0.00038127894120810107,3325,0.06157655619531849
C1_lower_wick,C7_high_excursion,-0.04990092223775415,0.004000292380915723,-0.061542310033236916,0.0003841580980518652,3325,0.061542310033236916
H4_1_upper_wick,C7_high_excursion,-0.05187601569374743,0.002769684177678565,-0.06146038925354156,0.00039112798224697783,3325,0.06146038925354156
H4_2_high,C7_return,-0.05324701061507593,0.002130597748229817,-0.06136694831093955,0.0003992221380529232,3325,0.06136694831093955
C3_high,C7_return,-0.05339547186884677,0.0020701963441483538,-0.06080478241072579,0.00045131495634134316,3325,0.06080478241072579
C2_lower_wick,C7_high_excursion,-0.05292604993669832,0.0022667385549547943,-0.06068903646795962,0.00046279918156000066,3325,0.06068903646795962
H4_2_open,C7_return,-0.05376058485211521,0.00192826894503132,-0.06039810405822808,0.000492879850410734,3325,0.06039810405822808
C3_open,C7_return,-0.05376058485211521,0.00192826894503132,-0.06039810405822808,0.000492879850410734,3325,0.06039810405822808
C1_close,C7_return,-0.0533631120344087,0.0020832265097896745,-0.06035651363363996,0.0004973260005603809,3325,0.06035651363363996
C2_low,C7_return,-0.053605828179744464,0.0019872989636489195,-0.06035082351001271,0.0004979371917601991,3325,0.06035082351001271
H4_return_change,C5_return,-0.03047307376932537,0.07893307540647608,-0.0603488760454713,0.0004981465348122468,3325,0.0603488760454713
C4_range,C7_high_excursion,-0.05741461330224351,0.0009257343027943571,-0.06033725531320952,0.0004993974135287342,3325,0.06033725531320952
C2_close,C7_return,-0.05369717766741572,0.001952257467601976,-0.060175446979141296,0.0005171217134163092,3325,0.060175446979141296
H4_1_close,C7_return,-0.05369717766741572,0.001952257467601976,-0.060175446979141296,0.0005171217134163092,3325,0.060175446979141296
window_high,C7_return,-0.05244173389341279,0.0024872989363340504,-0.06013212375330467,0.0005219657927124937,3325,0.06013212375330467
C2_open,C7_return,-0.05323282014816385,0.0021364549047178617,-0.06010738210620984,0.0005247511488426499,3325,0.06010738210620984
H4_1_lower_wick_ratio,C5_low_excursion,-0.035020259198471744,0.0434636617793285,-0.060030258868853846,0.0005335225992705973,3325,0.060030258868853846
H4_1_body_ratio,C5_high_excursion,-0.06235485651224384,0.0003210366656423023,-0.05987354805688356,0.0005517680019244515,3325,0.05987354805688356
C4_break_C3_low,C7_high_excursion,0.03447540622548696,0.04683466657274265,0.05978827001847924,0.0005619391379945229,3325,0.05978827001847924
C1_high,C7_return,-0.05301861948580782,0.00222667811835172,-0.05976409367932909,0.0005648542536271106,3325,0.05976409367932909
H4_1_low,C7_return,-0.05383068999804456,0.0019020615374729327,-0.05971588096440177,0.0005707096825380192,3325,0.05971588096440177
C2_high,C7_return,-0.05299162906096003,0.002238291008156167,-0.05956151170255555,0.0005898400486048409,3325,0.05956151170255555
H4_1_high,C7_return,-0.05286073327478426,0.0022954009949795375,-0.05951614452720931,0.0005955746553965821,3325,0.05951614452720931
C1_low,C7_return,-0.05353054353492781,0.0020166107486012303,-0.05942855739631151,0.0006067930700795824,3325,0.05942855739631151
window_high,C7_high_excursion,-0.052143327220585504,0.0026327923784755115,-0.059389793449016154,0.0006118205514793852,3325,0.059389793449016154
H4_return_change,C5_high_excursion,-0.008277293464483417,0.6332761514027879,-0.05930737823395909,0.0006226383938678415,3325,0.05930737823395909
all_bearish,C6_low_excursion,0.03951961092631926,0.02267626345680154,0.059229093813532044,0.0006330785150853556,3325,0.059229093813532044
H4_1_open,C7_return,-0.05363596203196702,0.001975676399434447,-0.059131010092350805,0.0006463888331251472,3325,0.059131010092350805
C1_open,C7_return,-0.05363596203196702,0.001975676399434447,-0.059131010092350805,0.0006463888331251472,3325,0.059131010092350805
C1_volume,C7_high_excursion,-0.0145432059022487,0.40184473169386387,-0.05888914168920044,0.0006803310389765532,3325,0.05888914168920044
H4_2_body,C5_low_excursion,0.07718907550190293,8.353626696606156e-06,0.05886464819498524,0.0006838591021064631,3325,0.05886464819498524
C4_vs_avg_range,C7_high_excursion,0.017984985524357244,0.2998482983909181,0.05855804343785872,0.000729484902485807,3325,0.05855804343785872
C4_return,C5_return,-0.034190841868122386,0.048680979742220604,-0.05850997471268728,0.0007368891676172529,3325,0.05850997471268728
C1_volume,C6_high_excursion,-0.012248882319768919,0.4801471430690411,-0.05849426243477014,0.0007393244987729885,3325,0.05849426243477014
H4_1_trades,C5_high_excursion,-0.05438170247907914,0.0017071861463759002,-0.058260659047650536,0.0007764245902811854,3325,0.058260659047650536
C2_lower_wick,C6_high_excursion,-0.058039948426055483,0.000813057295349655,-0.058142289424446214,0.0007958762401089521,3325,0.058142289424446214
C4_close_location,C7_return,-0.0364116327278448,0.03577250612881662,-0.05762370058094381,0.0008865426878765684,3325,0.05762370058094381
C1_body,C5_low_excursion,0.07857301581134159,5.7317206993367146e-06,0.05731286726002255,0.0009453806297159046,3325,0.05731286726002255
H4_2_upper_wick_ratio,C6_high_excursion,0.03153269153098558,0.06905922932138464,0.05717618977814031,0.0009723798354319662,3325,0.05717618977814031
C4_break_C3_low,C6_return,0.020591226623271786,0.23521679544983348,0.05715966161159779,0.0009756927390560641,3325,0.05715966161159779
C4_body,C7_high_excursion,-0.05295271532005193,0.002255131680219724,-0.05713048016626137,0.0009815673824158093,3325,0.05713048016626137
H4_2_high,C7_high_excursion,-0.050019232133892234,0.003914497267049204,-0.057008995151311595,0.0010063776151260663,3325,0.057008995151311595
C7_range,C6_high_excursion,0.08873006959877851,2.9815160034878634e-07,0.056897380339078756,0.0010296823078747132,3325,0.056897380339078756
C4_high,C7_high_excursion,-0.049156872578186,0.004580105784670678,-0.056864805340803994,0.0010365773480599811,3325,0.056864805340803994
H4_return_change,C7_high_excursion,-0.01265474640236756,0.46571842686415155,-0.0567022278059825,0.0010716325076475092,3325,0.0567022278059825
C1_range,C7_return,0.0063071822834663595,0.7161890364260687,-0.056638307043665605,0.0010857129345369807,3325,0.056638307043665605
C2_body,C5_low_excursion,0.08419414410190379,1.1639395702134317e-06,0.056593373934179486,0.0010957129323511722,3325,0.056593373934179486
H4_2_close,C7_high_excursion,-0.04795756507114215,0.005676249701137604,-0.056554488099807114,0.0011044357434137927,3325,0.056554488099807114
C4_close,C7_high_excursion,-0.04795756507114215,0.005676249701137604,-0.056554488099807114,0.0011044357434137927,3325,0.056554488099807114
H4_1_lower_wick,C5_high_excursion,-0.0782479920757166,6.265389173381111e-06,-0.05649897358217903,0.0011169999370339633,3325,0.05649897358217903
H4_2_return,C5_return,-0.02972863891757388,0.08653401712503594,-0.05633842377562832,0.0011540832347844534,3325,0.05633842377562832
C4_range,C6_high_excursion,-0.06174072556120003,0.00036775464517372583,-0.05615952498881,0.0011967425040406467,3325,0.05615952498881
C1_trades,C5_high_excursion,-0.04472210949497919,0.009905140081347595,-0.056145686120944005,0.00120010238973809,3325,0.056145686120944005
C7_direction,C5_return,-0.05399886155963363,0.0018405214695999409,-0.056034963582811785,0.0012272995784414857,3325,0.056034963582811785
H4_1_volume,C6_high_excursion,-0.014470739994089977,0.40419449125295526,-0.05585307873694433,0.0012732144973961398,3325,0.05585307873694433
all_bullish,C7_high_excursion,-0.035942830707941284,0.03822302461073939,-0.05576091382030896,0.0012970808584098694,3325,0.05576091382030896
H4_2_return,C7_high_excursion,-0.01091285055463826,0.5293177741603894,-0.05557987387415198,0.0013451675048673898,3325,0.05557987387415198
C1_lower_wick,C6_high_excursion,-0.05020563747157016,0.0037827061035973684,-0.05552175797114302,0.0013609490402530751,3325,0.05552175797114302
H4_1_high,C7_high_excursion,-0.05027315681026508,0.00373597225796317,-0.055363696080900554,0.0014047387323818448,3325,0.055363696080900554
C7_range,C5_high_excursion,0.0405727624735021,0.01930320048113986,0.05535393987650606,0.0014074836990498837,3325,0.05535393987650606
C6_direction,C5_return,-0.05604202396868731,0.0012255484669993686,-0.055002579690019676,0.0015096984716156151,3325,0.055002579690019676
C4_trades,C7_high_excursion,-0.033207351543402805,0.055538770909597114,-0.054992953772868634,0.001512592612514354,3325,0.054992953772868634
C3_high,C7_high_excursion,-0.04925383132184136,0.004500465684401425,-0.05498334127243729,0.0015154878166722093,3325,0.05498334127243729
window_low,C7_low_excursion,-0.06247262929911753,0.00031273748335738694,-0.05483644216561506,0.0015603721144264659,3325,0.05483644216561506
C4_return,C6_return,-0.03151696783656888,0.0691979640560339,-0.05478466903748659,0.0015764805375244218,3325,0.05478466903748659
H4_2_close_location,C6_high_excursion,-0.004263471671530394,0.8058738692996562,-0.05456763880303795,0.0016456853865745272,3325,0.05456763880303795
C3_C4_return,C5_return,-0.03175895227714022,0.06708803416283594,-0.05433583843578314,0.0017226776872687362,3325,0.05433583843578314
C2_upper_wick,C7_high_excursion,-0.04844598344244405,0.005204085333907882,-0.05415031804516044,0.001786668644382762,3325,0.05415031804516044
H4_2_return,C5_high_excursion,-0.006170754089167527,0.7220707620443992,-0.053886688725212344,0.0018813628803273183,3325,0.053886688725212344
C4_open,C7_high_excursion,-0.04772961765477142,0.005909555738544077,-0.05388353483633284,0.0018825231255822732,3325,0.05388353483633284
H4_2_range,C7_low_excursion,0.07917733968919505,4.8528923208391156e-06,0.05374288831765931,0.0019349366243384082,3325,0.05374288831765931
C2_high,C7_high_excursion,-0.04902535503863321,0.004690170804378902,-0.05371731680634084,0.0019446088130789078,3325,0.05371731680634084
C4_break_C3_low,C6_high_excursion,0.012285863842184162,0.4788224203014921,0.053631163018681684,0.001977523183818747,3325,0.053631163018681684
C7_direction,C5_low_excursion,-0.053048475891387434,0.0022138964206761713,-0.05357866547873903,0.001997829282654773,3325,0.05357866547873903
C4_low,C7_high_excursion,-0.0461645700029596,0.007758620207686537,-0.053544256742718954,0.0020112422013197173,3325,0.053544256742718954
C5_range,C6_low_excursion,-0.08814175743520229,3.571198948339281e-07,-0.05352755083483475,0.002017784098716159,3325,0.05352755083483475
all_bullish,C7_return,-0.03475171867869559,0.045098606921500195,-0.05349658458224112,0.002029961875605656,3325,0.05349658458224112
C3_close,C7_high_excursion,-0.047670347206410585,0.005971618002889005,-0.05341917030744225,0.002060701267585247,3325,0.05341917030744225
C4_volume_ratio,C5_high_excursion,-0.002623148116220387,0.8798167784684426,0.053332737619503974,0.0020955255889242618,3325,0.053332737619503974
C1_high,C7_high_excursion,-0.04875753800665259,0.004921733683578439,-0.053218010501044875,0.002142583363882879,3325,0.053218010501044875
H4_2_low,C7_low_excursion,-0.0607580881556994,0.00045591555860718496,-0.05321161269391612,0.0021452358546566286,3325,0.05321161269391612
range_trend,C5_low_excursion,-0.025764141464582165,0.13745886317448305,-0.05321099968353783,0.0021454901628454336,3325,0.05321099968353783
C1_upper_wick,C7_high_excursion,-0.039029654260346755,0.024412727183043326,-0.05310529325557704,0.002189758062085447,3325,0.05310529325557704
H4_1_body_ratio,C5_low_excursion,0.03468169981159561,0.0455333204900361,0.05272812795773077,0.002354614438220592,3325,0.05272812795773077
C4_low,C7_low_excursion,-0.05970698558327113,0.0005717961800015831,-0.052346717577932245,0.0025328077506880887,3325,0.052346717577932245
C3_volume,C7_high_excursion,-0.014197168775388416,0.41313903173903577,-0.052332782015436584,0.0025395459415241627,3325,0.052332782015436584
H4_1_range,C7_return,0.009407834980383459,0.5876185693172575,-0.05221770311253496,0.0025958190403935237,3325,0.05221770311253496
C1_upper_wick,C5_high_excursion,-0.06613705046448545,0.00013541665301287134,-0.05204354686447727,0.0026831504968682467,3325,0.05204354686447727
H4_2_close_location,C6_low_excursion,-0.012156080263372528,0.48348020104335937,-0.051989702083790404,0.0027106894408948437,3325,0.051989702083790404
H4_2_upper_wick,C5_low_excursion,0.060363781026047385,0.0004965464075046155,0.05180129497345257,0.0028090945918987716,3325,0.05180129497345257
C3_upper_wick,C7_high_excursion,-0.033444378416080375,0.05381642710287918,-0.051777967587992156,0.0028215027434095362,3325,0.051777967587992156
C4_close_above_C3_high,C7_return,-0.03177201076137884,0.0669756956583855,-0.05167892465408672,0.002874744058444705,3325,0.05167892465408672
H4_2_close,C7_low_excursion,-0.0583483066562726,0.0007623067482669323,-0.051630052716120665,0.0029013519160998842,3325,0.051630052716120665
C4_close,C7_low_excursion,-0.0583483066562726,0.0007623067482669323,-0.051630052716120665,0.0029013519160998842,3325,0.051630052716120665
H4_range_ratio,C6_high_excursion,0.007540712031733484,0.6638082545487803,0.05141658860075476,0.003020224408337787,3325,0.05141658860075476
H4_2_open,C7_high_excursion,-0.04713214275816918,0.006562611416612661,-0.05127151067134213,0.003103531162523984,3325,0.05127151067134213
C3_open,C7_high_excursion,-0.04713214275816918,0.006562611416612661,-0.05127151067134213,0.003103531162523984,3325,0.05127151067134213
C2_close,C7_high_excursion,-0.04702592100637341,0.006685282725800927,-0.05106277901482112,0.0032270661007719765,3325,0.05106277901482112
H4_1_close,C7_high_excursion,-0.04702592100637341,0.006685282725800927,-0.05106277901482112,0.0032270661007719765,3325,0.05106277901482112
H4_2_close_location,C7_low_excursion,-0.01681172654418344,0.33248760304568276,-0.05099145359685599,0.0032702950427897317,3325,0.05099145359685599
C4_close_position,C7_low_excursion,-0.014743253543874001,0.395400701212016,-0.05092310449292232,0.003312214198213473,3325,0.05092310449292232
H4_2_low,C7_high_excursion,-0.0446248924145783,0.01006723657214928,-0.05074431163354151,0.003424193249223551,3325,0.05074431163354151
C4_close,C6_return,-0.046673266853111725,0.007107462114844853,-0.05064066134393904,0.003490676717069493,3325,0.05064066134393904
H4_2_close,C6_return,-0.046673266853111725,0.007107462114844853,-0.05064066134393904,0.003490676717069493,3325,0.05064066134393904
C3_low,C7_low_excursion,-0.05926207427128991,0.0006286605079058749,-0.05056217408158083,0.003541798936638047,3325,0.05056217408158083
C1_close,C7_high_excursion,-0.04684082163316931,0.006903978496004745,-0.05053726838524451,0.0035581628569043016,3325,0.05053726838524451
C2_open,C7_high_excursion,-0.04676805189504671,0.00699170083152295,-0.0504494810394836,0.00361639195687462,3325,0.0504494810394836
C1_body_ratio,C5_low_excursion,0.03859714003701648,0.026040175003940076,0.050433450392378044,0.0036271181075352783,3325,0.050433450392378044
last2_bearish,C7_return,0.023955646747460577,0.16727011928368418,0.050422821617107344,0.0036342457859580984,3325,0.050422821617107344
C4_C3_range_ratio,C7_high_excursion,-0.01854244657490374,0.28511496167707495,0.05022250794833265,0.0037709796153442385,3325,0.05022250794833265
C1_open,C7_high_excursion,-0.04662241366397817,0.007170275629292745,-0.05010937808824819,0.003850250967751842,3325,0.05010937808824819
H4_1_open,C7_high_excursion,-0.04662241366397817,0.007170275629292745,-0.05010937808824819,0.003850250967751842,3325,0.05010937808824819
C4_open_location,C5_high_excursion,-0.0006688357389548752,0.9692472110342503,0.05000285584439428,0.003926272441619804,3325,0.05000285584439428
C2_trades,C5_high_excursion,-0.05350164725476607,0.00202796633262794,-0.049996771867887105,0.003930655237538233,3325,0.049996771867887105
C3_low,C7_high_excursion,-0.04527508560269361,0.00902657384292066,-0.049993881199115235,0.003932739183412307,3325,0.049993881199115235
C4_low,C6_return,-0.046901961422418106,0.006831041189184104,-0.049612208081390795,0.004216868623939417,3325,0.049612208081390795
C7_direction,C6_high_excursion,-0.04991236439920589,0.003991920919193199,-0.04951649119540468,0.004290982642960199,3325,0.04951649119540468
H4_1_low,C7_low_excursion,-0.05954144582114211,0.000592370096511693,-0.049470054896188186,0.004327362100325388,3325,0.049470054896188186
C1_range,C6_return,0.0007246016868382001,0.9666845485914831,-0.04940252491697199,0.0043807658267151625,3325,0.04940252491697199
C4_open,C7_low_excursion,-0.05765278070896049,0.000881215307148797,-0.04929667875439341,0.004465672842506529,3325,0.04929667875439341
H4_2_low,C6_return,-0.046954318270666096,0.006769132471602787,-0.049153016973068044,0.004583298921542958,3325,0.049153016973068044
H4_return_change,C7_low_excursion,-0.012204477354884382,0.48174041766563,-0.048930218521427135,0.004771275017076887,3325,0.048930218521427135
C2_low,C7_low_excursion,-0.05858360109750256,0.000725576314955395,-0.04892710090660734,0.004773954134571568,3325,0.04892710090660734
H4_1_body,C6_low_excursion,0.07826237998233761,6.240791980798536e-06,0.04890124225704053,0.004796228233291473,3325,0.04890124225704053
C4_close_position,C6_low_excursion,-0.011794942778375265,0.4965693672979292,-0.048824406545433414,0.004862968639638982,3325,0.048824406545433414
C3_close,C7_low_excursion,-0.05767646875320773,0.0008768976784021984,-0.04881799547071465,0.00486857515818669,3325,0.04881799547071465
H4_2_lower_wick,C6_high_excursion,-0.05219988147771309,0.002604634946726738,-0.04874271746181723,0.004934844795973642,3325,0.04874271746181723
H4_1_upper_wick,C6_high_excursion,-0.058566814848597874,0.0007281412738388723,-0.048614862426379205,0.005049270618849027,3325,0.048614862426379205
C4_high,C7_low_excursion,-0.05618254490800054,0.0011911728221339797,-0.04853447655766734,0.005122435301034282,3325,0.04853447655766734
H4_2_volume,C5_low_excursion,-0.006244357510009944,0.7188954875104892,-0.048420979050253575,0.005227368180512543,3325,0.048420979050253575
all_bullish,C5_high_excursion,-0.02661178211627453,0.12497924748524926,-0.04833567054240464,0.005307512852403463,3325,0.04833567054240464
H4_1_upper_wick,C5_high_excursion,-0.07375337027919496,2.07164126049376e-05,-0.04815275510926905,0.005483106951640174,3325,0.04815275510926905
C2_low,C7_high_excursion,-0.04464389189478791,0.010035373072835465,-0.04815033532240532,0.005485464604836912,3325,0.04815033532240532
C2_volume,C6_high_excursion,-0.013863655149286976,0.4242004416951958,-0.04807406792133317,0.005560243954333891,3325,0.04807406792133317
C4_body,C6_high_excursion,-0.055002786016495185,0.0015096364930817338,-0.04786844832321238,0.005766454294386978,3325,0.04786844832321238
C4_high,C6_return,-0.04515819470893768,0.009206267854028052,-0.04784629996012055,0.005789072546420799,3325,0.04784629996012055
C4_break_C3_low,C7_return,0.02640212692839039,0.12798057228985013,0.047828415061797795,0.0058073951981443715,3325,0.047828415061797795
all_bearish,C7_low_excursion,0.032553581736445875,0.06052868757714333,0.04781619088631756,0.00581994862426614,3325,0.04781619088631756
C1_low,C7_low_excursion,-0.058403483043371444,0.0007535418023254739,-0.04771493831674362,0.005924872143419238,3325,0.04771493831674362
H4_2_trades,C6_high_excursion,-0.03992300906451312,0.021328114207003732,-0.047600623500746,0.006045376951259489,3325,0.047600623500746
C4_close_above_C3_high,C6_return,-0.02144184466459398,0.2164309534796358,-0.04759600307517057,0.006050293643338247,3325,0.04759600307517057
window_low,C6_return,-0.046748731229251037,0.007015158951064251,-0.047587233075382984,0.006059635888883502,3325,0.047587233075382984
H4_2_open,C7_low_excursion,-0.05738824378101736,0.0009307894151443627,-0.047550781986024304,0.0060986047632904765,3325,0.047550781986024304
C3_open,C7_low_excursion,-0.05738824378101736,0.0009307894151443627,-0.047550781986024304,0.0060986047632904765,3325,0.047550781986024304
C4_close_position,C5_low_excursion,0.0018887257336636393,0.9133068823386963,-0.04754425144785433,0.00610561016872882,3325,0.04754425144785433
H4_range_ratio,C5_low_excursion,0.03286027342105237,0.058143430766881395,-0.047524847733121864,0.006126467582646897,3325,0.047524847733121864
C2_close_location,C5_return,-0.031456608360589125,0.0697326600019121,-0.047500243101003294,0.006153007782364053,3325,0.047500243101003294
direction_sum,C5_high_excursion,0.0012154878198247683,0.9441442171536965,-0.04747248629313302,0.0061830723208208165,3325,0.04747248629313302
H4_2_return,C7_low_excursion,-0.010458920995494975,0.5465881703805907,-0.047398049001339516,0.006264352201664548,3325,0.047398049001339516
C1_low,C7_high_excursion,-0.04450388434366015,0.010272297490608302,-0.047279328313987366,0.006395977037067747,3325,0.047279328313987366
H4_1_close,C7_low_excursion,-0.05728546141233693,0.0009507380858709883,-0.04727099875929287,0.006405304678370153,3325,0.04727099875929287
C2_close,C7_low_excursion,-0.05728546141233693,0.0009507380858709883,-0.04727099875929287,0.006405304678370153,3325,0.04727099875929287
H4_2_upper_wick,C6_low_excursion,0.05577503039044943,0.0012933987647112384,0.04722035954124171,0.006462275470981693,3325,0.04722035954124171
C4_range,C6_low_excursion,0.07164491297235792,3.549419769170429e-05,0.04717126017919409,0.006517948525739275,3325,0.04717126017919409
H4_1_open,C7_low_excursion,-0.05752738416749592,0.0009044013745025782,-0.047054787110437604,0.006651744140424389,3325,0.047054787110437604
C1_open,C7_low_excursion,-0.05752738416749592,0.0009044013745025782,-0.047054787110437604,0.006651744140424389,3325,0.047054787110437604
C4_C3_range_ratio,C6_high_excursion,-0.006389903763403967,0.7126308815674377,0.04700545077125926,0.006709158427501275,3325,0.04700545077125926
H4_2_upper_wick_ratio,C5_return,0.02823397377139072,0.10357521805160434,0.04698441957551677,0.006733768177704775,3325,0.04698441957551677
C3_C4_return,C7_low_excursion,-0.011616337142349414,0.5031119170208986,-0.04697371292767167,0.006746327737943549,3325,0.04697371292767167
C1_close,C7_low_excursion,-0.057268562359630036,0.0009540556082865302,-0.04695782076648521,0.006765009030784037,3325,0.04695782076648521
C2_open,C7_low_excursion,-0.05720982725731376,0.0009656696783606289,-0.046930354998657574,0.006797404726067654,3325,0.046930354998657574
H4_range_ratio,C6_return,0.0649883501976942,0.00017685818983734992,0.04683127543739578,0.006915429626290428,3325,0.04683127543739578
window_high,C6_high_excursion,-0.04054282771509235,0.019392661482465615,-0.04667711377115638,0.007102730578229321,3325,0.04667711377115638
C6_direction,C5_low_excursion,-0.025460055691625946,0.14216281577208856,-0.04667143810701534,0.007109712382257429,3325,0.04667143810701534
range_trend,C6_high_excursion,0.02493481319037629,0.15057758270441762,0.04667025566504195,0.007111167714410979,3325,0.04667025566504195
H4_2_upper_wick,C5_return,0.04605924719553503,0.007899935104439442,0.04662022603415982,0.007172988914408456,3325,0.04662022603415982
C4_open,C6_return,-0.045195825832573845,0.009148073014689307,-0.04659725787884532,0.007201531636886432,3325,0.04659725787884532
C4_close_location,C6_high_excursion,-0.008278696575371721,0.6332185615211299,-0.04655392481655392,0.0072556596039215614,3325,0.04655392481655392
C3_low,C6_return,-0.04578241637808831,0.00828241811208343,-0.04651137247350692,0.007309167197718146,3325,0.04651137247350692
window_low,C7_high_excursion,-0.041927637695618546,0.01561381401721532,-0.0463737214474333,0.007484689395823344,3325,0.0463737214474333
C3_close,C6_return,-0.04525059376009591,0.009063963300989216,-0.046206610638697125,0.007702848150314141,3325,0.046206610638697125
C1_high,C7_low_excursion,-0.056231375724159545,0.001179437338313198,-0.04606432913748048,0.00789306394854446,3325,0.04606432913748048
C3_high,C7_low_excursion,-0.05583956343744724,0.001276688781132104,-0.04601782050273763,0.00795614706909871,3325,0.04601782050273763
H4_1_low,C7_high_excursion,-0.043261308599966686,0.012602859554236297,-0.04582323155826772,0.008225004550308982,3325,0.04582323155826772
H4_2_close_location,C7_high_excursion,-0.013837121258601204,0.42508784374447894,-0.04580828079793933,0.008245993915298294,3325,0.04580828079793933
C4_break_C3_high,C5_low_excursion,-0.024259643896622007,0.16194522718589818,-0.04578838524708012,0.008273999559607328,3325,0.04578838524708012
C2_lower_wick,C5_high_excursion,-0.07284749151589552,2.61545637023838e-05,-0.04565304805832895,0.008466772687846784,3325,0.04565304805832895
C4_close_position,C6_high_excursion,0.005208346991003497,0.7640116007713913,-0.04564555133552907,0.008477567369428144,3325,0.04564555133552907
H4_2_high,C7_low_excursion,-0.05469800022993182,0.001603789120680321,-0.045618673405720504,0.008516370627520626,3325,0.045618673405720504
C4_close_position,C7_high_excursion,-0.008543216003463416,0.6224015267493769,-0.045543246532219965,0.008626112398116849,3325,0.045543246532219965
H4_2_body,C6_low_excursion,0.07468600406016264,1.6251243749908113e-05,0.04554217410201727,0.00862768179076798,3325,0.04554217410201727
H4_2_volume,C7_high_excursion,-0.01585105646904894,0.3608586150338594,-0.04548021552876297,0.008718786128033838,3325,0.04548021552876297
C2_upper_wick,C6_high_excursion,-0.04776884551402476,0.0058688003032280655,-0.045459701349946494,0.00874913913536236,3325,0.045459701349946494
H4_return_change,C6_low_excursion,-0.010900189799169928,0.5297956831308537,-0.045413987455278707,0.00881711766337549,3325,0.045413987455278707
C4_lower_wick,C6_high_excursion,-0.03880530163229388,0.025245567684234485,-0.04533617907589412,0.008933907299807786,3325,0.04533617907589412
H4_1_upper_wick_ratio,C5_high_excursion,0.04140707579376775,0.016950728491513023,0.045157920078145446,0.009206693769315414,3325,0.045157920078145446
last2_bearish,C5_return,0.008187339913288709,0.6369728668875307,0.0451246153725334,0.009258475378588647,3325,0.0451246153725334
range_trend,C6_return,0.03146152527384768,0.06968897693901488,0.04509609084330533,0.009303031204390882,3325,0.04509609084330533
C2_high,C7_low_excursion,-0.055678099112264096,0.0013188772996382337,-0.045058345372614494,0.009362284226712033,3325,0.045058345372614494
C2_close_location,C5_low_excursion,-0.0212474078911571,0.2206268826643638,-0.04488129404326688,0.009644735456484081,3325,0.04488129404326688
H4_1_upper_wick,C5_low_excursion,0.05980556188005454,0.0005598627309115778,0.04487044066873014,0.009662294382859541,3325,0.04487044066873014
C1_range,C5_low_excursion,0.08329795069378082,1.5112035194042943e-06,0.04484868350458693,0.00969757960519444,3325,0.04484868350458693
C4_trades_ratio,C6_high_excursion,0.005616627888711241,0.7461262986669112,0.044786836086559506,0.00979851003170045,3325,0.044786836086559506
H4_2_high,C6_return,-0.04357026637379589,0.011983405491689747,-0.044591140353545514,0.0101240633664093,3325,0.044591140353545514
H4_return_change,C6_high_excursion,-0.006422892826066565,0.7112136375217827,-0.044583748610766125,0.010136546546063004,3325,0.044583748610766125
last2_bearish,C5_high_excursion,-0.000362042175964355,0.983350537478699,0.04454433019377132,0.010203347981963842,3325,0.04454433019377132
H4_1_high,C7_low_excursion,-0.054907403251232306,0.0015385397105687785,-0.04438725244415079,0.01047345100416442,3325,0.04438725244415079
H4_2_close_location,C5_low_excursion,0.003188636424648344,0.8541726480566841,-0.04429675779516966,0.0106319313717817,3325,0.04429675779516966
H4_1_lower_wick,C7_return,-0.002486663496435267,0.8860261529207702,-0.04420604527312318,0.010792929098857918,3325,0.04420604527312318
C1_lower_wick,C5_high_excursion,-0.07187998435319537,3.344993047942747e-05,-0.04409015067725903,0.011001770103748415,3325,0.04409015067725903
C4_close_location,C5_low_excursion,-0.0022276297752547476,0.8978298513677783,-0.04399908288740248,0.011168383486645483,3325,0.04399908288740248
H4_2_high,C6_high_excursion,-0.03792329057182213,0.02876238977242629,-0.04389511467065691,0.011361334241202461,3325,0.04389511467065691
C3_C4_return,C6_high_excursion,-0.0005546532987988394,0.9744953003874791,-0.043772764914663066,0.011592182947456352,3325,0.043772764914663066
all_bearish,C7_high_excursion,0.011716320593870675,0.49944379835626596,0.04366198469537317,0.011804781049969362,3325,0.04366198469537317
C3_open,C6_return,-0.04412888658649452,0.010931572442949043,-0.043421093193423584,0.012279043827935196,3325,0.043421093193423584
H4_2_open,C6_return,-0.04412888658649452,0.010931572442949043,-0.043421093193423584,0.012279043827935196,3325,0.043421093193423584
C4_high,C6_high_excursion,-0.03667288754138241,0.03446593004934933,-0.043365533553779284,0.012390794381298698,3325,0.043365533553779284
window_high,C6_return,-0.042705832408858675,0.013788139659331613,-0.04318844528863558,0.012753014935194845,3325,0.04318844528863558
C3_return,C6_return,-0.018376182150180914,0.2894570876475817,-0.043139389358507516,0.012854997848746398,3325,0.043139389358507516
C3_high,C6_return,-0.04348951137426056,0.012142656958268348,-0.04309920572973494,0.012939072746740896,3325,0.04309920572973494
H4_1_close,C6_return,-0.04397253807880244,0.011217368431864983,-0.04307826489012008,0.012983079007381966,3325,0.04307826489012008
C2_close,C6_return,-0.04397253807880244,0.011217368431864983,-0.04307826489012008,0.012983079007381966,3325,0.04307826489012008
H4_range_ratio,C7_return,0.0699214131044816,5.453520481903303e-05,0.042967327598113954,0.013218423464157388,3325,0.042967327598113954
H4_2_close,C6_high_excursion,-0.035225868412603965,0.042245943612197655,-0.04291148701137055,0.013338305051798333,3325,0.04291148701137055
C4_close,C6_high_excursion,-0.035225868412603965,0.042245943612197655,-0.04291148701137055,0.013338305051798333,3325,0.04291148701137055
C4_close_location,C6_low_excursion,-0.000310712724066544,0.9857107843455325,-0.04285083238914278,0.013469609104161114,3325,0.04285083238914278
window_high,C7_low_excursion,-0.052842818478187704,0.0023033201984034605,-0.04283073376073048,0.01351336939877042,3325,0.04283073376073048
C2_low,C6_return,-0.043610238386857625,0.011905266312561405,-0.042570941272799465,0.014090414336544954,3325,0.042570941272799465
H4_1_high,C6_high_excursion,-0.038656256900247696,0.025812342473612145,-0.04252309054295177,0.014199038214789652,3325,0.04252309054295177
C3_C4_return,C7_high_excursion,-0.005808332815239988,0.7377746785468882,-0.042457424970581525,0.01434930466821622,3325,0.042457424970581525
direction_sum,C7_return,-0.016352383256745165,0.34586870818851706,-0.04237079581374757,0.014549687331209976,3325,0.04237079581374757
C1_volume,C5_high_excursion,-0.019935758369086072,0.2504595575469416,-0.04222392604676707,0.014895051758805884,3325,0.04222392604676707
C4_close_below_C3_low,C7_return,0.021318602784148932,0.2190837875062959,0.04206729441121796,0.015271307356223321,3325,0.04206729441121796
C2_return,C5_return,-0.01611299839310472,0.352976286035012,-0.04198342916765817,0.015476183926164911,3325,0.04198342916765817
C4_trades_ratio,C7_high_excursion,0.0038281675123862323,0.8253566220569031,0.041968275079335586,0.015513461063538602,3325,0.041968275079335586
H4_1_high,C6_return,-0.04317413936740779,0.012782681490582584,-0.04195820259389138,0.015538281774086461,3325,0.04195820259389138
C2_high,C6_return,-0.043405831123705045,0.012309652119482742,-0.04188494161381247,0.015719865455509702,3325,0.04188494161381247
H4_1_low,C6_return,-0.043824318979911896,0.011494408683326525,-0.041855490192843126,0.015793387528762245,3325,0.041855490192843126
C1_high,C6_return,-0.043095063401818,0.012947767188724459,-0.041799188663807725,0.01593477952746797,3325,0.041799188663807725
C2_range,C7_return,0.008834043394922761,0.6106020963463669,-0.04175726135804122,0.016040794589076115,3325,0.04175726135804122
C4_close_location,C6_return,-0.021550631189459102,0.21410854855510558,-0.04166096517300367,0.016286633205103065,3325,0.04166096517300367
C1_body_ratio,C6_low_excursion,0.03457875106930429,0.046178886083695074,0.0416282828890623,0.016370818116980934,3325,0.0416282828890623
C3_high,C6_high_excursion,-0.037246740545971505,0.03173843227188315,-0.04161638852201027,0.016401551022327737,3325,0.04161638852201027
H4_1_range,C6_low_excursion,0.08039348724400901,3.4591320920949964e-06,0.04158734900731122,0.016476796833446203,3325,0.04158734900731122
C1_open,C6_return,-0.04321422940069701,0.01269969954523958,-0.04144132610630917,0.016859776202073865,3325,0.04144132610630917
H4_1_open,C6_return,-0.04321422940069701,0.01269969954523958,-0.04144132610630917,0.016859776202073865,3325,0.04144132610630917
C1_range,C5_return,-0.009540049025453128,0.5823799162916024,-0.041315020463855476,0.017197319254606463,3325,0.041315020463855476
H4_1_range,C6_return,0.005773005353920359,0.7393114283220935,-0.04121832318507354,0.01745972632551848,3325,0.04121832318507354
H4_2_return,C6_low_excursion,-0.00839837054197479,0.6283148181350596,-0.04118265578525669,0.017557399001586392,3325,0.04118265578525669
C2_open,C6_return,-0.0431611411680803,0.012809689102150943,-0.04115174637460648,0.017642429149362746,3325,0.04115174637460648
H4_1_close_location,C5_return,-0.028329572333936723,0.10241087986592794,-0.04112899088150462,0.017705258663442566,3325,0.04112899088150462
direction_sum,C5_return,-0.010543005996973637,0.5433680989644161,-0.0410345692305113,0.017968062204453773,3325,0.0410345692305113
C1_close,C6_return,-0.04312630461024,0.012882321439168948,-0.041031039848741555,0.017977951397398845,3325,0.041031039848741555
C1_low,C6_return,-0.04326598057768062,0.012593285219705076,-0.04071839390187809,0.01887310034557095,3325,0.04071839390187809
direction_sum,C6_return,-0.012192462894494363,0.48217199674954125,-0.04028464151464343,0.02017940720289632,3325,0.04028464151464343
H4_2_upper_wick,C7_low_excursion,0.04888420817232431,0.004810952349874585,0.04023065873495595,0.02034737837274172,3325,0.04023065873495595
C2_high,C6_high_excursion,-0.03700273519028864,0.03287470477425723,-0.04017557398342914,0.02052003383469372,3325,0.04017557398342914
C1_high,C6_high_excursion,-0.03708541587443353,0.032485842218475655,-0.0401533014820503,0.020590205626420763,3325,0.0401533014820503
H4_1_volume,C5_high_excursion,-0.02578228726637007,0.13718200192966562,-0.04011839029062216,0.020700617761316393,3325,0.04011839029062216
C4_open,C6_high_excursion,-0.03521921390056322,0.04228489831268597,-0.04008670506693534,0.020801273541114072,3325,0.04008670506693534
all_bullish,C6_return,-0.033483462171204736,0.05353675263640092,-0.040005290438480896,0.02106186466950101,3325,0.040005290438480896
H4_2_return,C6_high_excursion,-0.0021897732999413442,0.8995568604828238,-0.039910310701845454,0.02136946400557775,3325,0.039910310701845454
C2_trades,C7_return,0.004516734890991242,0.7945930072491316,-0.03986162749020062,0.02152863887939273,3325,0.03986162749020062
C2_close_location,C6_high_excursion,-0.018972482110427874,0.27408930813773025,-0.03973069361368211,0.021961870284830834,3325,0.03973069361368211
all_bullish,C6_high_excursion,-0.02479448924566295,0.15288868180859266,-0.03965705538145976,0.02220883843941929,3325,0.03965705538145976
C3_close,C6_high_excursion,-0.0353664337759827,0.04143015496110213,-0.039650225676565315,0.02223186579317546,3325,0.039650225676565315
C4_break_C3_low,C5_return,0.003577282279041403,0.8366352675288943,0.03962596209625365,0.02231384193755682,3325,0.03962596209625365
C3_upper_wick,C6_high_excursion,-0.03275874094792268,0.05892429130679951,-0.03961915472826184,0.022336888230312445,3325,0.03961915472826184
C4_break_C3_high,C6_return,-0.02312360669825087,0.1825156973355969,-0.039560791314289474,0.022535327541758583,3325,0.039560791314289474
C2_body,C6_low_excursion,0.06239459446221472,0.0003182136593051845,0.03946392344121908,0.022868065815838428,3325,0.03946392344121908
H4_1_lower_wick,C6_return,-0.012164775740138668,0.48316736421135065,-0.039430643020337504,0.022983363588262213,3325,0.039430643020337504
C4_low,C6_high_excursion,-0.03341517246503932,0.054026213233749225,-0.03936185620223743,0.023223271408148134,3325,0.03936185620223743
C4_close_location,C7_low_excursion,-0.012316649229242038,0.47772117410185466,-0.0392869312695548,0.023487057127666803,3325,0.0392869312695548
last2_bearish,C6_return,0.014922754834896365,0.3896719884327726,0.03922240796949403,0.023716301291402248,3325,0.03922240796949403
C3_return,C7_return,-0.017606861085836586,0.31012581837603,-0.03920398864290536,0.023782098105001516,3325,0.03920398864290536
H4_2_open_location,C7_return,0.014598452534479271,0.400058835429371,0.03914596062641662,0.02399041940129257,3325,0.03914596062641662
H4_2_lower_wick,C7_high_excursion,-0.047862011206116314,0.005773019753730975,-0.038986198214179854,0.02457216032368852,3325,0.038986198214179854
C2_upper_wick,C5_high_excursion,-0.06475648776447061,0.00018655543164244364,-0.0386776256959294,0.025730413562342264,3325,0.0386776256959294
C4_return,C7_low_excursion,-0.011177240722628018,0.5193880952185084,-0.03852694244842598,0.026312966829961423,3325,0.03852694244842598
C1_lower_wick_ratio,C5_low_excursion,-0.009657153237821122,0.577758234970632,-0.03845429485404076,0.026597875100827013,3325,0.03845429485404076
C3_body_ratio,C5_high_excursion,-0.036684306324656774,0.034409764825332013,-0.03835189386360865,0.02700399076267119,3325,0.03835189386360865
C1_lower_wick,C6_return,-0.008671120229429808,0.6172000120922929,-0.038296346592195156,0.027226517791661145,3325,0.038296346592195156
H4_2_open,C6_high_excursion,-0.03519100387660923,0.04245037381582178,-0.03825919236246333,0.027376242036771522,3325,0.03825919236246333
C3_open,C6_high_excursion,-0.03519100387660923,0.04245037381582178,-0.03825919236246333,0.027376242036771522,3325,0.03825919236246333
H4_bullish_engulf,C6_low_excursion,-0.01990264548639273,0.25124747437421896,-0.03823047717546144,0.02749244455010458,3325,0.03823047717546144
range_trend,C5_return,0.013178386066943307,0.44746378243786245,0.038018578812638676,0.028363161542500452,3325,0.038018578812638676
C3_trades,C5_low_excursion,0.005872057231107116,0.7350053082696765,-0.037992605071687946,0.02847150754693183,3325,0.037992605071687946
C4_close_below_C3_low,C6_return,0.009109853041640886,0.5995045476033769,0.037989872173906036,0.028482928159511017,3325,0.037989872173906036
range_trend,C7_return,0.02291095050579072,0.18657257390073015,0.03797758366741098,0.02853432983151935,3325,0.03797758366741098
H4_1_close,C6_high_excursion,-0.0348944980135931,0.0442229900891728,-0.0379416816070893,0.02868496254107552,3325,0.0379416816070893
C2_close,C6_high_excursion,-0.0348944980135931,0.0442229900891728,-0.0379416816070893,0.02868496254107552,3325,0.0379416816070893
all_bearish,C6_high_excursion,0.003655050575322582,0.8331354568377289,0.03781901181904233,0.029204818679363732,3325,0.03781901181904233
C3_lower_wick,C5_high_excursion,-0.06099982428463795,0.00043256251226521825,-0.03771963708470842,0.029631875624595853,3325,0.03771963708470842
C2_lower_wick,C7_return,-0.01882150732380313,0.27792649195747293,-0.037672968187081844,0.029834277837029823,3325,0.037672968187081844
C1_lower_wick,C5_return,-0.011899161652840641,0.49277275073944216,-0.03763412481108561,0.030003645746271713,3325,0.03763412481108561
C3_C4_return,C6_low_excursion,-0.0011941832372940834,0.9451216765439894,-0.037557770269020484,0.030338981672078623,3325,0.037557770269020484
C4_open_location,C5_return,0.011292836579253562,0.5150770639435935,0.03755076947393203,0.030369888410106533,3325,0.03755076947393203
C1_body_ratio,C5_return,0.035368090294138094,0.04142062121545118,0.03754962053625708,0.030374963260883417,3325,0.03754962053625708
last2_bullish,C5_high_excursion,0.001326396018120457,0.939057113222872,-0.037464254000393216,0.03075406938157926,3325,0.037464254000393216
C2_lower_wick_ratio,C6_low_excursion,-0.01410795134154832,0.4160811881336337,-0.037436915999595276,0.030876330641498778,3325,0.037436915999595276
H4_range_ratio,C7_high_excursion,0.009135251758962347,0.5984872047118918,0.03732612492131138,0.031376090897934715,3325,0.03732612492131138
C4_return,C6_high_excursion,-0.002507868720484803,0.8850609512308931,-0.037055880835205106,0.03262429641835214,3325,0.037055880835205106
C3_lower_wick,C7_high_excursion,-0.044922298764260196,0.009578653109752993,-0.03682042655195896,0.03374623186981995,3325,0.03682042655195896
C1_open,C6_high_excursion,-0.03458517381674523,0.04613838654515712,-0.03680679704912065,0.033812173915506276,3325,0.03680679704912065
H4_1_open,C6_high_excursion,-0.03458517381674523,0.04613838654515712,-0.03680679704912065,0.033812173915506276,3325,0.03680679704912065
H4_2_open_location,C6_return,0.0156715523243992,0.36632346551570705,0.03671859709955403,0.034241569419128016,3325,0.03671859709955403
C3_low,C6_high_excursion,-0.033109741504090864,0.05626127469905846,-0.0367114154266049,0.03427673709102168,3325,0.0367114154266049
C1_body,C7_return,0.005599479386428116,0.7468748440723847,-0.03667178247265981,0.034471369669911135,3325,0.03667178247265981
C4_close_above_C3_high,C7_low_excursion,-0.009520460141639844,0.5831547002699361,-0.036653959636015795,0.03455920260405506,3325,0.036653959636015795
H4_2_low,C6_high_excursion,-0.03189569179323328,0.06591935934399344,-0.036579619176691155,0.03492762443903357,3325,0.036579619176691155
C3_range,C6_low_excursion,0.07870006690837099,5.535171679950175e-06,0.03651517960209329,0.0352496857543955,3325,0.03651517960209329
C3_volume,C6_high_excursion,-0.01995285998668779,0.2500533027465478,-0.03648828113409866,0.035384868651315675,3325,0.03648828113409866
C1_upper_wick,C7_return,0.011947212138792716,0.49102755900373546,-0.03645012322866457,0.035577396201134995,3325,0.03645012322866457
C2_lower_wick_ratio,C7_low_excursion,-0.015385821538758348,0.37512808145645615,-0.03626772194397327,0.036510096864903634,3325,0.03626772194397327
C3_body,C5_low_excursion,0.08355841759301684,1.4011504843245728e-06,0.03623452846170632,0.03668205099940159,3325,0.03623452846170632
C2_open,C6_high_excursion,-0.03451264777207817,0.04659745120877172,-0.03621298367728363,0.0367940293736713,3325,0.03621298367728363
C4_break_C3_high,C7_return,-0.02072712306707233,0.23214049165918937,-0.036212638755882376,0.03679582445667117,3325,0.036212638755882376
C1_close,C6_high_excursion,-0.0345876623397567,0.04612270285083206,-0.036190372706888116,0.03691186207724114,3325,0.036190372706888116
C2_body_ratio,C7_low_excursion,0.017575112988008873,0.3109991964504764,0.036049019957442946,0.037655798994620834,3325,0.036049019957442946
C3_trades,C7_return,0.006055768220231291,0.7270408627680488,-0.03604596317142544,0.03767202664107511,3325,0.03604596317142544
C4_volume,C7_high_excursion,-0.014405964102757192,0.4063018369283029,-0.03603272395166246,0.03774237873847954,3325,0.03603272395166246
C1_volume,C5_low_excursion,0.016525781334649197,0.3407776817629938,-0.035917729846058705,0.03835816064562665,3325,0.035917729846058705
C7_direction,C5_high_excursion,-0.028339872306404952,0.10228605550368317,-0.03589236480784153,0.038495131104722795,3325,0.03589236480784153
H4_2_body_ratio,C6_high_excursion,-0.017934616624334127,0.3012040766426385,-0.03586389647685106,0.03864935391054435,3325,0.03586389647685106
C3_upper_wick,C5_high_excursion,-0.05367522082335584,0.0019606279195578946,-0.03586115934109508,0.03866420953897123,3325,0.03586115934109508
H4_1_lower_wick,C5_return,-0.014478090964146558,0.4039557568424384,-0.035857778409613884,0.0386825660222675,3325,0.035857778409613884
H4_1_lower_wick_ratio,C7_low_excursion,-0.025105830192319628,0.14779708146085777,-0.03573988707534877,0.039327292025439026,3325,0.03573988707534877
C2_range,C6_low_excursion,0.06893252403609182,6.947370053778025e-05,0.035455224920025646,0.0409217474097729,3325,0.035455224920025646
H4_1_lower_wick_ratio,C6_low_excursion,-0.026086637966750686,0.13260216108389467,-0.03538414712347348,0.0413283056784617,3325,0.03538414712347348
C6_range,C6_return,-0.003399591683172477,0.8446439184443595,-0.03533749655025943,0.04159699700887287,3325,0.03533749655025943
C4_return,C6_low_excursion,-0.003442634493031189,0.8427024393716085,-0.03533625799971916,0.041604150734694166,3325,0.03533625799971916
C2_close_location,C7_return,-0.02339790552836085,0.17737988348569442,-0.03523204744072312,0.042209799512586,3325,0.03523204744072312
C4_close_below_C3_low,C7_high_excursion,-0.003239325519804905,0.851881053894607,0.03512811684980571,0.04282123044824665,3325,0.03512811684980571
C2_close_location,C6_return,-0.017284799158516842,0.31906078187529135,-0.03508936355131987,0.0430511265621448,3325,0.03508936355131987
H4_1_body_ratio,C6_low_excursion,0.03630783512120253,0.0363032127862124,0.034970453117541885,0.04376305690084349,3325,0.034970453117541885
C3_body_ratio,C5_return,-0.025093086947441546,0.1480029072794808,-0.03478338184763728,0.044903176956370035,3325,0.03478338184763728
H4_2_volume,C6_high_excursion,-0.023097658101828282,0.18300719169217355,-0.03460487765123516,0.0460143277446308,3325,0.03460487765123516
C2_return,C6_high_excursion,-0.006319872014010354,0.7156428020249836,-0.03456765979500972,0.04624889412609613,3325,0.03456765979500972
C4_vs_avg_range,C6_return,0.03325287320483015,0.055204473895291026,0.034477600751746655,0.04682066011675407,3325,0.034477600751746655
C4_return,C7_high_excursion,-0.003941549549167668,0.8202711371334505,-0.034448303154682586,0.04700794130392471,3325,0.034448303154682586
last2_bullish,C6_return,-0.006356158143011225,0.7140816550192853,-0.034431214225043055,0.047117470709464475,3325,0.034431214225043055
C1_trades,C5_low_excursion,0.010239729825877454,0.5550263491836842,-0.03427298683956324,0.048141837880201085,3325,0.03427298683956324
last2_bullish,C6_high_excursion,0.01217431495057283,0.4828242988127797,-0.03426182671147594,0.04821478947377716,3325,0.03426182671147594
C4_trades,C7_low_excursion,-0.009861316986602572,0.5697421495447385,-0.034181544125533585,0.04874232160203804,3325,0.034181544125533585
C2_lower_wick_ratio,C5_low_excursion,-0.005356330697605469,0.7575138541269717,-0.03406452903891154,0.04951988964764574,3325,0.03406452903891154
C1_trades,C5_return,0.009315230201911086,0.5913007306917101,-0.03404569288792328,0.04964602300337445,3325,0.03404569288792328
C2_low,C6_high_excursion,-0.032160197849935936,0.06370629091087883,-0.03401603457335251,0.049845171147170006,3325,0.03401603457335251
H4_opposite_direction,C6_low_excursion,-0.037942417992894266,0.028681866057106167,-0.03401512371206694,0.049851297934340684,3325,0.03401512371206694
H4_same_direction,C6_low_excursion,0.037942417992894266,0.028681866057106167,0.03401512371206694,0.049851297934340684,3325,0.03401512371206694
C4_inside_C3,C7_high_excursion,-0.030926532515420005,0.07457542839250994,-0.033985219764816624,0.05005279365104684,3325,0.033985219764816624
H4_2_upper_wick,C7_high_excursion,-0.03363421904149612,0.052469310881570023,-0.03395148780280977,0.050280901543448275,3325,0.03395148780280977
C1_upper_wick,C5_return,-0.027814183245955915,0.10881301271175031,-0.03386020705569002,0.05090254612760799,3325,0.03386020705569002
C2_body_ratio,C6_low_excursion,0.016826522779978564,0.33206220544631515,0.03363311628502055,0.052477053949226006,3325,0.03363311628502055
C4_trades,C6_low_excursion,-0.008005580684504408,0.6444699596181311,-0.03357570238136439,0.05288151001772956,3325,0.03357570238136439
C1_low,C6_high_excursion,-0.03227841332836433,0.06273723179259315,-0.03347195817190473,0.05361894636920582,3325,0.03347195817190473
H4_bullish_engulf,C7_low_excursion,-0.018471894842705214,0.286952068402395,-0.033399040477211,0.05414238137911463,3325,0.033399040477211
C4_break_C3_low,C7_low_excursion,0.020699361755003302,0.23276659619043097,0.03333616622054522,0.05459713587569899,3325,0.03333616622054522
C4_range,C7_low_excursion,0.06243383782509468,0.00031544859720630965,0.03330804555066218,0.05480155420396831,3325,0.03330804555066218
C2_C1_range_ratio,C7_low_excursion,-0.04957145018429386,0.004248284598668458,0.033297578248414554,0.05487780719069364,3325,0.033297578248414554
C4_inside_C3,C5_low_excursion,0.04273326743567983,0.013727366293145013,0.033035074454708685,0.056819221351071585,3325,0.033035074454708685
C4_close_below_C3_low,C5_return,-0.004171520468678859,0.8099797106168996,0.03290186597575261,0.057826043847529415,3325,0.03290186597575261
C3_body_ratio,C6_high_excursion,-0.03712096503432555,0.03231986253624016,-0.03278251771708038,0.058740654189748234,3325,0.03278251771708038
direction_sum,C7_high_excursion,-0.011394192131711464,0.511312453086427,-0.032672536979944544,0.05959407667075077,3325,0.032672536979944544
C5_range,C5_return,0.02279235089892316,0.18886384839684214,-0.032631689681388076,0.05991364860369664,3325,0.032631689681388076
H4_1_close_location,C5_low_excursion,-0.004277704089797822,0.8052388324568303,-0.03262901738328012,0.059934604944108634,3325,0.03262901738328012
all_bullish,C7_low_excursion,-0.001542645785260843,0.9291455671479776,-0.032371403609012736,0.061983542720751544,3325,0.032371403609012736
H4_1_trades,C7_return,0.008823981432877099,0.6110086694595579,-0.03232328928767518,0.06237257041789585,3325,0.03232328928767518
window_low,C6_high_excursion,-0.028965679128335087,0.09492630976917765,-0.032099782862575865,0.06420628869702187,3325,0.032099782862575865
C5_range,C7_high_excursion,-0.03372825249437596,0.051812552634399225,-0.03201122204205967,0.06494507190226251,3325,0.03201122204205967
H4_1_low,C6_high_excursion,-0.03083024098205316,0.07548395856888705,-0.03200303689971792,0.06501370562317312,3325,0.03200303689971792
H4_inside,C5_high_excursion,-0.017210607585171518,0.32114271297377484,-0.031740756039559795,0.06724482981128038,3325,0.031740756039559795
C4_lower_wick,C7_high_excursion,-0.03515051112393526,0.04268885452349606,-0.03169898001306405,0.06760595153354158,3325,0.03169898001306405
range_trend,C7_high_excursion,0.01964443899568101,0.2574507740029178,0.03169183794954681,0.06766784853794784,3325,0.03169183794954681
C3_return,C7_high_excursion,-0.009409793546474613,0.5875408072229306,-0.0316612941963872,0.06793308330006886,3325,0.0316612941963872
last2_bearish,C6_low_excursion,0.007440237588180515,0.6680180892936792,0.031470294230443764,0.06961112711488135,3325,0.031470294230443764
C2_lower_wick,C6_return,-0.022487065379195426,0.19485706478133547,-0.03145804071498789,0.06971993229555616,3325,0.03145804071498789
C1_lower_wick,C7_return,-0.006244092766308322,0.718906899987472,-0.03141961193036047,0.07006206640417056,3325,0.03141961193036047
H4_1_close_location,C6_return,-0.013334608170462565,0.44209750765821765,-0.03116600441681533,0.07235463598569783,3325,0.03116600441681533
H4_2_lower_wick_ratio,C5_low_excursion,-0.013590139281481301,0.43339978259483275,-0.031102585980240436,0.07293742428570707,3325,0.031102585980240436
H4_bullish_engulf,C6_return,-0.014600203833273111,0.4000023012500261,-0.03108003280721381,0.07314560154102058,3325,0.03108003280721381
H4_1_lower_wick_ratio,C5_return,-0.021037904134952462,0.22521286881928873,-0.0309942040035387,0.07394229250819608,3325,0.0309942040035387
H4_2_trades,C7_low_excursion,-0.010711551974997123,0.5369421135349793,-0.03096747024701135,0.074191887282418,3325,0.03096747024701135
C4_vs_avg_range,C7_return,0.05128084787182764,0.0030981071375503558,0.030963711932379977,0.07422703120823645,3325,0.030963711932379977
C4_upper_wick,C6_low_excursion,0.04692336121258049,0.006805676079430423,0.030910525942108222,0.07472583184440405,3325,0.030910525942108222
C1_body_ratio,C7_low_excursion,0.02689455808319236,0.12101838706398566,0.03088853453010106,0.07493287475417412,3325,0.03088853453010106
last2_bearish,C7_high_excursion,-0.0016626285563158425,0.9236509382981792,0.030860098011194177,0.07520129052149782,3325,0.030860098011194177
last2_bearish,C7_low_excursion,0.01939313034447471,0.26358958588545756,0.03085681759651967,0.0752323051726721,3325,0.03085681759651967
H4_1_trades,C5_low_excursion,0.004982320654765612,0.7739680814564828,-0.0308486000093288,0.0753100441052938,3325,0.0308486000093288
C4_body_ratio,C7_low_excursion,-0.03423332046476554,0.04840155076109718,-0.030776492250679563,0.07599500319530844,3325,0.030776492250679563
C1_trades,C7_return,0.011421001528425404,0.5103190891557597,-0.030684802822941185,0.07687329846595997,3325,0.030684802822941185
H4_2_open_location,C7_high_excursion,-0.0031194606589946563,0.8573019843961707,0.030648108330565686,0.07722710522004678,3325,0.030648108330565686
C4_close_location,C7_high_excursion,-0.004993666061845682,0.7734674129850337,-0.030546610180729208,0.07821265836836484,3325,0.030546610180729208
C2_lower_wick_ratio,C7_return,-0.02126459892452505,0.2202535685465672,-0.030525387042540993,0.07842002456144784,3325,0.030525387042540993
H4_2_trades,C6_low_excursion,-0.006670060079599272,0.7006270987743919,-0.030177845460773,0.08187984506326526,3325,0.030177845460773
C7_range,C7_return,-0.018374862133644483,0.2894917380905472,-0.030139984170451998,0.08226412172895067,3325,0.030139984170451998
H4_1_body_ratio,C7_low_excursion,0.032796696831957434,0.058631369713357966,0.029992254410262424,0.08377751889009183,3325,0.029992254410262424
H4_2_body,C7_low_excursion,0.061653407905722366,0.00037489105363394405,0.029867986696518536,0.0850679412035384,3325,0.029867986696518536
C3_close_location,C6_return,-0.019071059136170736,0.27160348323713557,-0.02986088958773533,0.08514212140145982,3325,0.02986088958773533
C2_C1_range_ratio,C5_return,-0.009289295383470918,0.5923338506944498,0.02976796024558364,0.08611826732043473,3325,0.02976796024558364
H4_1_upper_wick_ratio,C6_high_excursion,0.029293113717056736,0.09124806149546495,0.02974083922196638,0.08640484863399574,3325,0.02974083922196638
timestamp,C7_return,0.041041850837053764,0.01794767447006015,0.029535516473585214,0.08859950181741023,3325,0.029535516473585214
C1_body,C6_low_excursion,0.06026966487433173,0.0005067312017650987,0.029356014564556228,0.0905547512873868,3325,0.029356014564556228
C1_lower_wick,C7_low_excursion,0.008937507476878524,0.6064284089565612,-0.029345685402501924,0.09066831054737068,3325,0.029345685402501924
C2_trades,C6_return,0.005728473154693274,0.7412500683754842,-0.02928952279123489,0.09128777000840013,3325,0.02928952279123489
H4_1_lower_wick,C7_low_excursion,0.015261250117496948,0.3790072447221644,-0.029262887307734835,0.09158273923979614,3325,0.029262887307734835
range_trend,C7_low_excursion,0.021360949388784932,0.21816963933826686,0.02923498724057607,0.09189253339184086,3325,0.02923498724057607
C2_trades,C7_low_excursion,-0.024128469823956895,0.16422700534464924,-0.029212404881750156,0.09214389705986557,3325,0.029212404881750156
C4_body_ratio,C7_high_excursion,-0.02797127094317338,0.10682900162916295,-0.029204275738157544,0.09223451737352718,3325,0.029204275738157544
C1_body_ratio,C6_return,0.015992196896807705,0.3565978124095956,0.02907962905810557,0.09363300651369193,3325,0.02907962905810557
C4_trades,C6_high_excursion,-0.03307411968949428,0.05652688598070434,-0.02906980545545562,0.09374394253516909,3325,0.02906980545545562
C2_lower_wick_ratio,C6_return,-0.023500282707244545,0.17549085791781305,-0.029064567067813126,0.09380314168331359,3325,0.029064567067813126
direction_sum,C6_high_excursion,0.00594458767498305,0.7318574279439064,-0.029055136421148164,0.09390979319443635,3325,0.029055136421148164
C2_close_location,C6_low_excursion,-0.009280358593472619,0.5926900416324028,-0.028954548532306265,0.09505340246733354,3325,0.028954548532306265
C4_close_below_C3_low,C6_low_excursion,0.006574859895201884,0.7046979188436691,0.028842166234498035,0.09634426599431735,3325,0.028842166234498035
H4_range_ratio,C7_low_excursion,0.06129709881206036,0.0004053746052500976,0.028833104865636706,0.09644895599941596,3325,0.028833104865636706
H4_2_upper_wick_ratio,C5_low_excursion,0.0013583759439720969,0.9375907200034406,0.028796846107723966,0.09686878009546977,3325,0.028796846107723966
C3_upper_wick,C5_low_excursion,0.05771369488055748,0.0008701520528106635,0.028733615730498648,0.09760439037039659,3325,0.028733615730498648
C4_close_above_C3_high,C6_low_excursion,-0.00014755304157574277,0.9932139744349237,-0.0286742260225133,0.09829937654212037,3325,0.0286742260225133
H4_same_direction,C5_high_excursion,-0.03597989944073271,0.03802419696565645,-0.02864532084996908,0.09863905502356951,3325,0.02864532084996908
H4_opposite_direction,C5_high_excursion,0.03597989944073271,0.03802419696565645,0.02864532084996908,0.09863905502356951,3325,0.02864532084996908
C6_range,C5_return,-0.02794880452981363,0.1071109827997815,-0.02862289626462035,0.09890322175881486,3325,0.02862289626462035
C2_return,C6_return,-0.014568851140532215,0.4010151328248858,-0.02849625210447301,0.10040573102332222,3325,0.02849625210447301
last2_bullish,C7_return,0.0004512752450491625,0.9792477534708772,-0.028447205963097716,0.10099247853743676,3325,0.028447205963097716
C2_range,C6_return,0.0017262502085236397,0.92073883512261,-0.02840510554274808,0.10149830814049651,3325,0.02840510554274808
C3_trades,C7_low_excursion,-0.009485627422398132,0.5845335972133858,-0.028222934141972047,0.10371034935872003,3325,0.028222934141972047
C2_volume,C5_high_excursion,-0.026588545578509506,0.12530916325374444,-0.028216127246100935,0.10379373938544972,3325,0.028216127246100935
C2_body_ratio,C5_high_excursion,-0.02083587968146679,0.22969920160276702,-0.02819401069427843,0.10406505287601395,3325,0.02819401069427843
C2_trades,C5_low_excursion,-0.001240796997006981,0.942983135355189,-0.028074607888934146,0.10553956050157592,3325,0.028074607888934146
C3_range,C7_low_excursion,0.06054692162879066,0.00047727242430577914,0.02801928793364221,0.10622830072053555,3325,0.02801928793364221
C1_trades,C6_return,0.006168043988250617,0.7221877684430438,-0.027985927903850454,0.1066453558735048,3325,0.027985927903850454
C3_return,C5_return,-0.009078044927478145,0.6007797210568022,-0.027965594361077494,0.10690019415277625,3325,0.027965594361077494
C4_volume,C6_low_excursion,0.0031229037307661358,0.8571461751037648,-0.027954687373582567,0.1070370889617002,3325,0.027954687373582567
H4_2_trades,C7_return,0.003956819616379753,0.8195868058856488,-0.0278149544028489,0.10880320235927109,3325,0.0278149544028489
C1_lower_wick_ratio,C7_low_excursion,-0.013301970431152303,0.4432155716649172,-0.027802917023398356,0.10895641689348676,3325,0.027802917023398356
C4_lower_wick,C5_high_excursion,-0.036969883928883084,0.03303031246111751,-0.027796275138248422,0.10904102932838097,3325,0.027796275138248422
C3_volume,C5_low_excursion,0.004099997017932922,0.813177028235931,-0.027792219133655642,0.10909272520196675,3325,0.027792219133655642
H4_range_ratio,C5_return,0.03970302306572136,0.0220543903407576,0.027750549919860753,0.10962494342699007,3325,0.027750549919860753
C4_body_vs_C3_body,C5_low_excursion,0.011981908983064116,0.489769437607108,-0.027435112950268074,0.11372066414004596,3325,0.027435112950268074
window_low,C6_low_excursion,-0.04840848900250403,0.005239033485458538,-0.027339033053033143,0.11499184147955886,3325,0.027339033053033143
C2_lower_wick_ratio,C5_return,-0.012352276915566814,0.4764484408820811,-0.02731557012555475,0.11530395688266153,3325,0.02731557012555475
C4_break_C3_low,C6_low_excursion,0.011508778142375747,0.5070737895653884,0.027286278704279632,0.11569453992007972,3325,0.027286278704279632
C4_body_vs_C3_body,C5_return,0.0026480796589723396,0.878683302684876,0.02723710681062337,0.1163525534542582,3325,0.02723710681062337
H4_2_upper_wick_ratio,C6_return,0.01052824045585276,0.5439328678134111,0.02717891385388617,0.11713507921545234,3325,0.02717891385388617
C1_upper_wick,C6_return,-0.010257751228911859,0.5543301870691653,-0.02708354321463864,0.1184264603605296,3325,0.02708354321463864
C1_lower_wick_ratio,C5_return,-0.019938922873707677,0.25038434894039896,-0.027075537299509997,0.11853537145576229,3325,0.027075537299509997
C4_body_vs_C3_body,C6_high_excursion,-0.0034134795118402656,0.844017393565119,0.027007324592109236,0.11946651210868002,3325,0.027007324592109236
C4_volume,C6_high_excursion,-0.02172672475097205,0.21038742502104896,-0.02695842117059041,0.12013758872171484,3325,0.02695842117059041
C4_break_C3_high,C5_high_excursion,0.05276384280162843,0.002338530312328744,0.026920955575950475,0.12065370303032026,3325,0.026920955575950475
C3_body_ratio,C6_return,-0.013524992235693463,0.43560780205632066,-0.026903280053019004,0.12089779693125796,3325,0.026903280053019004
C3_lower_wick,C6_high_excursion,-0.04108900767368972,0.01781612997165884,-0.026854020958796153,0.12158008916256817,3325,0.026854020958796153
last2_bullish,C7_high_excursion,0.011146782565036999,0.5205270923122081,-0.026735861652657462,0.1232289929668623,3325,0.026735861652657462
H4_1_lower_wick_ratio,C5_high_excursion,0.032544158041811745,0.06060324413774033,0.026722603680432718,0.12341509085015925,3325,0.026722603680432718
H4_1_return,C5_return,-0.018474047574473518,0.2868958952325473,-0.02671114571015099,0.1235760992979598,3325,0.02671114571015099
all_bearish,C5_high_excursion,-0.015809048063324192,0.3621329210150029,0.026567898036578726,0.12560288903045533,3325,0.026567898036578726
C3_trades,C6_low_excursion,-0.004041732085034447,0.8157839544000265,-0.026502223749337615,0.12654071816336337,3325,0.026502223749337615
C2_body_ratio,C6_return,0.030021229056953227,0.08347892894546735,0.026453528473620213,0.12723959836561505,3325,0.026453528473620213
C4_close_above_C3_high,C5_low_excursion,0.006282113723533661,0.7172685489176067,-0.026423322739422182,0.12767462083480483,3325,0.026423322739422182
H4_inside,C5_low_excursion,0.001897146729215102,0.9129218901020449,0.02638866786159352,0.12817514312431172,3325,0.02638866786159352
H4_bearish_engulf,C5_high_excursion,-0.003398603462281876,0.8446885040343614,0.026371094999599203,0.12842953089532153,3325,0.026371094999599203
C2_body,C7_low_excursion,0.0502672606673782,0.0037400322985864038,0.026354891237517587,0.12866444678046363,3325,0.026354891237517587
H4_bullish_engulf,C7_return,-0.004781763786816941,0.7828339161739967,-0.026286186772178425,0.12966420710706317,3325,0.026286186772178425
C3_body,C6_return,0.03518888734581846,0.042462811096002334,-0.026217143616926175,0.13067495892327927,3325,0.026217143616926175
C2_close_location,C7_low_excursion,-0.010404318712636832,0.54868423569357,-0.02617548074282923,0.13128782831032546,3325,0.02617548074282923
C2_return,C5_low_excursion,-0.009283461259405008,0.5925663684904273,-0.026113040737330687,0.13221050136451096,3325,0.026113040737330687
C4_trades,C5_high_excursion,0.0021740507456497193,0.9002742622636859,0.025942455862636122,0.13475682687949705,3325,0.025942455862636122
C1_upper_wick_ratio,C6_low_excursion,-0.0174444754720911,0.31461003736712617,-0.025856332219720075,0.13605670874102876,3325,0.025856332219720075
C4_upper_wick_ratio,C6_low_excursion,0.019626423634571285,0.25788751500935453,0.025683076219879128,0.13870098605262213,3325,0.025683076219879128
window_high,C5_high_excursion,-0.020404455540214913,0.23949165234550082,-0.025599480284701194,0.13999091775293188,3325,0.025599480284701194
C4_range,C5_high_excursion,-0.0542603768898671,0.0017484478604228393,-0.025561237034447046,0.14058409938994645,3325,0.025561237034447046
H4_1_trades,C6_return,0.006586527379333654,0.7041985522496131,-0.025530247021316555,0.1410661934224299,3325,0.025530247021316555
C4_open_location,C7_return,0.010772510320907869,0.5346274553355349,0.025528087064618128,0.14109984193484704,3325,0.025528087064618128
all_bullish,C5_return,-0.0026111890267005045,0.8803605683338234,-0.025454046540199213,0.14225700197610816,3325,0.025454046540199213
last2_bullish,C5_return,-5.402275247740843e-05,0.99751544528598,-0.025434693683216977,0.1425606601977256,3325,0.025434693683216977
H4_2_upper_wick_ratio,C7_high_excursion,0.024566773506565713,0.15669636431254516,0.02542862559287153,0.14265597461761853,3325,0.02542862559287153
C3_body,C5_return,0.024427611351058937,0.15905845343363706,-0.025390588627822216,0.14325455376245114,3325,0.025390588627822216
C4_break_C3_high,C7_low_excursion,9.235829891593786e-05,0.9957523724043313,-0.02538588839804427,0.14332865372857723,3325,0.02538588839804427
H4_2_lower_wick_ratio,C5_return,-0.024391837616723658,0.15966999373652235,-0.025375847674433134,0.14348704598990575,3325,0.025375847674433134
C4_close,C5_return,-0.03357336244646468,0.052898048915266956,-0.025143172328812937,0.1471951992920031,3325,0.025143172328812937
H4_2_close,C5_return,-0.03357336244646468,0.052898048915266956,-0.025143172328812937,0.1471951992920031,3325,0.025143172328812937
C2_body_ratio,C7_return,0.016901185221698097,0.32992099594140845,0.02512400978338288,0.1475038276239055,3325,0.02512400978338288
C4_lower_wick_ratio,C5_low_excursion,-0.005997725073187788,0.7295540776698193,-0.025120119422949543,0.14756654536561128,3325,0.025120119422949543
C4_inside_C3,C6_high_excursion,-0.010059989148643913,0.5619929611630111,-0.02508880090880669,0.1480721835138829,3325,0.02508880090880669
C2_lower_wick,C5_return,-0.018823260267539617,0.2778817303030728,-0.02497413568167304,0.14993475055067015,3325,0.02497413568167304
H4_inside,C6_high_excursion,-0.019980131276258358,0.24940641610339928,-0.024948410309639117,0.150355064009546,3325,0.024948410309639117
C1_lower_wick_ratio,C6_low_excursion,-0.010618838599483964,0.540472174548187,-0.02489939168916856,0.1511584386231019,3325,0.02489939168916856
C3_close_location,C7_return,-0.011170614847619253,0.5196357634447795,-0.024872888085163854,0.15159417024339727,3325,0.024872888085163854
timestamp,C7_high_excursion,0.04755885769557114,0.006089951837090672,0.024866447997015474,0.1517001925646542,3325,0.024866447997015474
C4_volume_ratio,C6_low_excursion,-0.0021529172795752274,0.9012386858298898,-0.024842083008903653,0.15210182093636776,3325,0.024842083008903653
C1_lower_wick_ratio,C6_return,-0.016414470294926226,0.34404027167055323,-0.024830805531019483,0.1522879906970014,3325,0.024830805531019483
H4_2_upper_wick_ratio,C7_return,0.016595001991874345,0.3387588073103235,0.024799440784950395,0.15280667473240298,3325,0.024799440784950395
C4_close_above_C3_high,C6_high_excursion,0.004383776601118039,0.8005100500453138,-0.02479789332182779,0.15283230012299115,3325,0.02479789332182779
H4_1_trades,C5_return,0.004615753903363769,0.7901940055871656,-0.024741667480593987,0.15376559646579027,3325,0.024741667480593987
C2_close_location,C7_high_excursion,-0.012902197667615942,0.4570409097441973,-0.024714716464779046,0.1542144906807223,3325,0.024714716464779046
H4_2_body_ratio,C5_high_excursion,-0.004934852110289125,0.7760638672770173,-0.02465993586508839,0.15512997933631548,3325,0.02465993586508839
C4_body_ratio,C6_return,-0.01783652969731682,0.3038559741769568,-0.024604699471567102,0.15605725563736234,3325,0.024604699471567102
H4_1_body,C7_low_excursion,0.06131353043393672,0.0004039193664133797,0.02452966425989202,0.15732362831022864,3325,0.02452966425989202
H4_2_low,C6_low_excursion,-0.046256312365215255,0.007637376174818023,-0.02452733833711637,0.15736300703855086,3325,0.02452733833711637
C4_volume_ratio,C7_low_excursion,0.0013160035913770093,0.9395336876264154,-0.024455496080034136,0.1585830030232051,3325,0.024455496080034136
H4_2_body_ratio,C7_high_excursion,-0.021013842425676287,0.22574389880139872,-0.024427003597222087,0.15906882797298583,3325,0.024427003597222087
C4_open_location,C6_return,0.0001602195740048164,0.9926314512558078,0.024384211353357728,0.1598005917641853,3325,0.024384211353357728
C3_upper_wick_ratio,C6_return,0.01844019229811264,0.2877801709087885,0.0243626522001227,0.16017022412589974,3325,0.0243626522001227
H4_1_close_location,C6_high_excursion,-0.004733908090250256,0.7849536498768189,-0.024280227809730003,0.16158935101905458,3325,0.024280227809730003
C4_upper_wick,C7_low_excursion,0.04500211139094578,0.00945118483424312,0.0242321197425265,0.1624220170754718,3325,0.0242321197425265
H4_1_body,C7_return,0.004899892020482537,0.7776084355679241,-0.024072195801030684,0.16521328174165206,3325,0.024072195801030684
H4_2_open_location,C6_low_excursion,0.005462513658486759,0.7528620180222367,0.02404095418238212,0.16576275250748093,3325,0.02404095418238212
C5_range,C6_high_excursion,0.00213414754334474,0.9020953630680366,-0.024023201852539453,0.1660755882786592,3325,0.024023201852539453
H4_1_volume,C5_low_excursion,0.016352187748376313,0.3458744755832671,-0.024008423008319194,0.16633636296675547,3325,0.024008423008319194
C4_lower_wick_ratio,C5_return,-0.01623183150940022,0.3494365433748896,-0.023988345863652998,0.16669111975813886,3325,0.023988345863652998
C4_upper_wick_ratio,C7_return,0.024863714569834217,0.15174520967496077,0.02394859408406065,0.16739519776677447,3325,0.02394859408406065
C3_C2_range_ratio,C6_high_excursion,-0.01773004837401642,0.30675232313134776,0.023943681516410364,0.1674823632935811,3325,0.023943681516410364
C4_close_below_C3_low,C7_low_excursion,0.010742562234136943,0.5357639894018299,0.023890519581580734,0.1684278163730351,3325,0.023890519581580734
H4_inside,C7_high_excursion,-0.022170187664297927,0.20122411917203198,-0.023885782816088576,0.16851225079242987,3325,0.023885782816088576
H4_2_lower_wick,C6_low_excursion,0.05432287856666705,0.0017270785112783711,0.0238667999945782,0.16885094452859578,3325,0.0238667999945782
H4_2_upper_wick,C6_return,0.030175720777146718,0.08190137112230521,0.023695680532750285,0.1719271540370597,3325,0.023695680532750285
C1_upper_wick_ratio,C5_return,-0.01958461651100405,0.25890301068487714,-0.023684221323364462,0.17213464374048437,3325,0.023684221323364462
C4_high,C5_return,-0.03293817217595181,0.05755017419619031,-0.02363676223451913,0.1729959704085161,3325,0.02363676223451913
C2_upper_wick,C5_low_excursion,0.05211530529499557,0.0026468468320194638,0.023632192758418415,0.17307907070003908,3325,0.023632192758418415
H4_2_upper_wick_ratio,C7_low_excursion,0.009256489231440576,0.5936418764552975,0.02358548334072148,0.17393023756226422,3325,0.02358548334072148
C4_lower_wick,C5_low_excursion,0.02998920295269621,0.0838090150585464,-0.02358164523835682,0.17400031646736422,3325,0.02358164523835682
C4_upper_wick_ratio,C7_low_excursion,0.029335601441542465,0.09077928448192366,0.02350639887185856,0.17537848140688297,3325,0.02350639887185856
C3_C2_range_ratio,C6_return,-0.004762163108781077,0.7837019202649987,0.023492270916413923,0.17563814529811514,3325,0.023492270916413923
C4_close_below_C3_low,C6_high_excursion,-0.01931562937048097,0.2655029325672075,0.023479268727997958,0.17587737140832876,3325,0.023479268727997958
C4_low,C6_low_excursion,-0.04481709245421844,0.00974901755017962,-0.023451604687930106,0.17638716760387163,3325,0.023451604687930106
C3_return,C6_low_excursion,-0.010569943739513137,0.5423385065205469,-0.023444897259478674,0.17651093855812472,3325,0.023444897259478674
H4_2_lower_wick_ratio,C5_high_excursion,-0.02011222999679579,0.24628952789047676,-0.023430564166697285,0.17677564134487933,3325,0.023430564166697285
window_high,C5_low_excursion,-0.011661809894279888,0.5014418846763833,0.02341788769553787,0.17700999601226627,3325,0.02341788769553787
C4_close_above_C3_high,C7_high_excursion,-0.0014318724277340273,0.9342214549391074,-0.02339739796751582,0.17738928637056556,3325,0.02339739796751582
H4_1_lower_wick_ratio,C6_return,-0.0139333554893894,0.42187454060414825,-0.023312798534047295,0.17896173443454977,3325,0.023312798534047295
C4_volume_ratio,C7_high_excursion,0.005744637421392408,0.7405461915908075,0.02325085585779296,0.18011961629745465,3325,0.02325085585779296
C4_body_ratio,C6_low_excursion,-0.020121319018179547,0.24607607898534406,-0.02323597323130714,0.18039864134688194,3325,0.02323597323130714
H4_2_upper_wick_ratio,C6_low_excursion,4.967605991353964e-05,0.9977153529954585,0.023210716426616835,0.18087289962785247,3325,0.023210716426616835
H4_1_body_ratio,C6_high_excursion,-0.03819070799806776,0.02765408177267595,-0.023111626906174312,0.18274248579672608,3325,0.023111626906174312
C1_volume,C5_return,0.02876776031975343,0.09720660637185213,-0.022997347302028393,0.18491640868300405,3325,0.022997347302028393
C3_close_location,C7_high_excursion,-0.011548165020309293,0.5056210983415574,-0.022954326241936347,0.18573972769984498,3325,0.022954326241936347
C1_range,C7_low_excursion,0.035938869047354674,0.03824432615823153,-0.022928213942632707,0.1862407733646993,3325,0.022928213942632707
timestamp,C7_low_excursion,0.04925966385469027,0.004495715179297566,0.02286440374197219,0.18746937038140302,3325,0.02286440374197219
C3_lower_wick_ratio,C5_low_excursion,0.02036440431900159,0.24041543947998859,-0.022861062528388498,0.18753386625756557,3325,0.022861062528388498
H4_1_close_location,C7_return,-0.012791738121193684,0.4609031956583365,-0.0228419906379455,0.1879023268983765,3325,0.0228419906379455
H4_2_open_location,C7_low_excursion,-0.000701320947917413,0.9677543488984554,0.022836266244332944,0.1880130238244423,3325,0.022836266244332944
C3_low,C6_low_excursion,-0.04485195946755635,0.009692259399651171,-0.022813398823112663,0.18845570830918318,3325,0.022813398823112663
C4_close,C6_low_excursion,-0.04305174285382995,0.01303900381321187,-0.022770264179641123,0.18929283185284465,3325,0.022770264179641123
H4_2_close,C6_low_excursion,-0.04305174285382995,0.01303900381321187,-0.022770264179641123,0.18929283185284465,3325,0.022770264179641123
C3_trades,C5_high_excursion,-0.047158874053461614,0.006532060912278718,-0.0227453833480491,0.18977694384989086,3325,0.0227453833480491
C4_low,C5_return,-0.03273758528893027,0.059088084859275004,-0.022692838197606462,0.19080232175296033,3325,0.022692838197606462
C4_return,C5_low_excursion,0.005823531127788542,0.7371138714544836,-0.02263454890083927,0.19194455491396464,3325,0.02263454890083927
H4_1_upper_wick_ratio,C5_return,0.012176962298348271,0.4827291138168167,0.022519768301342925,0.19420846676139936,3325,0.022519768301342925
H4_1_low,C6_low_excursion,-0.04522312273015272,0.009106065213576355,-0.022499021371331154,0.19461975730546952,3325,0.022499021371331154
C1_trades,C7_low_excursion,-0.02544256745146522,0.14243705597527231,-0.022496389531061207,0.1946719769587966,3325,0.022496389531061207
C3_C2_range_ratio,C7_return,-0.009768729753170191,0.5733708289384919,0.02247672013415748,0.1950625726315107,3325,0.02247672013415748
C4_upper_wick_ratio,C6_high_excursion,0.03162102267243571,0.06828409741747689,0.022431775414799016,0.1959572422448948,3325,0.022431775414799016
C4_trades,C7_return,0.0010909257572694168,0.9498602982121138,-0.02230247971230296,0.1985477569825725,3325,0.02230247971230296
C1_upper_wick,C7_low_excursion,0.013448392070749148,0.4382122778506434,-0.02229202480655172,0.19875831569355512,3325,0.02229202480655172
C2_trades,C6_low_excursion,-0.009532391475254531,0.5826827322603302,-0.02212927457452853,0.20205712152030383,3325,0.02212927457452853
C3_C4_return,C5_low_excursion,0.00927636148287459,0.5928493850252781,-0.022095480551178954,0.20274707008444398,3325,0.022095480551178954
C3_upper_wick_ratio,C5_high_excursion,0.04064245323217853,0.019096322721877123,0.021868209452853782,0.20743170339399916,3325,0.021868209452853782
H4_2_low,C5_return,-0.033138758748627414,0.056045678261644236,-0.021803432800684645,0.20878117755886397,3325,0.021803432800684645
H4_1_return,C6_return,-0.008656099816730175,0.6178098641690666,-0.02168366060406617,0.2112930855560847,3325,0.02168366060406617
C4_vs_avg_range,C5_return,0.011451942614578534,0.5091738896755903,0.021669723099543934,0.21158680088896176,3325,0.021669723099543934
H4_1_high,C5_high_excursion,-0.018132780837477373,0.2958936079854455,-0.021668094224160415,0.2116211466272398,3325,0.021668094224160415
C3_lower_wick,C6_low_excursion,0.05376652127128924,0.001926036956001615,0.021627991842163848,0.21246799824705584,3325,0.021627991842163848
H4_2_open_location,C5_return,-0.003725595776795234,0.8299635620846049,0.021610140570996205,0.21284575376110237,3325,0.021610140570996205
C2_open_location,C5_return,0.017911936744501956,0.3018158807389455,0.021538034359285637,0.2143765457535812,3325,0.021538034359285637
H4_return_change,C5_low_excursion,0.006337683397657544,0.7148763495100044,-0.021478096583781425,0.2156550324888027,3325,0.021478096583781425
C2_return,C7_return,-0.005542108363735199,0.7493808654156376,-0.021373389489745754,0.21790161279217243,3325,0.021373389489745754
C4_open,C5_return,-0.032066061676209505,0.06448677244067949,-0.021364851518087147,0.21808554104849925,3325,0.021364851518087147
C2_volume,C5_low_excursion,0.012981823867727787,0.4542680401023277,-0.0213638506447641,0.2181071095465353,3325,0.0213638506447641
C2_low,C6_low_excursion,-0.04399116403565947,0.011182976769609125,-0.021332101654964738,0.21879208552220397,3325,0.021332101654964738
C4_upper_wick,C7_high_excursion,-0.01928515351583266,0.2662579341373435,-0.02130421620172823,0.2193949795446695,3325,0.02130421620172823
window_low,C5_return,-0.032884912180310644,0.057955241660996235,-0.02130219060374218,0.21943882013448823,3325,0.02130219060374218
C4_upper_wick_ratio,C5_return,0.016260712777255083,0.3485796566166833,0.0212851883745307,0.21980705202172884,3325,0.0212851883745307
C3_close,C5_return,-0.03220375005665665,0.06334784808278149,-0.02127214528637535,0.2200898376740867,3325,0.02127214528637535
C2_body_ratio,C5_low_excursion,-0.00283325215451011,0.8702726383440941,0.021224419223143224,0.22112680453315162,3325,0.021224419223143224
C4_open,C6_low_excursion,-0.04279287185991563,0.013596146437892361,-0.02122096252512163,0.22120204557458675,3325,0.02122096252512163
C3_low,C5_return,-0.033378151571575684,0.05429311409369612,-0.021217105048353,0.22128603191504,3325,0.021217105048353
H4_2_high,C5_return,-0.031051449651038163,0.07341013647536758,-0.021213383274809063,0.22136708532731184,3325,0.021213383274809063
H4_1_upper_wick,C7_return,0.01656716117114848,0.3395698823340098,-0.021205874455676166,0.22153067838807727,3325,0.021205874455676166
C4_C3_range_ratio,C7_return,-0.0025802204545708426,0.8817689968665733,0.02105231539387101,0.22489524680374354,3325,0.02105231539387101
C3_close,C6_low_excursion,-0.0429652033363315,0.01322296646308124,-0.020985675793973736,0.2263666567361724,3325,0.020985675793973736
H4_1_high,C5_low_excursion,-0.014613056668589468,0.3995875421182671,0.02096282071823423,0.22687287702810505,3325,0.02096282071823423
C4_upper_wick,C5_return,-0.008783604503801758,0.6126413826755345,0.020909857928226375,0.22804905773758916,3325,0.020909857928226375
H4_1_upper_wick,C6_low_excursion,0.034194529345079314,0.048656669561329725,0.020888485433684108,0.22852491879799564,3325,0.020888485433684108
H4_2_high,C5_high_excursion,-0.015929902921980467,0.35847444620149105,-0.02086021630082761,0.22915541938868836,3325,0.02086021630082761
C7_range,C6_return,-0.03886947171386088,0.025004882274440084,-0.020856643772687426,0.2292351872597067,3325,0.020856643772687426
H4_1_trades,C7_low_excursion,-0.027445088758661494,0.11358931637741007,-0.020483139854555434,0.23768407987422724,3325,0.020483139854555434
C2_open_location,C6_high_excursion,0.003528036887163559,0.8388531375704229,0.02047742531882708,0.23781503158031336,3325,0.02047742531882708
H4_2_upper_wick,C7_return,0.02751502057830215,0.1126719004810742,0.020415241697021972,0.23924329629304905,3325,0.020415241697021972
C1_body_ratio,C6_high_excursion,0.009118753719329199,0.5991479428194542,0.020398473613427566,0.23962946717841926,3325,0.020398473613427566
C1_low,C6_low_excursion,-0.043792845106175954,0.011554012733244835,-0.02038451153316513,0.23995135050328104,3325,0.02038451153316513
H4_2_range,C5_return,0.026502239251725405,0.12654049614794863,0.020361970039274226,0.24047166727716773,3325,0.020361970039274226
C2_C1_range_ratio,C7_return,-0.016848764636463665,0.33142340499699446,0.020184372738093235,0.24459887777853936,3325,0.020184372738093235
C4_high,C6_low_excursion,-0.04083101602419069,0.018546255593231968,-0.02016561739154582,0.2450376201186803,3325,0.02016561739154582
H4_bearish_engulf,C7_high_excursion,0.004054355674051028,0.8152189678279205,0.020052877646991263,0.24768656273546608,3325,0.020052877646991263
C2_close_location,C5_high_excursion,-0.002070216870592905,0.9050140984146645,-0.01998781652190388,0.24922433012780973,3325,0.01998781652190388
H4_2_return,C5_low_excursion,0.007116652388352745,0.6816467052094825,-0.019879824334744837,0.2517915060139089,3325,0.019879824334744837
direction_sum,C6_low_excursion,0.00037034724818205437,0.9829686642059621,-0.019877655621668627,0.2518432484873418,3325,0.019877655621668627
C2_body_ratio,C5_return,0.006357830548051668,0.7140097314991032,0.019875077981353396,0.2519047570342185,3325,0.019875077981353396
C6_range,C7_high_excursion,0.029776496280464294,0.08602822806707729,-0.01985223396661042,0.25245032643994897,3325,0.01985223396661042
C4_close_above_C3_high,C5_return,0.0072071166127874965,0.6778258672386757,-0.019832925819926323,0.2529120923769876,3325,0.019832925819926323
C3_high,C5_return,-0.030711517835723644,0.07661654507194501,-0.019683871796675693,0.25649660727008816,3325,0.019683871796675693
C4_body,C6_low_excursion,0.056064430738842944,0.0012200064209329118,0.01965594942199496,0.2571719988899831,3325,0.01965594942199496
C4_close,C5_high_excursion,-0.012630445897218305,0.466575492517058,-0.019633412224370057,0.2577180317834871,3325,0.019633412224370057
H4_2_close,C5_high_excursion,-0.012630445897218305,0.466575492517058,-0.019633412224370057,0.2577180317834871,3325,0.019633412224370057
C3_high,C5_high_excursion,-0.015636270075387645,0.36740364015987403,-0.019616928592591565,0.2581179070361426,3325,0.019616928592591565
C4_volume_ratio,C5_return,0.00341908281949485,0.8437646381330101,-0.01960434398850404,0.25842348538210025,3325,0.01960434398850404
H4_2_open,C6_low_excursion,-0.042276917445700696,0.0147696186873755,-0.019588847445510916,0.25880011544536624,3325,0.019588847445510916
C3_open,C6_low_excursion,-0.042276917445700696,0.0147696186873755,-0.019588847445510916,0.25880011544536624,3325,0.019588847445510916
window_high,C5_return,-0.030141465865411957,0.0822490556953125,-0.019538816856368893,0.26001866002475593,3325,0.019538816856368893
C4_upper_wick,C7_return,0.013709999845691023,0.4293543130616126,0.019533253087830105,0.2601544159856135,3325,0.019533253087830105
C1_upper_wick_ratio,C5_low_excursion,-0.014847258773453857,0.3920752413804979,-0.019518794044997984,0.260507445913535,3325,0.019518794044997984
H4_same_direction,C7_low_excursion,0.032081920990990914,0.06435473327574172,0.019514921821468804,0.2606020457876991,3325,0.019514921821468804
H4_opposite_direction,C7_low_excursion,-0.032081920990990914,0.06435473327574172,-0.019514921821468804,0.2606020457876991,3325,0.019514921821468804
H4_2_open,C5_return,-0.03168665043038739,0.06771283560775722,-0.019417483868610835,0.262990313561458,3325,0.019417483868610835
C3_open,C5_return,-0.03168665043038739,0.06771283560775722,-0.019417483868610835,0.262990313561458,3325,0.019417483868610835
C4_range,C6_return,0.03010002444853495,0.082671280742121,0.01941196679513394,0.2631259909273221,3325,0.01941196679513394
H4_1_volume,C7_return,0.028659336573869217,0.09847423275682603,-0.019401907805883127,0.26337348858722537,3325,0.019401907805883127
C1_open,C6_low_excursion,-0.04234979016565933,0.014598645600512867,-0.019396970489207684,0.26349502814463766,3325,0.019396970489207684
H4_1_open,C6_low_excursion,-0.04234979016565933,0.014598645600512867,-0.019396970489207684,0.26349502814463766,3325,0.019396970489207684
C4_body_vs_C3_body,C7_high_excursion,-0.0012469058575166718,0.9427029038036359,0.01938436729224642,0.26380545037728187,3325,0.01938436729224642
H4_1_range,C5_return,0.007374107101299154,0.6707946452927852,-0.019340053783055148,0.2648989128281015,3325,0.019340053783055148
C1_trades,C6_low_excursion,-0.017049063274212767,0.3257065103821628,-0.019332648149320023,0.26508195530050366,3325,0.019332648149320023
C3_return,C7_low_excursion,-0.002857805204550791,0.8691585008094355,-0.01933158121076549,0.26510833362630354,3325,0.01933158121076549
C2_C1_range_ratio,C6_low_excursion,-0.03868214654254784,0.025713109276386946,0.019294875054842207,0.26601693478841587,3325,0.019294875054842207
C2_close,C6_low_excursion,-0.04212055224787978,0.015142444988937104,-0.01928074559298283,0.26636725710704706,3325,0.01928074559298283
H4_1_close,C6_low_excursion,-0.04212055224787978,0.015142444988937104,-0.01928074559298283,0.26636725710704706,3325,0.01928074559298283
H4_bearish_engulf,C7_return,0.007442384080053955,0.6679280424265496,0.019146363750015712,0.26971494915397354,3325,0.019146363750015712
H4_1_close,C5_return,-0.03162503773777555,0.06824903460094617,-0.019129324941428702,0.2701414683461849,3325,0.019129324941428702
C2_close,C5_return,-0.03162503773777555,0.06824903460094617,-0.019129324941428702,0.2701414683461849,3325,0.019129324941428702
H4_same_direction,C5_low_excursion,0.04037836099147858,0.019890663868570593,0.01911238939882547,0.27056586047370007,3325,0.01911238939882547
H4_opposite_direction,C5_low_excursion,-0.04037836099147858,0.019890663868570593,-0.01911238939882547,0.27056586047370007,3325,0.01911238939882547
C4_body_ratio,C6_high_excursion,-0.01795105447281431,0.3007611716699373,-0.019109373193601176,0.270641492237686,3325,0.019109373193601176
C3_trades,C6_return,0.00040601813899518967,0.9813285360997271,-0.019088997061132026,0.2711528060309392,3325,0.019088997061132026
C4_high,C5_high_excursion,-0.01374895335204451,0.4280443130163047,-0.019016218750344628,0.27298448656711044,3325,0.019016218750344628
C2_open_location,C6_return,0.008402573549363787,0.6281428923026237,0.019014803606669864,0.27302018646729875,3325,0.019014803606669864
C1_high,C5_return,-0.03074464411098743,0.0762991451555553,-0.01896153482940387,0.2743663221577265,3325,0.01896153482940387
H4_bearish_engulf,C6_high_excursion,-0.0021016215991689945,0.9035801623459195,0.01893422802788112,0.2750581363811054,3325,0.01893422802788112
C4_upper_wick_ratio,C7_high_excursion,0.03914642910879472,0.023988731230514076,0.018889662375063586,0.2761897559227662,3325,0.018889662375063586
C4_volume,C7_low_excursion,0.008911848030666141,0.6074623084792027,-0.018871171005576948,0.2766602225292999,3325,0.018871171005576948
C2_low,C5_return,-0.031196676295066117,0.07207414490716044,-0.01884608450498454,0.2772993581440081,3325,0.01884608450498454
C1_high,C5_high_excursion,-0.016112743986332844,0.35298388841662626,-0.01873986158955599,0.2800167643942858,3325,0.01873986158955599
C1_volume,C6_return,0.02070440221708252,0.2326528291051689,-0.01867943993065344,0.28157052157617635,3325,0.01867943993065344
H4_1_return,C6_high_excursion,-0.004014948213707226,0.8169830211462985,-0.01866463527367488,0.2819521169815332,3325,0.01866463527367488
C2_lower_wick_ratio,C7_high_excursion,-0.00967839840451806,0.5769216173988904,-0.01864671330236741,0.2824145312211597,3325,0.01864671330236741
C2_high,C5_low_excursion,-0.016276162145731906,0.3481218331530721,0.018633414809911774,0.28275798462528634,3325,0.018633414809911774
timestamp,C6_high_excursion,0.03823115445227794,0.027489698906459376,0.018622063530637955,0.2830513721040864,3325,0.018622063530637955
C2_upper_wick_ratio,C5_high_excursion,0.02374663128078813,0.17100686323853023,0.018485728611377227,0.28659122079220395,3325,0.018485728611377227
C2_lower_wick,C7_low_excursion,0.016293975240869382,0.3475944379606113,-0.018484214523010196,0.286630700169222,3325,0.018484214523010196
C2_high,C5_high_excursion,-0.015905553838133205,0.3592096577622106,-0.01846898474382048,0.2870280160317695,3325,0.01846898474382048
C2_open,C6_low_excursion,-0.04203213505248786,0.015356906690057686,-0.01841093373878438,0.28854586250631853,3325,0.01841093373878438
C4_volume,C5_high_excursion,0.003703417331180672,0.8309604664845537,0.018408720008009614,0.2886038512755668,3325,0.018408720008009614
C1_upper_wick_ratio,C6_high_excursion,0.003017320850241386,0.8619266182556411,-0.018355564195537837,0.2899986279044896,3325,0.018355564195537837
C1_close,C6_low_excursion,-0.042028458764490614,0.015365881351425763,-0.01834351368522705,0.2903154556693108,3325,0.01834351368522705
H4_1_low,C5_return,-0.031083114868499212,0.07311712391690846,-0.018314226334340433,0.2910864386255296,3325,0.018314226334340433
C3_lower_wick,C5_return,0.04447348870451906,0.010324386543457667,0.01830162029777363,0.29141871300226424,3325,0.01830162029777363
C4_C3_range_ratio,C6_return,0.0035471453283815405,0.8379923957113885,0.018231248022197177,0.29327829175987846,3325,0.018231248022197177
C4_upper_wick_ratio,C5_high_excursion,0.009281567262348099,0.59264186234254,0.018191224928456262,0.2943394401361062,3325,0.018191224928456262
C4_open_location,C6_high_excursion,-0.021210175981579253,0.22143695135873115,0.018179925523956527,0.29463949092247943,3325,0.018179925523956527
H4_1_close_location,C7_low_excursion,-0.002803559104664604,0.8716203560476673,-0.018116323310998234,0.2963322418808841,3325,0.018116323310998234
C1_high,C5_low_excursion,-0.016591584039856295,0.33885831410533157,0.018054513584405126,0.2979835065388426,3325,0.018054513584405126
H4_1_close_location,C6_low_excursion,0.0009582165145042062,0.9559530804269365,-0.0179487395309693,0.3008235197135911,3325,0.0179487395309693
C3_high,C6_low_excursion,-0.040483649244503116,0.019570584313524857,-0.017940136638790263,0.3010552957733783,3325,0.017940136638790263
C1_return,C5_return,-0.006007328018574906,0.7291380775837126,0.01792878132785091,0.30136140851596754,3325,0.01792878132785091
H4_2_range,C6_return,0.043393366660932575,0.012334699870816415,0.017927609358633804,0.3013930138675131,3325,0.017927609358633804
H4_1_high,C5_return,-0.03037943994407306,0.07985818074184674,-0.01792581387807262,0.30144143818459934,3325,0.01792581387807262
C2_return,C5_high_excursion,0.007577288172227943,0.6622783511626177,-0.017904352670876967,0.30202065025361874,3325,0.017904352670876967
direction_sum,C7_low_excursion,-0.004383644184220466,0.8005159487632783,-0.01789216239339186,0.302349980589712,3325,0.01789216239339186
H4_bearish_engulf,C6_return,-0.006664548729853199,0.7008625347098135,0.01779901531138529,0.30487430681529415,3325,0.01779901531138529
C3_open_location,C7_return,0.00037843207576174036,0.9825969216883014,0.017764385738097566,0.3058163380635348,3325,0.017764385738097566
C1_return,C6_low_excursion,0.008419559696857981,0.6274482721046548,0.017726903552169975,0.3068381409791247,3325,0.017726903552169975
H4_1_open,C5_return,-0.030237521570594436,0.08127711288454503,-0.017724754475682555,0.3068967954526952,3325,0.017724754475682555
C1_open,C5_return,-0.030237521570594436,0.08127711288454503,-0.017724754475682555,0.3068967954526952,3325,0.017724754475682555
C2_high,C5_return,-0.03065370992030843,0.07717300930679814,-0.017632492860849166,0.3094218801724811,3325,0.017632492860849166
C3_upper_wick,C6_low_excursion,0.048889390158085126,0.004806468764785216,0.017595345698267328,0.3104424150254885,3325,0.017595345698267328
C2_trades,C5_return,-0.0009783777830572223,0.9550272866810243,-0.01757606910662581,0.3109728703269455,3325,0.01757606910662581
C2_open,C5_return,-0.03060241921634028,0.07766949029645077,-0.017571383746162746,0.3111018928194099,3325,0.017571383746162746
H4_2_body,C5_return,0.004854735273512114,0.7796048014245816,0.017536710884774116,0.3120577891049148,3325,0.017536710884774116
C1_high,C6_low_excursion,-0.0405020798084986,0.01951501975530905,-0.01746975907061805,0.31390905348775766,3325,0.01746975907061805
C3_high,C5_low_excursion,-0.01657530330381633,0.3393325522943612,0.017391865655785568,0.3160719309019748,3325,0.017391865655785568
C4_upper_wick_ratio,C6_return,0.026696133972266636,0.12378729358962905,0.017373850371186647,0.31657355290773764,3325,0.017373850371186647
C4_lower_wick,C5_return,-0.006280830940690522,0.7173238038381488,-0.017370095869659003,0.31667815988002607,3325,0.017370095869659003
C1_close,C5_return,-0.030446103151148467,0.07919864811884385,-0.017359097204746595,0.3169847323535815,3325,0.017359097204746595
H4_2_body_ratio,C5_low_excursion,0.010457408557579317,0.5466461762244789,0.01731576106702473,0.31819455988877465,3325,0.01731576106702473
H4_2_high,C6_low_excursion,-0.03899761821866418,0.024530175086489227,-0.017228199677850796,0.3206482509960313,3325,0.017228199677850796
C4_volume_ratio,C6_high_excursion,0.004441610596805612,0.7979348357463002,0.017222748018234528,0.3208014279052085,3325,0.017222748018234528
C1_lower_wick_ratio,C7_high_excursion,-0.003266852316648422,0.8506371221196706,-0.017202988856953663,0.3213570074208517,3325,0.017202988856953663
C2_volume,C7_return,0.027723668559481815,0.1099693716029065,-0.01719527195774585,0.3215741582899385,3325,0.01719527195774585
H4_2_high,C5_low_excursion,-0.015327626644851836,0.37693721330823415,0.01719156529864291,0.3216784964312922,3325,0.01719156529864291
H4_1_close_location,C7_high_excursion,-0.013763054469237342,0.42757066861540227,-0.017179815172469633,0.32200939481163343,3325,0.017179815172469633
C3_body_ratio,C6_low_excursion,-0.031194068551499945,0.07209795777068582,-0.017175578458632604,0.32212876046682504,3325,0.017175578458632604
timestamp,C6_return,0.033557057896110035,0.053013411112858434,0.01714747311436142,0.3229213343079014,3325,0.01714747311436142
C1_low,C5_return,-0.030306416359070297,0.08058575321856712,-0.01709498335612362,0.3244049518437384,3325,0.01709498335612362
C3_volume,C5_high_excursion,-0.043966116105960774,0.011229247949831036,-0.016975209609909146,0.32780692734563344,3325,0.016975209609909146
H4_2_lower_wick_ratio,C7_return,-0.021858471009325815,0.20763417673323054,-0.016967525229040582,0.3280259766012038,3325,0.016967525229040582
C4_open_location,C7_low_excursion,0.00048448928110830813,0.9777207631771171,0.016882994173735146,0.3304418633381949,3325,0.016882994173735146
C1_volume,C7_return,0.0239922784847356,0.16662158685406428,-0.016875000216523012,0.33067092384617824,3325,0.016875000216523012
C2_C1_range_ratio,C6_return,-0.013767199608803817,0.42743149498733746,0.01684426155467017,0.3315526722461052,3325,0.01684426155467017
C3_body_ratio,C7_high_excursion,-0.01244064547234793,0.4732996671869646,-0.016794325529012534,0.33298833905251857,3325,0.016794325529012534
H4_bullish_engulf,C6_high_excursion,-0.0020728085960476893,0.9048957487615042,-0.01671011389477354,0.33541850579372245,3325,0.01671011389477354
H4_bullish_engulf,C7_high_excursion,-0.004105113841325878,0.8129481864635808,-0.016697127986808297,0.335794264606485,3325,0.016697127986808297
C4_range,C5_return,-0.005197618680105232,0.7644833177126864,0.01669121918484768,0.3359653306809186,3325,0.01669121918484768
C4_open,C5_high_excursion,-0.012329112029009465,0.477275752376845,-0.016679309385030403,0.33631030235472203,3325,0.016679309385030403
C4_low,C5_high_excursion,-0.010840330065768507,0.5320581890381259,-0.01660658857429952,0.3384216267761311,3325,0.01660658857429952
C5_range,C7_low_excursion,-0.030322970292083876,0.08042034773943682,-0.016554069344895218,0.33995171098205146,3325,0.016554069344895218
C3_upper_wick_ratio,C5_return,0.021105214766456076,0.2237320948494064,0.016472564435858872,0.3423350204332085,3325,0.016472564435858872
H4_1_close_location,C5_high_excursion,-0.0008377601345196523,0.9614855620036094,-0.016459972348899277,0.3427041796215965,3325,0.016459972348899277
H4_1_return,C5_high_excursion,0.003344635812076729,0.8471241154204033,-0.01630247589187223,0.34734293695021046,3325,0.01630247589187223
C3_close,C5_high_excursion,-0.012469159488140178,0.47228609481623807,-0.016294661417526207,0.3475741323829995,3325,0.016294661417526207
C2_high,C6_low_excursion,-0.040151781524157215,0.02059500202365987,-0.016276870961418038,0.34810083742337017,3325,0.016276870961418038
C4_break_C3_high,C5_return,-0.007842178816921761,0.6512408793008827,-0.016246252525829227,0.34900851508320785,3325,0.016246252525829227
C2_C1_range_ratio,C5_high_excursion,-0.04305641733976197,0.013029131681520909,0.016080187373685783,0.35395762472070935,3325,0.016080187373685783
direction_sum,C5_low_excursion,0.015528719121337846,0.3707085604363913,-0.01603616423803221,0.35527700873371193,3325,0.01603616423803221
C1_upper_wick,C6_low_excursion,0.021391476878639022,0.21751233555427352,-0.01602129836828679,0.35572324214480644,3325,0.01602129836828679
H4_1_trades,C6_low_excursion,-0.014716895474952064,0.3962461716745486,-0.0160176670592834,0.3558322979459594,3325,0.0160176670592834
H4_2_upper_wick,C5_high_excursion,-0.03934442665933728,0.023284404446238232,0.015966201485167114,0.3573801821920771,3325,0.015966201485167114
C4_lower_wick_ratio,C5_high_excursion,-0.00786809786586043,0.6501649265466959,-0.015917133518900298,0.3588598955548261,3325,0.015917133518900298
C3_C2_range_ratio,C5_high_excursion,0.0036486521213298165,0.833423283040228,0.01588738967958937,0.35975873418547455,3325,0.01588738967958937
C1_close,C5_low_excursion,-0.018582680274686486,0.2840708779074396,0.015861262112623366,0.3605494565064322,3325,0.015861262112623366
C6_range,C7_return,-0.006085284340854787,0.7257639649636426,-0.015838434823589702,0.3612411911042852,3325,0.015838434823589702
C4_open_location,C5_low_excursion,-0.0057993495908566,0.7381653510980106,0.015817983698459086,0.36186162687403767,3325,0.015817983698459086
C4_body_ratio,C7_return,-0.011088331014590506,0.5227165132672986,-0.015797675741543865,0.3624783793686899,3325,0.015797675741543865
H4_same_direction,C7_high_excursion,-0.01480244910613997,0.3935059000603995,-0.015783263663480932,0.3629164730311091,3325,0.015783263663480932
H4_opposite_direction,C7_high_excursion,0.01480244910613997,0.3935059000603995,0.015783263663480932,0.3629164730311091,3325,0.015783263663480932
C2_return,C7_high_excursion,-0.003994284655732931,0.8179083850626252,-0.015780461406879744,0.3630016935721,3325,0.015780461406879744
C2_open,C5_low_excursion,-0.01865232175113416,0.2822697694574532,0.01577515725395932,0.36316303455283794,3325,0.01577515725395932
H4_1_body_ratio,C6_return,0.010229636676093092,0.5554164314274939,0.01569953912845547,0.36546805240137903,3325,0.01569953912845547
C1_return,C5_low_excursion,0.013925130956318388,0.42214860381157165,0.015656543631421053,0.3667827181005754,3325,0.015656543631421053
C4_lower_wick_ratio,C6_low_excursion,0.008901879417081614,0.6078641871280882,-0.015591136294887243,0.3687883101296351,3325,0.015591136294887243
C1_volume,C7_low_excursion,0.0006713509616359781,0.9691316197240681,-0.015557945368979576,0.36980865025278253,3325,0.015557945368979576
H4_2_open,C5_high_excursion,-0.012591162802531124,0.46796283447552556,-0.01542868275956191,0.373799070227369,3325,0.01542868275956191
C3_open,C5_high_excursion,-0.012591162802531124,0.46796283447552556,-0.01542868275956191,0.373799070227369,3325,0.01542868275956191
C3_range,C7_return,0.03008044613504253,0.0828713638761214,-0.01538201805952062,0.37524615793779736,3325,0.01538201805952062
H4_1_lower_wick_ratio,C7_return,-0.01388036674877673,0.4236420934480949,-0.015365686954658094,0.375753407021173,3325,0.015365686954658094
C2_return,C6_low_excursion,0.0008744304880813122,0.9598011084209701,-0.015327593306510982,0.3769382512518258,3325,0.015327593306510982
C4_body,C5_high_excursion,-0.04678493573812,0.006971259053628744,-0.015294298086987184,0.3779757316934589,3325,0.015294298086987184
H4_1_high,C6_low_excursion,-0.039047524656046884,0.024347424093353172,-0.015201706288678157,0.3808701273042655,3325,0.015201706288678157
C1_close_location,C7_high_excursion,-0.01868854263242455,0.2813360701028449,-0.015150509490016655,0.3824763508943422,3325,0.015150509490016655
timestamp,C5_low_excursion,0.012686539247125816,0.4645984318073236,-0.015141326683452212,0.38276488620337656,3325,0.015141326683452212
C2_close,C5_high_excursion,-0.012441200079334552,0.47327994147163216,-0.015131994876807853,0.38305823983652465,3325,0.015131994876807853
H4_1_close,C5_high_excursion,-0.012441200079334552,0.47327994147163216,-0.015131994876807853,0.38305823983652465,3325,0.015131994876807853
C4_trades_ratio,C7_return,0.0022347110178745633,0.8975068591420389,0.015116463990694124,0.3835467721758189,3325,0.015116463990694124
C1_open,C5_low_excursion,-0.019241545515417992,0.26734083492613137,0.015109031737288725,0.3837806925285846,3325,0.015109031737288725
H4_1_open,C5_low_excursion,-0.019241545515417992,0.26734083492613137,0.015109031737288725,0.3837806925285846,3325,0.015109031737288725
H4_1_volume,C6_return,0.029798642622210516,0.0857949798991583,-0.015078123539432416,0.3847544232125689,3325,0.015078123539432416
last2_bullish,C6_low_excursion,0.013860048198732891,0.42432100927939786,-0.015038257644886976,0.3860125844491942,3325,0.015038257644886976
C4_lower_wick_ratio,C6_high_excursion,-0.010818975165051741,0.5328665180103305,-0.015030051090528044,0.3862718933282284,3325,0.015030051090528044
H4_2_lower_wick,C7_low_excursion,0.040741683846652624,0.018805099759327575,0.014999451757627357,0.3872397009376646,3325,0.014999451757627357
C2_upper_wick,C6_low_excursion,0.033745567065052814,0.051692375014264186,0.014860281686349477,0.3916600450949602,3325,0.014860281686349477
C4_break_C3_low,C5_low_excursion,-0.04116430194489095,0.01760784602908965,-0.01484347581703335,0.3921958995336018,3325,0.01484347581703335
H4_2_lower_wick_ratio,C7_low_excursion,-0.014881813075356824,0.3909741670001501,-0.014797488264017541,0.39366448119236785,3325,0.014797488264017541
C1_lower_wick,C6_low_excursion,0.020591842766255815,0.2352027829644042,-0.014772690762977964,0.39445775211189016,3325,0.014772690762977964
C2_body_ratio,C7_high_excursion,0.005013085749144912,0.7726106483308138,0.014761254782205723,0.394823914066437,3325,0.014761254782205723
C3_lower_wick_ratio,C5_return,0.00977042777112686,0.5733041817225684,0.014705402149022752,0.39661517687687986,3325,0.014705402149022752
H4_2_lower_wick_ratio,C6_low_excursion,-0.008411425466465432,0.6277808667751517,-0.014611430225044252,0.3996400129210158,3325,0.014611430225044252
C2_lower_wick_ratio,C6_high_excursion,-0.014080398391461968,0.4169923044458089,-0.014585788492164147,0.400467789897093,3325,0.014585788492164147
C2_open_location,C7_return,0.00669314743817021,0.6996411568302409,0.01456123687385892,0.4012613396772996,3325,0.01456123687385892
C3_close,C5_low_excursion,-0.019440622898579216,0.26242179809751937,0.014530794290572292,0.4022466047668838,3325,0.014530794290572292
C3_open_location,C5_low_excursion,-0.006532435559505116,0.7065147451771359,-0.014525898341148032,0.40240519596436286,3325,0.014525898341148032
C2_close,C5_low_excursion,-0.019262449673868746,0.2668213528305848,0.01452387142448204,0.40247086348018957,3325,0.01452387142448204
H4_1_close,C5_low_excursion,-0.019262449673868746,0.2668213528305848,0.01452387142448204,0.40247086348018957,3325,0.01452387142448204
H4_2_open,C5_low_excursion,-0.019290386355777706,0.2661281920866725,0.014514679665057664,0.4027687362846045,3325,0.014514679665057664
C3_open,C5_low_excursion,-0.019290386355777706,0.2661281920866725,0.014514679665057664,0.4027687362846045,3325,0.014514679665057664
C1_return,C6_high_excursion,-0.0004416661979951288,0.9796895365957995,0.014354777805203053,0.40797170196097476,3325,0.014354777805203053
C3_volume,C7_return,0.031596130214236025,0.06850180912919314,-0.01433716027018486,0.40854738794191936,3325,0.01433716027018486
C4_open,C5_low_excursion,-0.019216648190845793,0.2679604562005416,0.014330560543083305,0.40876317081911784,3325,0.014330560543083305
C1_body,C6_return,0.012536164755327827,0.4699090054968896,-0.014290567874444372,0.4100722101050639,3325,0.014290567874444372
H4_1_upper_wick,C5_return,-0.0016999317130578298,0.9219433640654683,0.01421820202204263,0.4124472089720562,3325,0.01421820202204263
C3_lower_wick,C7_low_excursion,0.03885672379614583,0.025052537728546754,0.014180158445977043,0.41369903540136566,3325,0.014180158445977043
C1_open,C5_high_excursion,-0.012690396151244294,0.46446266313844986,-0.01404724168702578,0.4180902822870256,3325,0.01404724168702578
H4_1_open,C5_high_excursion,-0.012690396151244294,0.46446266313844986,-0.01404724168702578,0.4180902822870256,3325,0.01404724168702578
C3_upper_wick,C6_return,0.022947733851364165,0.18586612910982364,0.013965781520944517,0.4207950358684278,3325,0.013965781520944517
C4_close_above_C3_high,C5_high_excursion,0.03134558432343885,0.0707250210599599,-0.013896455889873541,0.4231049483564612,3325,0.013896455889873541
C4_body,C5_return,0.001069092662787343,0.9508624803659675,0.013874786467015027,0.4238284874243534,3325,0.013874786467015027
C3_open_location,C7_high_excursion,-0.012287589800624794,0.4787606431556333,0.01385589649099273,0.42445981095430574,3325,0.01385589649099273
C2_open,C5_high_excursion,-0.012788668762542662,0.4610107774508137,-0.013794159707821791,0.4265269498280031,3325,0.013794159707821791
C4_lower_wick,C7_low_excursion,0.040778180457144916,0.0186989699677381,0.013764224969705873,0.4275313662295047,3325,0.013764224969705873
last2_bearish,C5_low_excursion,-0.0168867036434111,0.3303356063006739,0.013707185849624662,0.42944903739897955,3325,0.013707185849624662
C1_close,C5_high_excursion,-0.012660079277334967,0.46553045630515477,-0.01370467528335684,0.4295335579699222,3325,0.01370467528335684
C4_high,C5_low_excursion,-0.017772619366244476,0.30559218334951854,0.013525124788931949,0.43560330287379256,3325,0.013525124788931949
C3_body,C7_return,0.036187315740175266,0.036927817492599935,-0.013503953636949093,0.4363222433047145,3325,0.013503953636949093
C4_upper_wick,C6_high_excursion,-0.02308595967858796,0.18322909280420957,-0.013469619589543295,0.43748962773591415,3325,0.013469619589543295
C3_body,C7_low_excursion,0.04561746902263328,0.008518113086927945,0.013390726954417903,0.4401788355147854,3325,0.013390726954417903
C3_upper_wick,C7_return,0.005376019132354505,0.75665064220514,-0.013386009136283492,0.4403399512299596,3325,0.013386009136283492
C4_trades_ratio,C7_low_excursion,-0.010432209729900272,0.5476130635150469,-0.013343811246618164,0.44178253170914006,3325,0.013343811246618164
C2_range,C7_low_excursion,0.050974309084316154,0.0032807642983740623,0.013343316028372415,0.44179947731976044,3325,0.013343316028372415
window_high,C6_low_excursion,-0.03656877368372251,0.034981652505367396,-0.013272385636221838,0.4442304458015086,3325,0.013272385636221838
H4_2_trades,C6_return,0.0012592227348264076,0.9421379136980563,-0.013268262356794189,0.4443719955991682,3325,0.013268262356794189
all_bullish,C6_low_excursion,0.0013708437102919581,0.93701908566029,-0.013267429076815032,0.4444006047436406,3325,0.013267429076815032
C1_low,C5_low_excursion,-0.021281446687803424,0.21988814841685447,0.012958235932711563,0.45508846697205174,3325,0.012958235932711563
C4_low,C5_low_excursion,-0.020519940948183164,0.23684198223430292,0.012911174999663141,0.45672781231656856,3325,0.012911174999663141
C3_return,C5_low_excursion,0.0006002479271813655,0.9723995205943039,-0.012825100489694752,0.45973474155949035,3325,0.012825100489694752
H4_2_close,C5_low_excursion,-0.01897543036088796,0.27401473718520375,0.012743901580892624,0.462581471945093,3325,0.012743901580892624
C4_close,C5_low_excursion,-0.01897543036088796,0.27401473718520375,0.012743901580892624,0.462581471945093,3325,0.012743901580892624
C2_open_location,C5_low_excursion,0.010449416015958042,0.5469527611337064,0.012730449084898163,0.46305404652418236,3325,0.012730449084898163
C3_lower_wick_ratio,C5_high_excursion,5.311025297006274e-05,0.9975574118224546,0.012687501223109634,0.46456456677926905,3325,0.012687501223109634
C1_return,C7_low_excursion,0.006994216840412352,0.6868308891529278,0.012668033123750068,0.46525018134415086,3325,0.012668033123750068
H4_2_volume,C6_low_excursion,0.006933747915001927,0.6893967335986826,-0.012666260299132608,0.46531264341959455,3325,0.012666260299132608
C4_trades_ratio,C6_return,0.0046604152013500315,0.7882120658158392,0.012640648939666006,0.4662155302237525,3325,0.012640648939666006
C3_return,C6_high_excursion,-0.002464368348114849,0.8870411471429991,-0.012639677288187025,0.46624980334754673,3325,0.012639677288187025
C4_trades_ratio,C6_low_excursion,-0.00016364904603316885,0.9924737333824009,-0.012596103629601136,0.46778821620693634,3325,0.012596103629601136
H4_2_low,C5_high_excursion,-0.00824104267528857,0.6347648135179074,-0.012513453730414065,0.4707139642402842,3325,0.012513453730414065
H4_1_return,C7_high_excursion,-0.005393813437372428,0.7558707367364221,-0.0124965042290918,0.4713152097071047,3325,0.0124965042290918
C1_volume,C6_low_excursion,0.00249997058724001,0.8854204320233368,-0.01242292528346092,0.4739301593380747,3325,0.01242292528346092
C3_low,C5_high_excursion,-0.009250621067884377,0.5938759873531816,-0.012405813235530585,0.4745394512754174,3325,0.012405813235530585
C4_body_vs_C3_body,C7_low_excursion,-0.012920929482752058,0.45638774724315445,-0.012379419756023895,0.4754800606097487,3325,0.012379419756023895
window_range,C7_return,0.038293673514561664,0.027237266139122206,-0.012371652696640319,0.47575705718905237,3325,0.012371652696640319
last2_bullish,C5_low_excursion,0.020113723857682744,0.24625443677455816,-0.012285532558823782,0.4788342784083244,3325,0.012285532558823782
C3_upper_wick_ratio,C6_high_excursion,0.04651791831570208,0.007300913140699065,0.012229550643615668,0.4808404210983567,3325,0.012229550643615668
H4_1_return,C7_return,0.0026804541012364477,0.877211817646067,-0.012161077989499688,0.48330038461601466,3325,0.012161077989499688
C4_open_location,C6_low_excursion,-0.003735448184766227,0.8295207914295908,0.012153963088832547,0.48355638718136296,3325,0.012153963088832547
C2_upper_wick,C7_return,-0.0042360822655738845,0.8070963181022524,-0.012113322678296195,0.48502008643466266,3325,0.012113322678296195
C4_upper_wick,C6_return,0.01787645861046229,0.3027745829856215,0.012111240275299655,0.48509515051211993,3325,0.012111240275299655
C4_upper_wick_ratio,C5_low_excursion,0.003738308429582265,0.8293922611579373,0.01208257167268482,0.48612920242249835,3325,0.01208257167268482
C3_C2_range_ratio,C5_return,0.0026772300087057085,0.8773583403595931,0.012032206808932473,0.48794870158445003,3325,0.012032206808932473
H4_range_ratio,C6_low_excursion,0.060248591238788916,0.0005090382051221177,0.012010063057773716,0.48874983540865846,3325,0.012010063057773716
C3_close_location,C6_low_excursion,0.0005981453708740502,0.9724961615632912,-0.011993709370695927,0.4893419463429872,3325,0.011993709370695927
C3_low,C5_low_excursion,-0.022172785469021294,0.2011713117829869,0.011956984350487922,0.49067303924399885,3325,0.011956984350487922
C4_body_vs_C3_body,C6_return,-0.0070378832291360695,0.684980255374731,0.011909283375713745,0.49240485412780166,3325,0.011909283375713745
range_trend,C6_low_excursion,0.01222192430493792,0.4811140688388614,0.011893676606631452,0.4929721784909469,3325,0.011893676606631452
C2_low,C5_low_excursion,-0.021667899429424466,0.21162525425162151,0.011869505755834108,0.4938515077391198,3325,0.011869505755834108
last2_bullish,C7_low_excursion,0.01894619881974588,0.2747547115542708,-0.011800148121695078,0.4963793713435113,3325,0.011800148121695078
C4_break_C3_high,C6_low_excursion,0.004260002592894713,0.8060286756739442,-0.011790636440808437,0.4967265786719909,3325,0.011790636440808437
C3_open_location,C6_high_excursion,-0.028367071933215353,0.10195700755761596,-0.011775235133829002,0.4972890508127925,3325,0.011775235133829002
H4_bullish_engulf,C5_high_excursion,0.025588304608565492,0.1401640615098158,0.011755658682008749,0.49800449284071124,3325,0.011755658682008749
C3_lower_wick_ratio,C6_high_excursion,0.0009120073410647115,0.9580752009034633,0.0117312217179739,0.4988983350316174,3325,0.0117312217179739
C4_volume,C5_return,0.00446563445487745,0.7968657528415151,-0.011647155986076546,0.5019797434896112,3325,0.011647155986076546
H4_same_direction,C6_return,0.02357157287867507,0.17418432529543437,0.011474966322674031,0.5083226042044995,3325,0.011474966322674031
H4_opposite_direction,C6_return,-0.02357157287867507,0.17418432529543437,-0.011474966322674031,0.5083226042044995,3325,0.011474966322674031
C4_volume_ratio,C7_return,0.004231568095161454,0.8072978406527543,0.011290048779461926,0.5151808130967355,3325,0.011290048779461926
C4_lower_wick_ratio,C7_return,-0.010784918587106042,0.5341569164141037,-0.01126223297138116,0.5162165839721241,3325,0.01126223297138116
C2_open_location,C7_high_excursion,0.003022837589662519,0.8616767117782018,0.01119721333292004,0.5186419087235481,3325,0.01119721333292004
C3_C2_range_ratio,C7_high_excursion,-0.01853667218027329,0.2852650225712974,0.0111887078684742,0.5189596093371134,3325,0.0111887078684742
H4_2_open_location,C6_high_excursion,-0.0235445256454445,0.17467916156866353,0.011118106350041785,0.5216006274037002,3325,0.011118106350041785
C2_upper_wick,C6_return,-0.01787812700067306,0.302729453869398,-0.011017087138023225,0.5253914753468181,3325,0.011017087138023225
C3_upper_wick,C7_low_excursion,0.03623417235293739,0.03668389950285905,0.01095093127547997,0.5278816530303313,3325,0.01095093127547997
C2_low,C5_high_excursion,-0.00913165600617915,0.5986311846194607,-0.01093906848232747,0.5283288162549888,3325,0.01093906848232747
H4_2_open_location,C5_high_excursion,-0.023432498221372017,0.17673990608088166,0.010934266764853096,0.528509869880904,3325,0.010934266764853096
H4_2_low,C5_low_excursion,-0.02279889130190757,0.18873695380188327,0.010858281717572976,0.5313791609803031,3325,0.010858281717572976
C1_upper_wick_ratio,C6_return,0.001490577229317142,0.9315311209345785,-0.010753883871180085,0.5353341887351257,3325,0.010753883871180085
H4_1_body_ratio,C7_return,0.005186066849197153,0.7649913419772173,0.010710749867082843,0.5369726040270398,3325,0.010710749867082843
H4_1_body,C6_return,0.019517248380157066,0.26054520423750954,-0.010682517381428598,0.5380463581979188,3325,0.010682517381428598
C2_body,C7_return,0.02638085762834546,0.12828815702053523,-0.010657328132970035,0.5390052786527457,3325,0.010657328132970035
all_bullish,C5_low_excursion,0.02396158022410734,0.1671649438729293,0.010633208992236649,0.5399242632189227,3325,0.010633208992236649
C1_open_location,C5_low_excursion,-0.00040858610495635855,0.9812104653865147,-0.010614232231485358,0.5406478639842364,3325,0.010614232231485358
C3_volume,C6_low_excursion,0.009388982885749318,0.5883673083104284,-0.010545186452127089,0.5432847232215106,3325,0.010545186452127089
C4_range,C7_return,0.030141855098613116,0.08224509830120214,0.010530480393479827,0.543847173412198,3325,0.010530480393479827
C3_close_location,C5_low_excursion,0.026861814949977275,0.12147193388357982,-0.010479545471059497,0.5457974734899997,3325,0.010479545471059497
H4_1_return,C5_low_excursion,0.002132081973070495,0.9021896455882731,-0.010409958348206488,0.5484675585483902,3325,0.010409958348206488
H4_inside,C5_return,-0.020589094514607928,0.23526528898301124,-0.010367850162770753,0.550086391411653,3325,0.010367850162770753
H4_1_open_location,C7_return,-0.0028720057037380144,0.868514246701898,0.01032392490119386,0.5517775842294589,3325,0.01032392490119386
H4_bullish_engulf,C5_return,-0.006083766078721796,0.7258296279993242,-0.010217849742478347,0.5558721447454427,3325,0.010217849742478347
C1_close_location,C5_return,0.007093583167555091,0.682622366654366,0.01013834900277596,0.5589506040951214,3325,0.01013834900277596
C4_vs_avg_range,C6_low_excursion,0.02642363427644375,0.12767012819001441,-0.010103567267313427,0.5603000337677078,3325,0.010103567267313427
C1_lower_wick_ratio,C6_high_excursion,-0.0015956446635405075,0.9267180436119978,-0.010098392639413799,0.5605009289637053,3325,0.010098392639413799
C1_close_location,C5_high_excursion,0.0030736534580690306,0.8593754237184196,0.009994389576221821,0.5645460296667095,3325,0.009994389576221821
C1_lower_wick_ratio,C5_high_excursion,-0.004580438287069586,0.7917621725394777,0.00998032886714595,0.5650939832717495,3325,0.00998032886714595
H4_2_lower_wick,C5_return,0.01085712372911633,0.5314229490788742,-0.009919532520727302,0.5674661876070672,3325,0.009919532520727302
C3_close_location,C7_low_excursion,0.002063674316128406,0.9053128697789385,-0.009897644687652446,0.5683213914149803,3325,0.009897644687652446
C1_close_location,C6_high_excursion,0.0029393401096747206,0.8654605864763264,0.009826340835065964,0.5711116475400877,3325,0.009826340835065964
C1_close_location,C6_low_excursion,0.008535922987522308,0.6226986856708111,0.009816478917501219,0.571498075693219,3325,0.009816478917501219
H4_inside,C6_return,-0.0072440509354123606,0.6762682839039671,-0.009801629590436262,0.572080164284831,3325,0.009801629590436262
C6_direction,C5_high_excursion,-0.010956766778335802,0.5276617568698101,-0.009694318122635744,0.5762950860033429,3325,0.009694318122635744
H4_bullish_engulf,C5_low_excursion,-0.012319774175195041,0.47760946687477907,-0.009665614996543597,0.5774249493355177,3325,0.009665614996543597
C2_return,C7_low_excursion,0.001696842588517532,0.9220847570343147,-0.00964581249862866,0.578205057672012,3325,0.00964581249862866
C3_lower_wick,C5_low_excursion,0.05841065848423431,0.0007524088590616698,0.00961015632240389,0.5796109605618722,3325,0.00961015632240389
C2_open_location,C5_high_excursion,-0.01667363320464057,0.3364747951081007,0.009584814570870957,0.5806111450130197,3325,0.009584814570870957
H4_1_open_location,C7_high_excursion,0.007094939481023422,0.6825649896999243,0.009564782673869893,0.5814023322192805,3325,0.009564782673869893
H4_bearish_engulf,C6_low_excursion,-0.02010310121143091,0.24650404114781438,-0.009556300261138805,0.5817375085553883,3325,0.009556300261138805
H4_1_low,C5_low_excursion,-0.023462748901320114,0.17618166845571642,0.009537647962637242,0.582474857835167,3325,0.009537647962637242
H4_1_volume,C7_low_excursion,0.00511430941457635,0.768149333318909,-0.009462837121408798,0.5854365995036899,3325,0.009462837121408798
C1_low,C5_high_excursion,-0.009217337379350076,0.5952046411606834,-0.009342549649553967,0.5902133498373096,3325,0.009342549649553967
H4_opposite_direction,C7_return,-0.012109726626522321,0.4851497167357711,-0.009313589949465082,0.5913660460307353,3325,0.009313589949465082
H4_same_direction,C7_return,0.012109726626522321,0.4851497167357711,0.009313589949465082,0.5913660460307353,3325,0.009313589949465082
H4_1_body_ratio,C7_high_excursion,-0.015487081521157263,0.37199297548716426,-0.009257959844042886,0.593583212854233,3325,0.009257959844042886
C2_volume,C6_return,0.03306745490973727,0.05657669706566531,-0.009255485300628146,0.5936819253688495,3325,0.009255485300628146
H4_2_lower_wick_ratio,C6_return,-0.010990832161058624,0.5263790214779959,-0.009249708420889825,0.5939124012783352,3325,0.009249708420889825
C1_open_location,C7_return,-0.005833513892819591,0.7366799366853424,0.009233476763404573,0.5945602026262138,3325,0.009233476763404573
C3_close_location,C5_return,0.005016164796290157,0.7724748312488391,-0.009211401961862613,0.5954417199015627,3325,0.009211401961862613
C1_upper_wick_ratio,C7_low_excursion,-2.2615739125443277e-05,0.9989598805403576,-0.009179291402168957,0.5967250599430904,3325,0.009179291402168957
C1_close_location,C7_return,-0.007677310519782882,0.6581018296056231,-0.009115512023723193,0.5992778099132314,3325,0.009115512023723193
C4_trades,C5_return,0.0015114344329821994,0.9305754599464631,-0.009084806444794938,0.6005085522650884,3325,0.009084806444794938
C3_lower_wick,C7_return,0.008566561670267588,0.621450705220836,-0.00905299947049787,0.6017846436626804,3325,0.00905299947049787
C1_open_location,C7_high_excursion,0.015284973496177603,0.37826660120267325,0.00905285148768517,0.6017905835685606,3325,0.00905285148768517
C3_C2_range_ratio,C7_low_excursion,-0.019768941882558365,0.2544465094056315,0.009022323494567877,0.6030165162261909,3325,0.009022323494567877
C3_lower_wick_ratio,C7_return,-0.013281574151894255,0.44391510192776246,-0.00893095598639109,0.6066923142754672,3325,0.00893095598639109
C1_lower_wick_ratio,C7_return,-0.01061509767197147,0.5406148534259977,-0.008885291432696483,0.6085331842435913,3325,0.008885291432696483
C2_upper_wick_ratio,C6_high_excursion,0.010376404203286964,0.5497573443151937,0.008878938682921176,0.6087894788318926,3325,0.008878938682921176
C4_open_location,C7_high_excursion,-0.022289556694649944,0.19880804653450457,0.008870581291806278,0.6091267215675964,3325,0.008870581291806278
last2_bearish,C6_high_excursion,-0.020305747944952636,0.24177288141295927,0.00885258077332352,0.6098533718696946,3325,0.00885258077332352
C1_return,C5_high_excursion,-0.0004885375655214732,0.9775346518173247,0.00885036643502673,0.6099427875218812,3325,0.00885036643502673
C1_body,C5_return,0.009972850768302458,0.5653855129911846,-0.008802985873819346,0.6118574218167929,3325,0.008802985873819346
H4_1_upper_wick_ratio,C6_return,0.0019866136425187916,0.9088329084274477,0.008790165837287858,0.6123759323236707,3325,0.008790165837287858
H4_1_body,C5_return,0.020134766317692093,0.24576051696712917,-0.00855489926838601,0.6219256122934897,3325,0.00855489926838601
H4_1_upper_wick_ratio,C7_high_excursion,0.013468329464489628,0.43753352799107165,0.008521400453895484,0.6232905991967437,3325,0.008521400453895484
C2_lower_wick_ratio,C5_high_excursion,-0.0014572672580411023,0.9330575621987329,0.008501880497046917,0.6240865823946791,3325,0.008501880497046917
H4_1_volume,C5_return,0.02566530282189823,0.13897447062437288,-0.008451673464774203,0.6261359348118342,3325,0.008451673464774203
C3_upper_wick_ratio,C5_low_excursion,0.007648238883474366,0.6593146497944466,0.008427062020989003,0.6271415820487173,3325,0.008427062020989003
C3_upper_wick_ratio,C6_low_excursion,0.024144204163900965,0.16395203498363076,0.008420472347127367,0.6274109601257107,3325,0.008420472347127367
H4_2_range,C7_return,0.041954940977417234,0.015546326562351505,0.008414722034234863,0.6276460666845511,3325,0.008414722034234863
C4_trades,C6_return,0.0018683641129237892,0.9142378615838261,-0.008313317229104984,0.6317982810930585,3325,0.008313317229104984
H4_2_trades,C5_return,0.002063798760540714,0.9053071867929321,-0.008302240029238754,0.6322525655921709,3325,0.008302240029238754
C1_body_ratio,C7_high_excursion,0.0026952122294892633,0.876541170738593,0.008289946221852713,0.6327569065737882,3325,0.008289946221852713
H4_2_body_ratio,C6_return,0.0005804588922067883,0.9733091108926281,-0.008212054173539238,0.6359563087000242,3325,0.008212054173539238
C3_open_location,C6_return,0.0048233283345901195,0.7809941505655087,0.00816173255893669,0.6380268810832614,3325,0.00816173255893669
H4_inside,C7_low_excursion,-0.02876010810063759,0.0972956417972348,-0.008101039932250547,0.6405279460478683,3325,0.008101039932250547
C2_range,C5_return,0.008572134580386994,0.6212238252206483,-0.008029488595955437,0.6434817324370483,3325,0.008029488595955437
C1_close_location,C5_low_excursion,0.019326654714176363,0.26523015670947314,0.007865262214215976,0.6502826047920722,3325,0.007865262214215976
H4_1_upper_wick,C6_return,-0.006635509286120815,0.7021035266091765,-0.007843790743999693,0.651173943701413,3325,0.007843790743999693
window_range,C5_return,0.02538634877877953,0.143321394445483,0.0078220093765862,0.6520786568360395,3325,0.0078220093765862
C1_close_location,C6_return,-0.005546188775725245,0.7492025413540266,-0.007789997639369527,0.6534092286743952,3325,0.007789997639369527
H4_inside,C7_return,-0.005289964383700926,0.7604258141329818,-0.007752359216063766,0.6549750842971506,3325,0.007752359216063766
C4_inside_C3,C5_return,0.010003671792120326,0.5641844366810028,-0.00772251476276436,0.6562177700889662,3325,0.00772251476276436
C1_range,C6_low_excursion,0.05687845486816819,0.0010336830165836113,0.007705059394958984,0.6569450310485117,3325,0.007705059394958984
C3_C2_range_ratio,C6_low_excursion,-0.0273559282767523,0.11476750458626547,-0.007666836577865156,0.6585386815758518,3325,0.007666836577865156
C3_trades,C5_return,0.002216146013887827,0.8983536888352915,-0.00765649086326556,0.6589702997751109,3325,0.00765649086326556
H4_2_lower_wick,C7_return,0.009314430468941919,0.5913325758817788,-0.007567130512261685,0.6627030838783985,3325,0.007567130512261685
H4_1_low,C5_high_excursion,-0.006979560692614635,0.6874524556803497,-0.007525784091599868,0.6644330622325458,3325,0.007525784091599868
C4_C3_range_ratio,C5_return,0.002248716385823881,0.896868091217039,0.007505430112280702,0.6652853519611621,3325,0.007505430112280702
H4_bearish_engulf,C5_low_excursion,-0.008342509283320336,0.6306017582819526,-0.007454697357342524,0.6674115839920634,3325,0.007454697357342524
C3_body,C6_low_excursion,0.05636878652523376,0.0011469840919987096,0.0074234989923390015,0.6687204491036258,3325,0.0074234989923390015
C4_body_ratio,C5_low_excursion,0.00028371473211232824,0.986952265911583,-0.00741014519353682,0.669280989075689,3325,0.00741014519353682
H4_1_range,C7_low_excursion,0.05856161601150239,0.000728937368269256,0.007257967166249744,0.6756817712472389,3325,0.007257967166249744
C1_return,C6_return,0.0033694644193232853,0.8460033939932207,0.007166031756432446,0.6795601039213452,3325,0.007166031756432446
C3_lower_wick,C6_return,0.01866221905280401,0.28201442921642533,0.007147010940435485,0.680363568383078,3325,0.007147010940435485
timestamp,C5_return,0.023646841859874125,0.17281276821243502,0.006885937148590289,0.6914279937339587,3325,0.006885937148590289
C4_inside_C3,C6_low_excursion,-0.00669283861933764,0.6996543415542708,-0.006792072169031037,0.6954223379095024,3325,0.006792072169031037
C3_open_location,C5_high_excursion,-0.02509558346339763,0.14796256692351628,-0.006784691581054969,0.6957367728572807,3325,0.006784691581054969
C2_open_location,C7_low_excursion,0.0029823375752269267,0.8635116696461801,0.006769132262375852,0.6963998172783674,3325,0.006769132262375852
H4_2_lower_wick_ratio,C7_high_excursion,0.0005775698308852092,0.9734419076738356,0.006687497925445692,0.699882371674347,3325,0.006687497925445692
C1_upper_wick_ratio,C7_return,0.013297758012342474,0.4433599931841848,-0.006630331825635736,0.7023248673589302,3325,0.006630331825635736
C2_lower_wick,C6_low_excursion,0.03368266449390498,0.05213008946996063,-0.006551332984324063,0.7057052539204074,3325,0.006551332984324063
C3_body_ratio,C5_low_excursion,-0.011082815997363474,0.5229233332027213,-0.0065249837096196485,0.7068340443813464,3325,0.0065249837096196485
C2_volume,C6_low_excursion,0.015208835692117596,0.3806467817416144,-0.006431205763843725,0.7108566622611446,3325,0.006431205763843725
H4_bearish_engulf,C5_return,-0.008876674280411848,0.6088808452295331,0.006327123242337572,0.7153307353686236,3325,0.006327123242337572
C1_open_location,C5_return,-0.005418882520337323,0.7547724074153187,-0.0062861452896114094,0.7170949018241783,3325,0.0062861452896114094
C3_return,C5_high_excursion,-0.0009232827218685715,0.9575573598088971,-0.006239740984086167,0.7190945040400814,3325,0.006239740984086167
C3_lower_wick_ratio,C7_low_excursion,0.0019792688058329205,0.9091685062290603,-0.006184015033172492,0.7214983253342815,3325,0.006184015033172492
C2_volume,C7_low_excursion,0.008557473075312988,0.6218207902302537,-0.006020249999761881,0.7285784224867243,3325,0.006020249999761881
H4_2_volume,C7_return,0.026802550422289954,0.12229622396730773,-0.006011573087615334,0.7289542063700412,3325,0.006011573087615334
C4_body,C7_return,0.029360107113741006,0.09050978926828522,-0.005964282355381004,0.7310034383519015,3325,0.005964282355381004
H4_1_open_location,C6_return,0.00153874867811524,0.9293240938093309,0.005900548353008324,0.7337682363095014,3325,0.005900548353008324
H4_1_lower_wick,C6_low_excursion,0.030607604140178567,0.07761918369968641,-0.005808396476168071,0.7377719102304009,3325,0.005808396476168071
H4_1_volume,C6_low_excursion,0.009813639464109018,0.5716093595269263,-0.0057779639613854015,0.7390956652188798,3325,0.0057779639613854015
window_low,C5_low_excursion,-0.026511625325496765,0.12640613036725806,0.005777589478071338,0.7391119593356951,3325,0.005777589478071338
H4_1_upper_wick_ratio,C5_low_excursion,-0.005746461152348323,0.740466790413374,-0.0056673729441517,0.7439126426020084,3325,0.0056673729441517
window_low,C5_high_excursion,-0.003750689769075024,0.8288359359666285,-0.0056632708857127555,0.7440915087770592,3325,0.0056632708857127555
H4_1_open_location,C7_low_excursion,-0.005363009067706735,0.7572210163791656,-0.005651064464254847,0.7446238392325661,3325,0.005651064464254847
C2_upper_wick_ratio,C5_return,0.004682092093171937,0.7872506007139813,0.005647976460242674,0.7447585285560756,3325,0.005647976460242674
H4_1_lower_wick,C5_low_excursion,0.049290130497252366,0.004470974318547517,-0.005579059566314257,0.7477664963920894,3325,0.005579059566314257
timestamp,C6_low_excursion,0.03541556750342334,0.041148164314311585,0.005490231800684844,0.7516491636212879,3325,0.005490231800684844
H4_opposite_direction,C6_high_excursion,-0.00043295247554993223,0.9800901618892888,0.005406583274193492,0.7553112015156287,3325,0.005406583274193492
H4_same_direction,C6_high_excursion,0.00043295247554993223,0.9800901618892888,-0.005406583274193492,0.7553112015156287,3325,0.005406583274193492
H4_1_body_ratio,C5_return,0.007780158549429302,0.653818413337477,0.005368989823490645,0.7569587976638906,3325,0.005368989823490645
C4_lower_wick,C7_return,0.012181320458024936,0.4825724390319157,-0.005307915560693554,0.7596378321324104,3325,0.005307915560693554
C1_close_location,C7_low_excursion,-0.0005353900539021058,0.9753807987592198,-0.005306500091921719,0.7596999562794599,3325,0.005306500091921719
H4_bearish_engulf,C7_low_excursion,-0.013680310294448989,0.4303543298981526,0.005246696150305927,0.7623261296585838,3325,0.005246696150305927
H4_1_open_location,C6_low_excursion,-0.007364810631609792,0.6711853286274785,-0.005189753322662422,0.7648292079427816,3325,0.005189753322662422
H4_1_open_location,C5_high_excursion,-0.004615374263161214,0.7902108587612648,0.005123509223682063,0.7677442402930309,3325,0.005123509223682063
C3_C2_range_ratio,C5_low_excursion,0.02153259347978779,0.21449237504491203,-0.005107778028656337,0.7684369667267452,3325,0.005107778028656337
C4_volume_ratio,C6_return,0.004554715014698498,0.7929049284809628,-0.004891983961211211,0.7779579428621678,3325,0.004891983961211211
C1_body_ratio,C7_return,0.0016642577454505283,0.9235763537919738,0.004840402397922319,0.7802387580208103,3325,0.004840402397922319
timestamp,C5_high_excursion,0.012992263853409583,0.4539051865889863,-0.004835144219933898,0.7804713688371077,3325,0.004835144219933898
C1_lower_wick,C5_low_excursion,0.04179101034076853,0.01595541030547833,-0.004770181744533078,0.7833467872775782,3325,0.004770181744533078
H4_2_upper_wick,C6_high_excursion,-0.03258614328157583,0.06027165808916462,-0.004769457921960919,0.7833788424097056,3325,0.004769457921960919
C1_body_ratio,C5_high_excursion,0.01017904553816025,0.5573737030089974,-0.0047477894286868045,0.7843386210300479,3325,0.0047477894286868045
C2_open_location,C6_low_excursion,0.003058577545628792,0.8600580399018698,0.0047347929699481225,0.784914440242821,3325,0.0047347929699481225
C3_close_location,C5_high_excursion,-0.00441312876172755,0.7992027933288203,-0.004723020494050536,0.7854361314429072,3325,0.004723020494050536
C2_upper_wick_ratio,C7_low_excursion,0.0017724169934447628,0.9186263423499794,-0.00471544737635351,0.7857717811859406,3325,0.00471544737635351
H4_2_volume,C7_low_excursion,0.012899661054126967,0.45712939963750104,-0.004702755545208425,0.78633438773936,3325,0.004702755545208425
C3_upper_wick_ratio,C7_high_excursion,0.030553823780078895,0.07814227770002502,0.004696970075932449,0.786590884442697,3325,0.004696970075932449
C4_body_vs_C3_body,C6_low_excursion,0.008545058095015587,0.6223264791943478,0.004677974265187555,0.7874332195345941,3325,0.004677974265187555
H4_same_direction,C5_return,0.021085885267946913,0.22415661247807828,0.004587032713224921,0.7914692871724933,3325,0.004587032713224921
H4_opposite_direction,C5_return,-0.021085885267946913,0.22415661247807828,-0.004587032713224921,0.7914692871724933,3325,0.004587032713224921
C2_upper_wick,C5_return,-0.001748547114770991,0.9197185059228387,0.00453956863037981,0.7935780145312683,3325,0.00453956863037981
C1_upper_wick_ratio,C5_high_excursion,0.003428578980072542,0.8433363196310947,0.004508776284888804,0.7949468605937298,3325,0.004508776284888804
C4_break_C3_high,C7_high_excursion,0.021036127828960884,0.22525204049811376,-0.004498971800173102,0.7953828428534349,3325,0.004498971800173102
H4_1_upper_wick,C7_low_excursion,0.024508552286444066,0.157681335516138,0.00438817443803832,0.800314147978685,3325,0.00438817443803832
C4_body,C5_low_excursion,0.04147173804774411,0.016779375943497547,-0.0043274265203627395,0.8030212757108255,3325,0.0043274265203627395
C3_upper_wick_ratio,C7_low_excursion,0.024783799247806777,0.1530658429852818,0.004311317189187754,0.803739558610245,3325,0.004311317189187754
H4_1_upper_wick_ratio,C6_low_excursion,-0.016819597022851934,0.33226127990784476,-0.004310712392898096,0.8037665284995174,3325,0.004310712392898096
C2_volume,C5_return,0.017545391025957147,0.31181830488608314,0.004297752476776473,0.8043445105682,3325,0.004297752476776473
C2_body_ratio,C6_high_excursion,0.005966959118766626,0.7308873957423745,0.004295436184092261,0.8044478230976861,3325,0.004295436184092261
C7_range,C5_return,-0.027185386340557952,0.1170478395152988,-0.004249613126748198,0.8064923472565559,3325,0.004249613126748198
C3_upper_wick,C5_return,0.034721671594732065,0.045284724546080415,0.004240534257081438,0.8068975838899171,3325,0.004240534257081438
H4_2_lower_wick,C5_low_excursion,0.05626044518019539,0.0011725018928337532,0.004196227588406854,0.8088759598563289,3325,0.004196227588406854
C2_body,C5_return,0.024558555029613335,0.15683511897269672,0.004187124830422686,0.809282566805038,3325,0.004187124830422686
H4_1_return,C7_low_excursion,0.00668927779010833,0.6998063742822618,0.0041735804479500075,0.8098876698942354,3325,0.0041735804479500075
C2_body,C6_return,0.02593299148119279,0.13489920372942937,-0.004141899351084735,0.8113034842000906,3325,0.004141899351084735
C1_open_location,C7_low_excursion,0.003968412414716944,0.8190673638711023,-0.004130008749828894,0.8118350294652381,3325,0.004130008749828894
C4_body,C7_low_excursion,0.04221199713977307,0.014923417056419915,0.0041196572945766926,0.8122978409218318,3325,0.0041196572945766926
C1_return,C7_return,0.007251129678648483,0.6759699190402275,0.003976093873673859,0.8187232221191414,3325,0.003976093873673859
C3_range,C5_return,0.04776553723053542,0.005872227611096624,0.0039670267662858735,0.8191294468671879,3325,0.0039670267662858735
C4_body,C6_return,0.017869183981281806,0.30297141030294844,-0.003960336375967365,0.8194292210050415,3325,0.003960336375967365
C4_C3_range_ratio,C7_low_excursion,-0.03956619045781493,0.022516906039503945,-0.003953492312801221,0.8197359080074498,3325,0.003953492312801221
C2_upper_wick_ratio,C6_return,-0.01046042192884353,0.5465306087789408,-0.003908117580685474,0.82176987470843,3325,0.003908117580685474
C3_lower_wick_ratio,C7_high_excursion,-0.009748897403408029,0.5741495205730486,0.0038678336618020188,0.8235766452382363,3325,0.0038678336618020188
H4_2_open_location,C5_low_excursion,-0.012987381570057247,0.4540748555292564,0.0037059337226158402,0.8308473428803524,3325,0.0037059337226158402
C4_range,C5_low_excursion,0.04985163415153894,0.004036535590878238,-0.0036214482945958206,0.8346472607982732,3325,0.0036214482945958206
C3_lower_wick_ratio,C6_return,-0.001696913964155423,0.9220814900571908,0.0036026722959460666,0.8354922803264503,3325,0.0036026722959460666
H4_2_lower_wick_ratio,C6_high_excursion,-0.009854135980991639,0.5700231954234736,-0.0035886509882143854,0.8361234374213257,3325,0.0035886509882143854
C4_inside_C3,C7_return,0.00446224032131896,0.7970167717253835,-0.0035805067384874958,0.8364900922630483,3325,0.0035805067384874958
C3_volume,C5_return,0.006959137709227072,0.6883189455548229,0.0035781769868437696,0.8365949844230026,3325,0.0035781769868437696
C4_upper_wick,C5_low_excursion,0.025072387358057866,0.1483377085349691,0.003576954117847432,0.836650042685791,3325,0.003576954117847432
H4_1_open_location,C5_low_excursion,-0.015885375920785864,0.359819639650768,-0.0035745494382021206,0.8367583129392806,3325,0.0035745494382021206
C4_trades_ratio,C5_return,0.0035671787981050125,0.8370901938850747,-0.0035253079992293317,0.8389760763816058,3325,0.0035253079992293317
C3_range,C6_return,0.04028263809904273,0.020185619293776276,-0.003452657779517457,0.8422504680134126,3325,0.003452657779517457
C4_body_vs_C3_body,C7_return,-0.02285792610777992,0.1875944238854157,0.003410021349267319,0.8441733932591505,3325,0.003410021349267319
C4_body_ratio,C5_high_excursion,0.0005945691859205876,0.9726605366745256,-0.003369153754293779,0.8460174149695486,3325,0.003369153754293779
C4_lower_wick,C6_low_excursion,0.03833905166166919,0.02705529775223455,0.0032518540702072057,0.8513148447382292,3325,0.0032518540702072057
H4_2_body,C6_return,0.032070947490793436,0.06444607103998906,0.0031946436825453428,0.8539010023816425,3325,0.0031946436825453428
C3_body_ratio,C7_return,0.00983930893257362,0.5706036965060779,0.0031787739287592073,0.854618663432703,3325,0.0031787739287592073
C2_upper_wick_ratio,C7_high_excursion,0.010186636968105749,0.557079791592321,-0.003137467035686704,0.8564872036183999,3325,0.003137467035686704
C4_upper_wick,C5_high_excursion,-0.020104931304309206,0.24646102612682422,0.003105174795123401,0.8579485217543172,3325,0.003105174795123401
C2_upper_wick,C7_low_excursion,0.026467029878644396,0.12704552454588036,0.002903543639803487,0.8670837332941078,3325,0.002903543639803487
C4_lower_wick,C6_return,0.027755242574036186,0.10956490439420334,0.002898947571833023,0.8672921770672496,3325,0.002898947571833023
H4_1_upper_wick_ratio,C7_return,0.00797079196267417,0.6459090642538341,0.0028569193331936206,0.8691986942685889,3325,0.0028569193331936206
H4_2_trades,C5_high_excursion,-0.024906211767006997,0.15104646781392556,0.0027941925501487443,0.8720455657358066,3325,0.0027941925501487443
C3_lower_wick_ratio,C6_low_excursion,0.016962033226138293,0.32818258856537025,0.002780504978297669,0.8726670013358866,3325,0.002780504978297669
C4_volume,C7_return,0.016768861498480996,0.33372197501236406,-0.00275916125210433,0.8736361940428302,3325,0.00275916125210433
H4_1_upper_wick_ratio,C7_low_excursion,-0.01361791859135122,0.43246023358349367,-0.002735780207244501,0.8746981164433515,3325,0.002735780207244501
C3_upper_wick_ratio,C7_return,0.0036150888916644005,0.8349334463402688,-0.0026547297460048115,0.8783810081821893,3325,0.0026547297460048115
H4_2_body_ratio,C6_low_excursion,0.007133266089588324,0.6809443949639533,0.0026370024387249425,0.8791868816089996,3325,0.0026370024387249425
H4_1_open_location,C5_return,0.003791643162667473,0.8269964081235148,0.0026367108106006946,0.8792001399079845,3325,0.0026367108106006946
H4_2_body,C7_return,0.038812486416953014,0.025218520143645652,0.002576056857749492,0.8819583828780311,3325,0.002576056857749492
C2_C1_range_ratio,C7_high_excursion,-0.03250000274256333,0.06095359744463867,0.002547053621613834,0.8832778151608001,3325,0.002547053621613834
H4_2_body_ratio,C7_return,0.004782612010884247,0.782796359178524,-0.0024962449582236167,0.8855900109214966,3325,0.0024962449582236167
H4_2_volume,C5_high_excursion,-0.02231253880642591,0.19834532372388747,-0.0023506533865851505,0.892220906132629,3325,0.0023506533865851505
C4_lower_wick_ratio,C7_high_excursion,-0.003420467948693911,0.8437021598494538,-0.002343717948558522,0.8925369689774144,3325,0.002343717948558522
C4_body_ratio,C5_return,0.0004638784685445374,0.9786683205105635,-0.0023241579237752827,0.8934284531804911,3325,0.0023241579237752827
H4_inside,C6_low_excursion,-0.012507528556799371,0.470924098335009,0.0022864812035605026,0.8951460175642054,3325,0.0022864812035605026
C2_upper_wick_ratio,C7_return,0.004485454539899698,0.7959840281728546,0.002164121835400817,0.9007273488287588,3325,0.002164121835400817
H4_2_volume,C5_return,0.006331293418560123,0.7151512875895265,-0.0021475145514674174,0.9014852622225166,3325,0.0021475145514674174
C4_close_below_C3_low,C5_low_excursion,-0.03595448560123815,0.03816041559322576,-0.002107254672234833,0.903322990025192,3325,0.002107254672234833
C4_inside_C3,C6_return,0.013502397254191448,0.4363751226766161,-0.002100795453743677,0.9036178800404338,3325,0.002100795453743677
C3_volume,C7_low_excursion,0.014365493888993495,0.40762177026383717,-0.002010285967812973,0.9077513914885461,3325,0.002010285967812973
H4_2_body_ratio,C5_return,-0.0027787812105705863,0.8727452684658765,0.0020057028991699805,0.9079607647522843,3325,0.0020057028991699805
C4_inside_C3,C7_low_excursion,-0.005236841532273116,0.7627591395012108,0.0019457217141400128,0.9107015337437475,3325,0.0019457217141400128
C4_volume,C6_return,0.007577084009166176,0.6622868869747,-0.0018734944251014042,0.9140032809999055,3325,0.0018734944251014042
C1_open_location,C5_high_excursion,-0.0009609315558196203,0.9558284038177597,0.0018348255212007306,0.9157715775232811,3325,0.0018348255212007306
C1_upper_wick,C5_low_excursion,0.03606240215612628,0.037584826501401436,0.0018031251964869845,0.9172215179899088,3325,0.0018031251964869845
C2_C1_range_ratio,C6_high_excursion,-0.037090624769115225,0.032461476251074144,0.0017570283222323626,0.9193304317983251,3325,0.0017570283222323626
C1_return,C7_high_excursion,-0.004550488891092913,0.7930927165486678,-0.0017560270787830214,0.9193762446395448,3325,0.0017560270787830214
window_range,C6_return,0.03755653652529616,0.030344426376905417,-0.0016574779107404077,0.9238867399828061,3325,0.0016574779107404077
C1_open_location,C6_return,-0.004246238497751012,0.8066429682425965,0.0015613512755910375,0.9282887175273407,3325,0.0015613512755910375
C3_close_location,C6_high_excursion,-6.740893289509421e-05,0.9968998056628823,0.0014479033379459648,0.9334867117176847,3325,0.0014479033379459648
H4_1_open_location,C6_high_excursion,-0.0041412092542143595,0.8113343312100808,0.0014046347436300032,0.9354699652907497,3325,0.0014046347436300032
H4_2_volume,C6_return,0.013754854093060154,0.42784607506768363,0.0013807647909737503,0.9365642374177353,3325,0.0013807647909737503
C3_open_location,C6_low_excursion,-0.002519969259690386,0.8845102452811009,0.0013176239951073446,0.9394593779576097,3325,0.0013176239951073446
C2_lower_wick,C5_low_excursion,0.053289257052507706,0.0021132474287296602,-0.001315109776562587,0.9395746770703322,3325,0.001315109776562587
C3_volume,C6_return,0.017243436208459865,0.32022039904734784,0.0012216744829006607,0.9438603872419075,3325,0.0012216744829006607
C2_C1_range_ratio,C5_low_excursion,-0.0735569822277318,2.1795107067350446e-05,0.0012205102298613552,0.9439137999578395,3325,0.0012205102298613552
C3_body_ratio,C7_low_excursion,-0.010028153919711536,0.5632312592042955,0.001138961194237623,0.9476556580739008,3325,0.001138961194237623
C1_body,C7_low_excursion,0.040477038381844195,0.019590548408375884,0.0011173497164058107,0.9486474924772557,3325,0.0011173497164058107
H4_1_lower_wick_ratio,C7_high_excursion,0.004966161363981396,0.7746813470112263,0.0010462238019976757,0.9519122895175797,3325,0.0010462238019976757
H4_1_return,C6_low_excursion,0.006297820954234333,0.7165920915857119,0.0010302048462722884,0.9526476993442633,3325,0.0010302048462722884
H4_2_lower_wick,C6_return,0.021872666953294595,0.20733907466150991,0.0010147949488545388,0.9533551861246132,3325,0.0010147949488545388
C1_open_location,C6_low_excursion,0.005216943762363162,0.7636336694179636,-0.0009660113947187199,0.9555951369419375,3325,0.0009660113947187199
C3_open_location,C7_low_excursion,-0.007273806162529688,0.6750144612067202,0.0009515295335812009,0.9562601558873676,3325,0.0009515295335812009
C3_open_location,C5_return,-0.0115374871301464,0.506014710399905,0.0008946169263572115,0.9588739199549199,3325,0.0008946169263572115
C5_range,C7_return,0.03826068867531072,0.027370198495893266,0.0008645786710156108,0.9602536345679356,3325,0.0008645786710156108
C4_lower_wick_ratio,C7_low_excursion,0.012010675954031439,0.48872765204212937,0.000846656115028835,0.9610769088476894,3325,0.000846656115028835
C1_open_location,C6_high_excursion,0.0023604455119926194,0.8917746870400762,0.0007963139807870557,0.9633895985868868,3325,0.0007963139807870557
C4_C3_range_ratio,C6_low_excursion,-0.0013911183727524914,0.9360895825190224,0.0007015039646224833,0.9677459386562728,3325,0.0007015039646224833
H4_2_body_ratio,C7_low_excursion,0.004961703261809907,0.7748781595978302,0.0006925564851190513,0.9681571100541961,3325,0.0006925564851190513
C2_upper_wick_ratio,C6_low_excursion,0.0014851673006931448,0.9317790158640158,0.0006628208762644776,0.9695236368311766,3325,0.0006628208762644776
H4_1_lower_wick_ratio,C6_high_excursion,0.016083083276937825,0.35387094241868233,-0.0004482506580014664,0.9793868104427778,3325,0.0004482506580014664
C5_range,C6_return,0.012013711871836672,0.4886177770431326,-0.0003878802984081353,0.9821624946957577,3325,0.0003878802984081353
C1_upper_wick_ratio,C7_high_excursion,0.012222331989641901,0.48109943818143436,-0.00014543525915653571,0.993311369829412,3325,0.00014543525915653571
C4_lower_wick_ratio,C6_return,-0.00431956572184259,0.8033717522787615,0.00012462768313462914,0.9942683013799857,3325,0.00012462768313462914
C4_break_C3_high,C6_high_excursion,0.02344856496078359,0.17644325112014853,9.173881051783882e-05,0.9957808628751141,3325,9.173881051783882e-05
C4_vs_avg_range,C7_low_excursion,0.030141523729847935,0.08224846736888415,-9.105502282318411e-05,0.9958123104974839,3325,9.105502282318411e-05
C2_upper_wick_ratio,C5_low_excursion,0.002993231695849843,0.8630180105592908,-6.365055860887452e-06,0.9997072649206077,3325,6.365055860887452e-06
