timestamp,open,high,low,close,volume,trades
1764835200000000,90990.23000000,99000.00000000,90990.23000000,93512.70000000,0.08652000,83
1764842400000000,93574.12000000,93574.12000000,92134.53000000,92970.97000000,0.09012000,41
1764849600000000,92954.53000000,93120.07000000,91833.91000000,92534.54000000,0.20873000,51
1764856800000000,92668.26000000,93138.62000000,92001.58000000,92936.28000000,0.00903000,23
1764864000000000,92802.17000000,93030.93000000,92001.58000000,92267.67000000,0.44388000,29
1764871200000000,92310.68000000,92534.58000000,91076.27000000,92022.99000000,0.01464000,37
1764878400000000,92134.53000000,92534.54000000,91868.82000000,92134.53000000,0.00170000,13
1764885600000000,92250.88000000,92534.53000000,92172.20000000,92409.95000000,0.00398000,8
1764892800000000,92267.67000000,92534.54000000,92267.67000000,92448.07000000,0.00041000,3
1764900000000000,92600.54000000,92668.25000000,92134.53000000,92134.53000000,0.00501000,11
1764907200000000,92410.07000000,92485.13000000,92001.58000000,92001.58000000,0.00894000,15
1764914400000000,92035.25000000,92514.84000000,92035.25000000,92514.84000000,0.00237000,4
1764921600000000,92141.06000000,92439.60000000,91084.85000000,91186.36000000,0.10925000,62
1764928800000000,91191.56000000,91572.71000000,91191.56000000,91554.62000000,0.03877000,37
1764936000000000,91554.62000000,91554.62000000,90551.71000000,90551.71000000,0.00788000,18
1764943200000000,90396.78000000,91436.96000000,90061.15000000,90331.81000000,0.41294000,362
1764950400000000,90553.29000000,90553.29000000,88228.33000000,89124.70000000,0.32498000,467
1764957600000000,89328.98000000,89735.26000000,89000.00000000,89511.64000000,0.00296000,13
1764964800000000,89402.68000000,89527.92000000,89240.09000000,89382.47000000,0.02038000,18
1764972000000000,89396.23000000,89782.97000000,89124.70000000,89307.57000000,0.00758000,19
1764979200000000,89253.49000000,89253.49000000,89253.49000000,89253.49000000,0.00007000,1
1764986400000000,89511.64000000,89741.06000000,89511.64000000,89741.06000000,0.00039000,2
1764993600000000,89698.52000000,89700.60000000,89698.52000000,89698.85000000,0.00425000,4
1765000800000000,89653.51000000,89770.51000000,89653.51000000,89770.51000000,0.31424000,381
1765008000000000,89652.02000000,89652.02000000,89382.47000000,89511.64000000,0.00117000,5
1765015200000000,89540.75000000,89735.61000000,89540.75000000,89720.63000000,0.00154000,5
1765022400000000,89644.90000000,89719.01000000,89616.51000000,89674.91000000,0.00136000,6
1765029600000000,89770.53000000,90160.27000000,89640.99000000,89953.67000000,0.00588000,13
1765036800000000,89955.93000000,89955.93000000,89480.39000000,89776.97000000,0.02629000,22
1765044000000000,89780.79000000,89780.79000000,89573.69000000,89573.69000000,0.00295000,9
1765051200000000,89575.95000000,89770.50000000,89495.20000000,89514.06000000,0.00189000,5
1765058400000000,89382.48000000,89382.48000000,89253.49000000,89253.49000000,0.00182000,4
1765065600000000,89342.55000000,89542.57000000,89244.11000000,89427.49000000,0.00222000,8
1765072800000000,89418.12000000,89418.12000000,89418.12000000,89418.12000000,0.00151000,1
1765080000000000,89592.10000000,89592.10000000,89521.41000000,89530.69000000,0.00440000,4
1765087200000000,89744.61000000,90070.51000000,89382.47000000,89382.47000000,0.04015000,20
1765094400000000,89294.03000000,89294.03000000,89154.44000000,89154.44000000,0.00028000,3
1765101600000000,89414.31000000,89414.31000000,89316.90000000,89316.90000000,0.00033000,2
1765108800000000,89252.01000000,89665.94000000,88739.43000000,89121.27000000,0.05773000,46
1765116000000000,89055.00000000,89511.64000000,87973.88000000,89511.64000000,0.41586000,85
1765123200000000,89550.00000000,91115.55000000,89336.52000000,90813.61000000,0.12995000,71
1765130400000000,91207.89000000,91603.87000000,91195.21000000,91467.01000000,0.02074000,33
1765137600000000,91467.01000000,91467.01000000,90160.27000000,90160.27000000,0.01749000,19
1765144800000000,90093.38000000,90350.00000000,89253.49000000,90350.00000000,0.02677000,48
1765152000000000,90337.62000000,91800.00000000,90337.62000000,91076.27000000,0.00849000,16
1765159200000000,90967.24000000,91339.69000000,90967.24000000,91222.00000000,0.00312000,13
1765166400000000,91206.18000000,91433.04000000,91085.23000000,91433.04000000,0.02855000,16
1765173600000000,91550.00000000,91736.25000000,91433.35000000,91620.47000000,0.00165000,6
1765180800000000,91868.82000000,92217.57000000,91868.82000000,91870.83000000,0.01757000,11
1765188000000000,91923.04000000,92265.69000000,91923.04000000,92224.74000000,0.03097000,24
1765195200000000,92001.58000000,92176.63000000,91471.69000000,91614.30000000,0.00441000,17
1765202400000000,91471.69000000,91722.41000000,89644.40000000,90030.17000000,0.08637000,89
1765209600000000,89900.26000000,90030.18000000,89641.04000000,90030.17000000,0.10667000,16
1765216800000000,90421.04000000,90421.04000000,90110.56000000,90110.56000000,0.01463000,28
1765224000000000,90421.04000000,91207.89000000,90421.04000000,91207.89000000,0.00086000,5
1765231200000000,91076.27000000,91076.27000000,90692.04000000,90692.04000000,0.00054000,4
1765238400000000,90595.13000000,90595.13000000,90117.77000000,90117.77000000,0.00034000,3
1765245600000000,90238.70000000,90380.01000000,90030.17000000,90030.17000000,0.01094000,4
1765252800000000,89837.57000000,90030.17000000,89640.99000000,90030.17000000,0.00041000,5
1765260000000000,90030.17000000,90421.04000000,90030.17000000,90421.04000000,0.00096000,4
1765267200000000,90571.77000000,90608.30000000,90290.57000000,90290.57000000,0.00985000,12
1765274400000000,90066.58000000,90278.19000000,90019.70000000,90019.70000000,0.00473000,7
1765281600000000,90381.01000000,90772.05000000,89929.42000000,90407.68000000,0.01973000,26
1765288800000000,90421.04000000,92842.18000000,90211.80000000,92747.50000000,0.04702000,55
1765296000000000,92936.28000000,95738.76000000,92802.18000000,93551.82000000,2.94838000,453
1765303200000000,93910.32000000,94288.04000000,93745.02000000,93745.02000000,0.00599000,13
1765310400000000,93691.28000000,93691.28000000,92388.01000000,92534.54000000,0.24820000,80
1765317600000000,92668.26000000,93308.02000000,92668.26000000,92701.44000000,0.03144000,31
1765324800000000,92534.54000000,92534.54000000,92026.67000000,92026.67000000,0.05999000,28
1765332000000000,92267.67000000,92534.54000000,92129.46000000,92483.46000000,0.02656000,13
1765339200000000,92534.54000000,94015.08000000,92534.54000000,92698.16000000,0.74902000,26
1765346400000000,92668.26000000,92698.16000000,92549.91000000,92698.16000000,0.00056000,5
1765353600000000,92802.17000000,92802.17000000,92511.02000000,92802.17000000,0.01042000,13
1765360800000000,92936.28000000,93205.08000000,91835.23000000,92128.36000000,0.02528000,95
1765368000000000,92251.09000000,92251.09000000,91880.38000000,92105.37000000,0.01686000,78
1765375200000000,92104.92000000,92164.25000000,91683.89000000,91978.02000000,0.32702000,159
1765382400000000,92061.32000000,92636.73000000,92017.51000000,92465.24000000,0.21153000,53
1765389600000000,92413.82000000,93167.32000000,91868.82000000,92941.98000000,0.04679000,151
1765396800000000,92779.84000000,94489.37000000,91958.24000000,92668.26000000,0.45856000,235
1765404000000000,92441.81000000,92668.26000000,92001.59000000,92001.59000000,0.07524000,55
1765411200000000,92093.63000000,92106.24000000,90813.61000000,90813.61000000,0.05100000,61
1765418400000000,90692.57000000,90692.57000000,89563.64000000,89866.04000000,0.01144000,61
1765425600000000,89869.47000000,90421.04000000,89763.02000000,90212.48000000,0.01422000,27
1765432800000000,90300.69000000,90653.34000000,90030.17000000,90301.73000000,0.12000000,24
1765440000000000,90284.04000000,90520.25000000,90021.12000000,90207.57000000,0.00751000,41
1765447200000000,90333.14000000,90422.64000000,90207.02000000,90290.57000000,0.03700000,32
1765454400000000,90216.59000000,90380.80000000,90030.17000000,90119.76000000,0.00227000,15
1765461600000000,90252.49000000,90551.71000000,89373.52000000,89983.68000000,0.42778000,177
1765468800000000,89828.25000000,90160.27000000,89382.47000000,90047.63000000,0.01393000,31
1765476000000000,90250.45000000,91426.25000000,90242.29000000,90807.81000000,0.16169000,81
1765483200000000,91207.89000000,93583.00000000,91076.27000000,92950.62000000,0.07307000,112
1765490400000000,93191.07000000,93191.07000000,92239.20000000,92530.57000000,0.01308000,50
1765497600000000,92486.79000000,92486.79000000,91599.96000000,92267.67000000,0.01232000,25
1765504800000000,92001.58000000,92672.41000000,92001.58000000,92261.48000000,0.06301000,29
1765512000000000,92401.01000000,92401.01000000,92143.02000000,92143.02000000,0.00170000,2
1765519200000000,92534.54000000,92668.26000000,92507.95000000,92507.95000000,0.00708000,6
1765526400000000,92249.71000000,92534.54000000,92229.50000000,92534.54000000,0.00159000,10
1765533600000000,92597.16000000,92597.16000000,92388.01000000,92397.69000000,0.10481000,34
1765540800000000,92378.88000000,92464.59000000,92142.14000000,92343.70000000,0.00690000,18
1765548000000000,92341.17000000,92668.26000000,90030.17000000,90030.17000000,0.05416000,70
1765555200000000,90030.17000000,90551.71000000,89640.99000000,90063.66000000,0.04602000,44
1765562400000000,90248.03000000,90585.66000000,90160.27000000,90322.29000000,0.01044000,19
1765569600000000,90208.82000000,90322.29000000,90063.66000000,90294.05000000,0.04598000,20
1765576800000000,90303.27000000,90414.65000000,90303.27000000,90335.84000000,0.01112000,7
1765584000000000,90421.04000000,90450.23000000,90290.57000000,90290.57000000,0.00349000,7
1765591200000000,90421.04000000,90421.04000000,90421.04000000,90421.04000000,0.00161000,3
1765598400000000,90443.57000000,90443.57000000,90443.57000000,90443.57000000,0.00043000,1
1765605600000000,90356.36000000,90357.20000000,90333.79000000,90333.79000000,0.00154000,4
1765612800000000,90394.91000000,90583.57000000,90394.91000000,90583.57000000,0.00971000,7
1765620000000000,90494.77000000,90587.09000000,90438.10000000,90438.10000000,0.03803000,10
1765627200000000,90424.74000000,90424.74000000,90290.57000000,90307.52000000,0.00197000,7
1765634400000000,90243.76000000,90243.76000000,90070.40000000,90097.53000000,0.01209000,16
1765641600000000,90248.46000000,90248.46000000,90050.00000000,90115.67000000,0.00472000,8
1765648800000000,90118.52000000,90534.75000000,90118.52000000,90243.14000000,0.03143000,13
1765656000000000,90223.06000000,90223.06000000,89932.08000000,90083.61000000,0.01368000,17
1765663200000000,90160.27000000,90250.15000000,90160.27000000,90250.15000000,0.00194000,5
1765670400000000,90275.93000000,90427.71000000,90275.93000000,90290.57000000,0.00589000,6
1765677600000000,90290.57000000,90290.57000000,90290.57000000,90290.57000000,0.00000000,0
1765684800000000,90290.57000000,90290.57000000,90131.31000000,90139.47000000,0.00332000,5
1765692000000000,90195.37000000,90195.37000000,90195.37000000,90195.37000000,0.00022000,2
1765699200000000,90250.81000000,90327.83000000,90210.74000000,90210.74000000,0.00364000,7
1765706400000000,90030.17000000,90030.17000000,88866.66000000,89327.92000000,0.11944000,35
1765713600000000,89327.92000000,89511.64000000,89248.93000000,89248.93000000,0.00295000,11
1765720800000000,89511.64000000,89539.80000000,88867.66000000,89074.24000000,0.16304000,46
1765728000000000,89124.70000000,89124.70000000,88598.38000000,88800.95000000,0.00543000,17
1765735200000000,88810.45000000,89015.00000000,88739.43000000,88739.43000000,0.07924000,17
1765742400000000,88715.51000000,88844.31000000,88437.75000000,88600.00000000,0.03565000,17
1765749600000000,88611.37000000,88611.37000000,87767.28000000,88200.76000000,0.04901000,42
1765756800000000,88375.66000000,89276.54000000,88168.83000000,89253.49000000,0.00715000,21
1765764000000000,89511.64000000,90030.17000000,89323.37000000,89323.37000000,0.01076000,16
1765771200000000,89336.14000000,89770.53000000,89336.14000000,89672.69000000,0.00072000,6
1765778400000000,89578.66000000,89900.26000000,89578.66000000,89770.53000000,0.00362000,7
1765785600000000,89761.68000000,89930.15000000,89761.68000000,89906.00000000,0.00516000,10
1765792800000000,89900.26000000,89900.26000000,89640.99000000,89640.99000000,0.00172000,7
1765800000000000,89644.00000000,89806.45000000,89382.47000000,89518.75000000,0.07578000,23
1765807200000000,89599.10000000,89770.53000000,86698.07000000,87333.16000000,1.45314000,231
1765814400000000,86966.02000000,87170.51000000,85716.64000000,85747.28000000,0.12992000,66
1765821600000000,85772.53000000,86548.16000000,85346.10000000,86285.76000000,0.21732000,101
1765828800000000,86000.00000000,86278.75000000,85657.55000000,86224.46000000,0.07016000,97
1765836000000000,86234.84000000,86490.22000000,85964.55000000,86480.75000000,0.02099000,26
1765843200000000,86423.65000000,86590.00000000,85697.74000000,85808.56000000,0.18035000,37
1765850400000000,85900.39000000,86225.86000000,85592.95000000,85875.97000000,0.00974000,39
1765857600000000,85718.58000000,86178.41000000,85322.71000000,86017.16000000,0.02793000,43
1765864800000000,86066.34000000,86526.06000000,85930.93000000,86071.14000000,0.01443000,30
1765872000000000,85967.88000000,86296.18000000,85967.88000000,86296.18000000,0.01417000,9
1765879200000000,86426.27000000,87127.15000000,86426.27000000,87127.15000000,0.03523000,19
1765886400000000,87153.78000000,87720.17000000,86462.54000000,86462.54000000,0.14173000,72
1765893600000000,86364.36000000,88105.18000000,86213.12000000,87973.88000000,0.02438000,51
1765900800000000,87958.92000000,87996.06000000,87190.04000000,87190.04000000,0.00565000,21
1765908000000000,87141.60000000,87846.93000000,87135.74000000,87794.37000000,0.00400000,19
1765915200000000,87597.24000000,87846.93000000,87467.19000000,87823.62000000,0.01509000,11
1765922400000000,87846.93000000,87846.93000000,87733.08000000,87846.93000000,0.00590000,6
1765929600000000,87563.83000000,87846.93000000,87467.19000000,87745.25000000,0.01577000,9
1765936800000000,87467.19000000,87593.59000000,87214.94000000,87214.94000000,0.01501000,12
1765944000000000,87214.94000000,87214.94000000,86237.89000000,86587.49000000,0.02018000,23
1765951200000000,86712.62000000,87108.23000000,86632.32000000,86963.41000000,0.01692000,16
1765958400000000,86587.49000000,86587.49000000,86337.77000000,86337.77000000,0.00023000,3
1765965600000000,86420.91000000,87036.75000000,86420.91000000,87028.60000000,0.00289000,15
1765972800000000,87151.18000000,87720.17000000,86896.69000000,87467.19000000,0.04719000,28
1765980000000000,87598.02000000,90311.10000000,87194.46000000,87214.94000000,0.04752000,137
1765987200000000,87089.08000000,87720.17000000,86213.19000000,86548.98000000,0.64242000,129
1765994400000000,86712.62000000,86712.62000000,85346.10000000,86088.78000000,0.00671000,30
1766001600000000,85964.55000000,86179.30000000,85706.13000000,85915.17000000,0.00921000,21
1766008800000000,85971.08000000,86337.77000000,85971.08000000,86000.00000000,0.01499000,16
1766016000000000,86150.53000000,86287.94000000,85964.55000000,86081.75000000,0.58402000,145
1766023200000000,86081.75000000,86796.16000000,86081.75000000,86356.18000000,0.02077000,17
1766030400000000,86837.92000000,86840.16000000,86524.13000000,86524.13000000,0.00760000,15
1766037600000000,86483.62000000,86801.71000000,86459.24000000,86769.88000000,0.01388000,9
1766044800000000,86837.92000000,87214.94000000,86750.90000000,87214.94000000,0.02077000,17
1766052000000000,87376.85000000,87590.88000000,87089.08000000,87590.88000000,0.06217000,28
1766059200000000,87214.94000000,89124.70000000,87214.88000000,88815.11000000,0.01962000,57
1766066400000000,88996.09000000,89259.46000000,87801.40000000,88550.87000000,0.77063000,296
1766073600000000,88355.82000000,88480.57000000,85543.31000000,86248.26000000,0.04143000,128
1766080800000000,86462.54000000,86737.98000000,84505.33000000,84565.22000000,0.79161000,339
1766088000000000,84609.83000000,85794.33000000,84609.83000000,85606.43000000,0.10557000,69
1766095200000000,85346.10000000,85614.39000000,85346.10000000,85461.37000000,0.01657000,14
1766102400000000,85471.40000000,85498.95000000,85114.12000000,85114.12000000,0.01577000,16
1766109600000000,85469.43000000,87467.19000000,85469.43000000,86712.62000000,0.04583000,40
1766116800000000,87010.14000000,87241.60000000,86684.89000000,87116.30000000,0.02137000,18
1766124000000000,87049.80000000,88307.67000000,86948.31000000,87846.93000000,0.67266000,78
1766131200000000,87973.88000000,88101.01000000,87846.93000000,87973.88000000,0.00287000,19
1766138400000000,88194.27000000,88228.33000000,87973.88000000,88184.25000000,0.00133000,10
1766145600000000,88099.53000000,88184.58000000,87916.22000000,87949.71000000,0.04816000,31
1766152800000000,88014.00000000,89349.16000000,87699.74000000,87720.17000000,0.88306000,255
1766160000000000,88101.01000000,88739.43000000,86948.31000000,87108.00000000,0.78550000,137
1766167200000000,86963.41000000,87848.65000000,86963.41000000,87848.65000000,0.41691000,101
1766174400000000,87754.62000000,88362.90000000,87747.39000000,88039.49000000,0.02053000,19
1766181600000000,87973.88000000,88393.83000000,87973.88000000,88211.88000000,0.06338000,28
1766188800000000,88116.23000000,88122.25000000,87963.65000000,88086.40000000,0.00152000,10
1766196000000000,88064.29000000,88327.40000000,88042.39000000,88277.83000000,0.02550000,14
1766203200000000,88147.63000000,88483.51000000,88147.63000000,88297.94000000,0.00111000,7
1766210400000000,88335.43000000,88400.17000000,88184.43000000,88184.43000000,0.00798000,11
1766217600000000,88284.43000000,88528.30000000,88136.28000000,88136.28000000,0.12980000,41
1766224800000000,88220.66000000,88279.43000000,87508.57000000,88231.41000000,0.88442000,80
1766232000000000,88238.75000000,88285.95000000,87781.48000000,88203.48000000,0.17721000,55
1766239200000000,88215.19000000,88215.19000000,87992.75000000,88018.40000000,0.23433000,51
1766246400000000,88121.53000000,88164.05000000,88081.67000000,88164.05000000,0.00284000,8
1766253600000000,88143.29000000,88329.23000000,88131.99000000,88208.43000000,0.01422000,24
1766260800000000,88187.28000000,88336.18000000,88169.98000000,88287.07000000,0.01032000,16
1766268000000000,88165.87000000,88392.70000000,88165.87000000,88392.70000000,0.00266000,7
1766275200000000,88347.93000000,88400.00000000,87995.69000000,88007.83000000,0.02108000,28
1766282400000000,88007.89000000,88089.31000000,87875.06000000,88026.78000000,0.39813000,65
1766289600000000,88068.27000000,88101.00000000,88050.99000000,88050.99000000,0.00085000,7
1766296800000000,88101.01000000,88136.21000000,88050.99000000,88109.78000000,0.00592000,6
1766304000000000,88353.40000000,89024.19000000,88353.40000000,88864.50000000,0.01783000,40
1766311200000000,88892.08000000,88892.08000000,88487.53000000,88592.06000000,0.14201000,44
1766318400000000,88739.43000000,88797.06000000,87671.91000000,87671.91000000,0.01999000,22
1766325600000000,87770.39000000,88168.83000000,87770.39000000,88168.83000000,0.01099000,16
1766332800000000,88349.75000000,88404.71000000,88324.70000000,88324.70000000,0.00145000,4
1766340000000000,88226.88000000,88483.51000000,87973.88000000,88483.51000000,0.00234000,11
1766347200000000,88457.47000000,88457.47000000,88228.33000000,88386.38000000,0.01846000,10
1766354400000000,88228.25000000,88791.95000000,88228.25000000,88465.74000000,0.00385000,10
1766361600000000,88739.43000000,89572.32000000,88552.32000000,88867.66000000,0.31719000,69
1766368800000000,88402.02000000,88739.43000000,87973.88000000,88699.86000000,0.04307000,34
1766376000000000,88800.46000000,88996.09000000,88800.46000000,88867.66000000,0.00235000,4
1766383200000000,88771.60000000,89156.14000000,88771.60000000,89093.27000000,0.02644000,10
1766390400000000,89278.93000000,89770.53000000,89232.11000000,89770.53000000,0.01571000,21
1766397600000000,89774.61000000,90030.17000000,89640.99000000,89987.64000000,0.01334000,10
1766404800000000,89955.23000000,90421.04000000,89882.43000000,89882.43000000,0.69009000,113
1766412000000000,89909.28000000,90334.26000000,89250.74000000,89781.43000000,0.01561000,42
1766419200000000,89900.26000000,90030.17000000,89253.49000000,89507.43000000,0.02328000,22
1766426400000000,89268.31000000,89421.85000000,87973.88000000,87973.88000000,0.07141000,22
1766433600000000,88101.01000000,88515.99000000,87973.88000000,88228.33000000,0.14591000,32
1766440800000000,88390.81000000,88761.22000000,88390.81000000,88540.87000000,0.05904000,16
1766448000000000,88512.49000000,88854.44000000,88483.51000000,88483.51000000,0.15379000,23
1766455200000000,88355.82000000,88641.98000000,87842.89000000,88101.01000000,0.01746000,15
1766462400000000,88234.02000000,88242.99000000,87593.59000000,87720.17000000,0.01247000,24
1766469600000000,87720.17000000,87720.17000000,87053.52000000,87593.59000000,0.04443000,32
1766476800000000,87577.26000000,87577.26000000,87437.48000000,87437.48000000,0.02753000,8
1766484000000000,87593.59000000,87727.97000000,87527.61000000,87727.97000000,0.00375000,5
1766491200000000,87846.93000000,87870.12000000,87467.19000000,87540.43000000,0.59331000,137
1766498400000000,87720.17000000,87761.61000000,86750.00000000,87379.90000000,0.05229000,37
1766505600000000,87393.74000000,88113.95000000,87214.94000000,87214.94000000,0.26838000,54
1766512800000000,87214.94000000,88101.01000000,87214.94000000,87704.82000000,0.00976000,21
1766520000000000,87720.17000000,88101.01000000,87623.39000000,87729.49000000,0.00161000,11
1766527200000000,87722.49000000,87722.49000000,87203.02000000,87203.02000000,0.00202000,12
1766534400000000,87593.59000000,87720.17000000,87467.19000000,87720.17000000,0.00092000,6
1766541600000000,87467.19000000,87467.19000000,86938.99000000,87202.27000000,0.00763000,15
1766548800000000,87348.70000000,87348.70000000,87067.80000000,87130.13000000,0.00109000,6
1766556000000000,86891.20000000,86891.32000000,86891.20000000,86891.32000000,0.00574000,2
1766563200000000,86891.32000000,87163.31000000,86779.21000000,86779.21000000,0.04190000,19
1766570400000000,86828.46000000,87235.30000000,86761.29000000,87225.95000000,0.00230000,10
1766577600000000,87097.69000000,87261.62000000,87033.95000000,87256.97000000,0.00786000,16
1766584800000000,87331.25000000,87387.21000000,86587.49000000,86957.90000000,0.01544000,23
1766592000000000,87139.79000000,87639.74000000,86927.94000000,87385.73000000,0.03999000,38
1766599200000000,87228.30000000,87396.30000000,87228.30000000,87396.30000000,0.00340000,4
1766606400000000,87593.59000000,87742.94000000,87587.36000000,87636.27000000,0.04566000,17
1766613600000000,87696.65000000,88018.19000000,87628.29000000,87691.10000000,0.01022000,17
1766620800000000,87607.00000000,87714.67000000,87500.93000000,87633.74000000,0.00777000,20
1766628000000000,87626.09000000,87627.85000000,87626.09000000,87627.85000000,0.00033000,2
1766635200000000,87782.95000000,87782.95000000,87737.04000000,87737.04000000,0.00117000,2
1766642400000000,87737.04000000,87782.45000000,87737.04000000,87782.45000000,0.00805000,4
1766649600000000,87770.63000000,87837.00000000,87353.86000000,87462.59000000,0.15564000,34
1766656800000000,87340.97000000,87495.00000000,86975.79000000,87495.00000000,0.13240000,26
1766664000000000,87532.66000000,87593.59000000,87387.55000000,87593.59000000,0.00214000,8
1766671200000000,87618.94000000,88537.89000000,87572.32000000,88326.79000000,0.04321000,28
1766678400000000,88402.65000000,88402.65000000,87993.65000000,88166.57000000,0.00401000,11
1766685600000000,88166.57000000,88215.35000000,88062.17000000,88098.87000000,0.00283000,5
1766692800000000,88057.50000000,88057.50000000,87637.42000000,87890.62000000,0.03560000,25
1766700000000000,87904.53000000,87904.53000000,86936.26000000,87204.13000000,0.00513000,32
1766707200000000,87067.42000000,87302.32000000,86963.41000000,87302.32000000,0.02283000,9
1766714400000000,87593.59000000,89253.49000000,87593.59000000,88729.64000000,0.06969000,43
1766721600000000,88611.37000000,88996.09000000,88611.37000000,88817.44000000,0.00334000,7
1766728800000000,88996.09000000,89382.47000000,88355.82000000,88355.82000000,0.02040000,33
1766736000000000,88611.37000000,88852.56000000,88483.51000000,88852.56000000,0.08552000,39
1766743200000000,88768.55000000,88818.42000000,88534.10000000,88534.10000000,0.01233000,30
1766750400000000,88515.13000000,88994.99000000,88515.13000000,88963.12000000,0.00983000,24
1766757600000000,88987.07000000,88994.99000000,86655.51000000,86998.26000000,0.12230000,230
1766764800000000,87190.12000000,87382.29000000,86810.62000000,87275.70000000,0.03611000,72
1766772000000000,87257.34000000,87494.98000000,87110.71000000,87412.71000000,0.00733000,29
1766779200000000,87487.61000000,87720.16000000,87398.65000000,87433.48000000,0.02323000,34
1766786400000000,87433.48000000,87516.58000000,87291.10000000,87323.10000000,0.00304000,17
1766793600000000,87340.53000000,87415.97000000,87242.71000000,87403.34000000,0.00256000,16
1766800800000000,87432.47000000,87432.47000000,87373.09000000,87373.09000000,0.00133000,4
1766808000000000,87471.63000000,87471.63000000,87393.91000000,87466.00000000,0.00720000,13
1766815200000000,87401.05000000,87627.54000000,87401.05000000,87537.29000000,0.00115000,5
1766822400000000,87532.88000000,87632.77000000,87526.06000000,87588.61000000,0.00383000,14
1766829600000000,87580.00000000,87585.89000000,87373.39000000,87486.25000000,0.00747000,14
1766836800000000,87452.72000000,87500.11000000,87305.01000000,87465.35000000,0.02026000,21
1766844000000000,87418.53000000,87582.97000000,87385.17000000,87537.60000000,0.02788000,32
1766851200000000,87512.33000000,87562.79000000,87439.26000000,87562.79000000,0.01700000,14
1766858400000000,87520.15000000,87551.44000000,87462.66000000,87523.98000000,0.01803000,16
1766865600000000,87593.59000000,87593.59000000,87593.59000000,87593.59000000,0.00007000,1
1766872800000000,87720.17000000,87846.93000000,87523.98000000,87846.93000000,0.00150000,9
1766880000000000,87747.80000000,87844.58000000,87720.17000000,87746.98000000,0.00156000,7
1766887200000000,87800.26000000,87830.94000000,87734.18000000,87734.18000000,0.00078000,3
1766894400000000,87650.83000000,87650.83000000,87650.83000000,87650.83000000,0.00172000,2
1766901600000000,87714.26000000,87715.15000000,87679.44000000,87679.44000000,0.00885000,4
1766908800000000,87761.67000000,87887.58000000,87761.67000000,87781.31000000,0.03252000,12
1766916000000000,87846.93000000,87873.25000000,87813.24000000,87813.24000000,0.00158000,6
1766923200000000,87795.10000000,87850.84000000,87741.81000000,87850.84000000,0.03051000,92
1766930400000000,87957.16000000,87957.16000000,87920.33000000,87920.33000000,0.00123000,2
1766937600000000,87848.43000000,87848.43000000,87737.86000000,87737.86000000,0.00721000,5
1766944800000000,87696.48000000,87696.48000000,87483.17000000,87555.39000000,0.01013000,16
1766952000000000,87467.19000000,87591.05000000,87467.19000000,87548.67000000,0.00057000,3
1766959200000000,87593.59000000,87897.76000000,87593.59000000,87648.61000000,0.00839000,12
1766966400000000,88101.01000000,88291.63000000,87958.30000000,88101.01000000,0.02943000,21
1766973600000000,88483.51000000,89990.00000000,88483.51000000,89990.00000000,0.55088000,131
1766980800000000,89990.00000000,90213.27000000,89880.80000000,89910.83000000,0.22855000,94
1766988000000000,89910.83000000,90026.32000000,89466.38000000,89549.83000000,0.06181000,37
1766995200000000,89520.51000000,89718.18000000,87722.60000000,87817.33000000,0.04450000,123
1767002400000000,88001.30000000,88152.30000000,87527.74000000,87549.13000000,0.03606000,66
1767009600000000,87500.00000000,87568.70000000,86716.15000000,87268.52000000,0.91325000,268
1767016800000000,87278.15000000,88264.78000000,87178.01000000,87676.04000000,0.09572000,161
1767024000000000,87578.73000000,87776.41000000,87320.28000000,87776.41000000,0.56040000,132
1767031200000000,87846.93000000,87924.89000000,87298.31000000,87307.27000000,0.02590000,57
1767038400000000,87299.07000000,87499.34000000,87040.43000000,87267.53000000,0.05113000,49
1767045600000000,87032.88000000,87314.91000000,87032.88000000,87185.69000000,0.01044000,24
1767052800000000,87223.95000000,87255.73000000,87058.54000000,87250.07000000,0.07259000,29
1767060000000000,87124.41000000,87349.85000000,86780.01000000,87277.58000000,1.20922000,86
1767067200000000,87273.87000000,87400.02000000,87088.02000000,87160.43000000,0.05015000,37
1767074400000000,87305.08000000,87443.86000000,87062.05000000,87331.65000000,0.24181000,31
1767081600000000,87467.19000000,88101.01000000,87467.19000000,87880.29000000,2.61981000,227
1767088800000000,87966.13000000,88127.73000000,87757.81000000,87821.73000000,0.05691000,58
1767096000000000,87846.93000000,88268.43000000,87846.93000000,87983.75000000,0.09818000,58
1767103200000000,88014.46000000,89041.28000000,87774.18000000,88933.70000000,0.10256000,198
1767110400000000,88929.36000000,89279.42000000,88073.35000000,88330.80000000,0.08696000,190
1767117600000000,88253.00000000,88377.74000000,87949.42000000,88154.31000000,0.07851000,98
1767124800000000,88155.73000000,88304.54000000,87846.44000000,88244.69000000,0.07522000,66
1767132000000000,88356.75000000,88525.95000000,88228.34000000,88483.16000000,0.03902000,33
1767139200000000,88355.82000000,88676.68000000,88174.17000000,88609.15000000,0.04342000,19
1767146400000000,88496.48000000,88679.90000000,88355.82000000,88396.13000000,0.00631000,17
1767153600000000,88434.42000000,88434.42000000,88189.03000000,88380.45000000,0.01193000,20
1767160800000000,88398.73000000,88483.51000000,88398.73000000,88483.51000000,0.00613000,8
1767168000000000,88611.37000000,88714.81000000,88355.83000000,88570.59000000,0.03359000,28
1767175200000000,88677.81000000,88880.70000000,88589.14000000,88874.21000000,0.05327000,25
1767182400000000,88935.08000000,88944.59000000,88685.89000000,88780.48000000,0.06428000,39
1767189600000000,88945.81000000,89092.43000000,87747.68000000,87972.69000000,0.02774000,44
1767196800000000,87794.71000000,87797.28000000,87402.56000000,87562.52000000,0.14005000,49
1767204000000000,87590.27000000,87913.14000000,87510.07000000,87582.86000000,0.08688000,41
1767211200000000,87467.19000000,87759.16000000,86003.41000000,87759.16000000,2.06457000,121
1767218400000000,87708.44000000,87743.56000000,87552.07000000,87552.07000000,0.60638000,148
1767225600000000,87626.01000000,87875.52000000,87626.01000000,87814.20000000,0.01116000,12
1767232800000000,87919.00000000,88250.07000000,87776.19000000,87776.19000000,0.15592000,37
1767240000000000,87752.55000000,87752.55000000,87467.19000000,87576.27000000,0.00226000,5
1767247200000000,87592.81000000,87592.81000000,87500.27000000,87533.47000000,0.00403000,17
1767254400000000,87593.59000000,87778.24000000,87593.59000000,87778.24000000,0.00461000,6
1767261600000000,87778.24000000,87902.29000000,87720.17000000,87893.09000000,0.08138000,15
1767268800000000,87948.35000000,87948.35000000,87853.48000000,87920.39000000,0.05761000,20
1767276000000000,87783.68000000,87982.58000000,87769.32000000,87982.58000000,0.01972000,21
1767283200000000,87930.74000000,88409.41000000,87925.48000000,88203.77000000,0.00546000,8
1767290400000000,88137.92000000,88302.88000000,88027.12000000,88302.88000000,0.07672000,16
1767297600000000,88256.83000000,88336.17000000,88170.60000000,88336.17000000,0.10239000,41
1767304800000000,88370.87000000,88739.43000000,88370.87000000,88739.43000000,0.04718000,17
1767312000000000,88744.02000000,88744.02000000,88539.69000000,88734.85000000,0.00609000,7
1767319200000000,88355.82000000,89017.32000000,88355.82000000,88867.66000000,0.00330000,10
1767326400000000,88797.60000000,88797.60000000,88356.75000000,88510.22000000,0.18942000,22
1767333600000000,88739.43000000,88972.58000000,88695.39000000,88695.39000000,0.00390000,12
1767340800000000,88952.89000000,89380.13000000,88920.06000000,89380.13000000,0.05793000,44
1767348000000000,89408.38000000,89842.99000000,89353.16000000,89488.38000000,0.04242000,61
1767355200000000,89396.13000000,89618.47000000,89358.58000000,89358.58000000,0.07617000,29
1767362400000000,89313.58000000,90000.00000000,88562.46000000,89382.47000000,1.12689000,372
1767369600000000,89387.84000000,90896.42000000,89193.35000000,90250.43000000,2.37657000,738
1767376800000000,90275.81000000,90475.80000000,89640.99000000,89882.43000000,0.09829000,60
1767384000000000,89870.26000000,90088.90000000,89616.04000000,90088.90000000,0.05106000,38
1767391200000000,90064.96000000,90291.03000000,89924.18000000,89932.07000000,0.05071000,41
1767398400000000,90018.56000000,90359.47000000,90018.56000000,90191.50000000,0.09265000,43
1767405600000000,90191.50000000,90356.99000000,90151.02000000,90240.27000000,0.01937000,16
1767412800000000,90401.05000000,90421.04000000,90160.27000000,90160.27000000,0.00947000,8
1767420000000000,90115.97000000,90115.97000000,89382.47000000,89595.30000000,0.01030000,14
1767427200000000,89640.99000000,89909.00000000,89489.93000000,89832.78000000,0.07210000,33
1767434400000000,89758.99000000,90000.56000000,89682.97000000,89710.67000000,0.04908000,33
1767441600000000,89682.98000000,90017.53000000,89676.69000000,89986.40000000,0.02836000,26
1767448800000000,89986.40000000,90086.62000000,89966.37000000,89966.37000000,0.06617000,35
1767456000000000,89992.92000000,90097.36000000,89975.12000000,90094.00000000,0.00445000,11
1767463200000000,90089.62000000,90330.79000000,90061.04000000,90132.89000000,0.05692000,23
1767470400000000,90040.49000000,90551.71000000,90040.49000000,90534.77000000,0.03223000,13
1767477600000000,90499.63000000,90638.44000000,90499.63000000,90638.44000000,0.00447000,8
1767484800000000,90809.00000000,91517.54000000,90809.00000000,91022.22000000,0.06881000,31
1767492000000000,91207.89000000,91207.89000000,91076.27000000,91207.89000000,0.00067000,6
1767499200000000,91277.90000000,91500.00000000,91207.89000000,91398.16000000,0.07755000,8
1767506400000000,91603.87000000,91736.25000000,91284.97000000,91480.50000000,0.01020000,17
1767513600000000,91345.32000000,91478.23000000,91207.89000000,91478.23000000,0.01932000,21
1767520800000000,91568.65000000,91568.65000000,91339.69000000,91339.69000000,0.03099000,16
1767528000000000,91207.89000000,91288.33000000,91076.27000000,91225.23000000,0.28119000,59
1767535200000000,91312.40000000,91337.64000000,91142.65000000,91222.97000000,0.05358000,17
1767542400000000,91281.89000000,91511.14000000,91281.89000000,91339.69000000,0.08516000,39
1767549600000000,91339.69000000,91339.69000000,90944.85000000,91094.12000000,0.09085000,43
1767556800000000,91207.89000000,91349.14000000,91207.89000000,91245.76000000,0.00275000,8
1767564000000000,91204.80000000,91576.51000000,91068.34000000,91576.51000000,0.14568000,34
1767571200000000,91580.43000000,93323.24000000,91580.43000000,92920.21000000,0.93041000,245
1767578400000000,93103.09000000,93132.23000000,92768.19000000,92864.22000000,0.04173000,54
1767585600000000,92864.22000000,92864.22000000,92296.94000000,92296.94000000,0.06149000,69
1767592800000000,92402.64000000,93780.93000000,92118.08000000,92518.28000000,1.64225000,166
1767600000000000,92528.16000000,92797.33000000,92297.41000000,92700.21000000,1.00987000,259
1767607200000000,92672.37000000,93271.21000000,92672.37000000,93076.10000000,0.26462000,99
1767614400000000,93125.53000000,93452.89000000,92553.25000000,92684.00000000,0.09614000,77
1767621600000000,92833.30000000,95074.64000000,92347.85000000,93904.49000000,2.75393000,460
1767628800000000,93914.61000000,94424.32000000,93260.61000000,94335.01000000,0.25960000,186
1767636000000000,94310.41000000,94489.31000000,93940.12000000,94269.44000000,0.12009000,116
1767643200000000,94297.61000000,94765.34000000,93809.39000000,94152.01000000,0.06178000,103
1767650400000000,94083.80000000,94361.84000000,93893.40000000,93903.62000000,0.00983000,30
1767657600000000,93867.77000000,94168.84000000,93570.34000000,93721.29000000,0.04811000,59
1767664800000000,93761.24000000,94558.16000000,93539.78000000,93854.76000000,0.69952000,109
1767672000000000,93760.26000000,93991.26000000,93574.97000000,93574.97000000,0.04722000,34
1767679200000000,93564.86000000,93895.25000000,93190.41000000,93281.81000000,0.02852000,51
1767686400000000,93220.23000000,93531.54000000,93186.96000000,93477.48000000,0.01711000,37
1767693600000000,93427.45000000,94072.31000000,93427.45000000,93837.02000000,0.10278000,62
1767700800000000,93889.17000000,93959.34000000,93675.10000000,93682.55000000,0.19161000,71
1767708000000000,93780.75000000,94436.64000000,93366.62000000,93448.37000000,0.11045000,187
1767715200000000,93745.01000000,93746.82000000,91558.55000000,91580.01000000,0.43639000,253
1767722400000000,91471.69000000,92300.78000000,91305.73000000,92127.07000000,0.12945000,101
1767729600000000,92267.67000000,93799.41000000,92267.67000000,93239.37000000,0.02886000,82
1767736800000000,93342.42000000,93745.01000000,93002.71000000,93745.01000000,0.03908000,73
1767744000000000,93751.84000000,93751.84000000,92335.79000000,92457.54000000,0.01479000,64
1767751200000000,92368.18000000,93041.81000000,92245.80000000,92803.01000000,0.01280000,33
1767758400000000,92778.41000000,92864.66000000,92506.31000000,92533.07000000,0.03005000,29
1767765600000000,92514.51000000,92835.27000000,92514.51000000,92798.54000000,0.00676000,22
1767772800000000,92864.08000000,92904.79000000,91588.10000000,91705.10000000,0.09469000,71
1767780000000000,91572.22000000,92463.17000000,91572.22000000,92078.43000000,0.14193000,63
1767787200000000,92076.87000000,92464.40000000,91824.88000000,91998.01000000,3.21952000,353
1767794400000000,92009.00000000,92175.66000000,91000.00000000,91323.96000000,10.01208000,1302
1767801600000000,91268.96000000,91711.04000000,91043.45000000,91248.93000000,5.89722000,632
1767808800000000,91166.99000000,91326.98000000,90659.00000000,91131.10000000,0.06729000,64
1767816000000000,91138.50000000,91142.69000000,90758.97000000,91047.54000000,0.03186000,28
1767823200000000,90944.85000000,91406.04000000,90893.41000000,91306.99000000,2.39801000,246
1767830400000000,91229.19000000,91547.36000000,91039.31000000,91363.09000000,3.15476000,246
1767837600000000,91343.71000000,91397.03000000,90566.00000000,90732.95000000,6.72016000,492
1767844800000000,90725.02000000,91055.02000000,90645.28000000,90708.27000000,3.13963000,241
1767852000000000,90755.26000000,90755.26000000,89560.99000000,90421.04000000,0.16088000,169
1767859200000000,90463.16000000,90557.58000000,89903.00000000,89903.00000000,0.05242000,40
1767866400000000,89884.46000000,90524.91000000,89696.26000000,89948.82000000,0.12131000,39
1767873600000000,90023.99000000,90023.99000000,89733.00000000,89835.06000000,0.09354000,23
1767880800000000,89835.06000000,90782.50000000,89253.49000000,90369.17000000,0.16294000,95
1767888000000000,90682.57000000,91350.17000000,90290.57000000,91350.17000000,0.06729000,37
1767895200000000,91302.00000000,91302.00000000,90813.61000000,90813.61000000,0.15183000,46
1767902400000000,90863.22000000,91242.06000000,90551.71000000,91227.78000000,0.06085000,35
1767909600000000,91202.51000000,91358.03000000,91020.57000000,91024.00000000,0.04691000,38
1767916800000000,91076.31000000,91545.30000000,90840.94000000,90982.09000000,0.97551000,112
1767924000000000,90995.40000000,91398.00000000,90923.30000000,91153.31000000,0.45769000,76
1767931200000000,91115.23000000,91115.23000000,90813.61000000,90975.56000000,2.29938000,218
1767938400000000,91018.22000000,91058.00000000,90661.94000000,90661.94000000,3.48724000,248
1767945600000000,90666.96000000,90751.00000000,89362.92000000,90257.97000000,4.15667000,752
1767952800000000,90266.00000000,90623.93000000,90197.46000000,90373.04000000,1.11436000,272
1767960000000000,90373.81000000,90817.11000000,90152.00000000,90608.24000000,1.75500000,380
1767967200000000,90532.96000000,92011.21000000,89900.26000000,90813.61000000,0.67222000,181
1767974400000000,91076.27000000,91968.52000000,91003.89000000,91470.15000000,0.29626000,80
1767981600000000,91355.31000000,91441.06000000,90160.27000000,90290.57000000,0.10122000,65
1767988800000000,90293.77000000,90457.19000000,90160.27000000,90424.77000000,0.04513000,41
1767996000000000,90470.14000000,90624.24000000,90290.57000000,90570.03000000,1.43825000,103
1768003200000000,90594.06000000,90594.06000000,90464.03000000,90550.91000000,0.02911000,9
1768010400000000,90592.84000000,90599.59000000,90520.10000000,90558.92000000,0.01063000,6
1768017600000000,90443.60000000,90457.96000000,90366.97000000,90366.97000000,0.00164000,5
1768024800000000,90508.46000000,90528.89000000,90414.96000000,90528.89000000,0.01886000,9
1768032000000000,90568.81000000,90653.26000000,90538.24000000,90653.26000000,0.03846000,10
1768039200000000,90661.54000000,90755.31000000,90650.06000000,90650.06000000,0.06684000,22
1768046400000000,90650.06000000,90768.50000000,90593.67000000,90654.27000000,0.10031000,32
1768053600000000,90602.99000000,90618.73000000,90512.27000000,90576.47000000,0.02424000,16
1768060800000000,90625.23000000,90673.39000000,90523.52000000,90523.52000000,0.03525000,19
1768068000000000,90510.05000000,90596.12000000,90423.60000000,90556.78000000,0.03148000,19
1768075200000000,90558.67000000,90583.54000000,90376.82000000,90437.96000000,0.03771000,31
1768082400000000,90437.96000000,90551.71000000,90335.91000000,90414.99000000,0.63602000,65
1768089600000000,90409.96000000,90571.59000000,90369.01000000,90507.96000000,2.05962000,93
1768096800000000,90534.36000000,90645.99000000,90533.97000000,90645.99000000,1.51367000,90
1768104000000000,90628.00000000,90765.00000000,90605.81000000,90691.00000000,1.02867000,86
1768111200000000,90708.00000000,90737.00000000,90528.94000000,90615.96000000,0.19475000,30
1768118400000000,90613.96000000,90717.82000000,90521.88000000,90684.00000000,2.80362000,165
1768125600000000,90675.98000000,90675.98000000,90563.65000000,90656.16000000,0.35916000,52
1768132800000000,90641.04000000,90913.92000000,90641.04000000,90761.01000000,0.68908000,101
1768140000000000,90763.99000000,91055.00000000,90666.02000000,90754.99000000,1.10006000,181
1768147200000000,90816.12000000,91149.25000000,90808.96000000,90916.00000000,0.47608000,113
1768154400000000,90823.00000000,90842.00000000,90599.19000000,90604.61000000,0.76204000,106
1768161600000000,90601.00000000,90722.04000000,90340.04000000,90708.28000000,0.40486000,131
1768168800000000,90586.00000000,90879.97000000,90160.27000000,90849.64000000,0.48128000,77
1768176000000000,90889.27000000,91703.45000000,90682.57000000,91298.66000000,0.06169000,48
1768183200000000,91377.99000000,92376.88000000,91339.63000000,91815.44000000,0.03379000,75
1768190400000000,91742.04000000,92130.54000000,91742.04000000,92007.65000000,0.04510000,28
1768197600000000,91994.29000000,92090.03000000,91336.29000000,91343.21000000,0.09654000,119
1768204800000000,91294.13000000,91502.62000000,90324.58000000,90680.00000000,0.26062000,131
1768212000000000,90551.71000000,90862.23000000,90318.64000000,90572.85000000,0.19699000,64
1768219200000000,90558.43000000,90980.84000000,90482.85000000,90570.93000000,0.10696000,50
1768226400000000,90538.99000000,91569.42000000,90063.68000000,91569.42000000,0.64127000,241
1768233600000000,91603.87000000,92226.61000000,90948.70000000,91385.00000000,0.30231000,325
1768240800000000,91425.74000000,91823.13000000,91347.51000000,91711.65000000,0.03409000,60
1768248000000000,91877.16000000,91877.16000000,90899.10000000,90899.10000000,0.02593000,36
1768255200000000,91150.16000000,91284.44000000,91076.27000000,91197.22000000,0.07630000,32
1768262400000000,91207.89000000,91445.07000000,91076.27000000,91115.13000000,0.00670000,14
1768269600000000,91158.88000000,91351.12000000,91040.20000000,91321.00000000,0.03850000,18
1768276800000000,91349.49000000,92026.34000000,91328.70000000,91993.57000000,0.07764000,37
1768284000000000,91965.51000000,92159.96000000,91819.55000000,91838.88000000,0.04330000,43
1768291200000000,91878.58000000,92566.52000000,91874.35000000,92115.50000000,0.02245000,91
1768298400000000,92205.33000000,92260.60000000,91945.24000000,91989.03000000,0.14436000,80
1768305600000000,91960.41000000,92478.10000000,91857.58000000,92138.88000000,0.14966000,100
1768312800000000,91868.82000000,93344.43000000,91794.87000000,93316.89000000,0.27650000,230
1768320000000000,93365.66000000,93665.36000000,93026.06000000,93195.78000000,0.51535000,266
1768327200000000,93472.28000000,94037.65000000,93331.36000000,94037.65000000,0.19059000,100
1768334400000000,94152.01000000,94438.06000000,94063.92000000,94063.92000000,0.09470000,58
1768341600000000,94217.85000000,96491.94000000,94217.85000000,95383.64000000,1.79193000,586
1768348800000000,95372.84000000,95594.16000000,95122.25000000,95259.98000000,0.19846000,64
1768356000000000,95281.43000000,95550.91000000,95281.43000000,95550.91000000,0.01106000,22
1768363200000000,95450.00000000,95450.00000000,94971.32000000,95005.69000000,0.00614000,13
1768370400000000,94971.32000000,95201.02000000,94637.23000000,95201.02000000,1.10683000,195
1768377600000000,95236.50000000,95266.92000000,94847.82000000,94971.32000000,0.08405000,23
1768384800000000,94971.32000000,95206.74000000,94859.03000000,94863.08000000,0.10393000,38
1768392000000000,94668.26000000,95361.29000000,94668.26000000,94995.54000000,0.13054000,55
1768399200000000,95123.00000000,97015.11000000,95123.00000000,96586.99000000,0.19476000,90
1768406400000000,97050.92000000,97900.00000000,96756.19000000,96971.67000000,0.25998000,148
1768413600000000,96910.88000000,97472.27000000,96302.07000000,97302.19000000,0.22789000,107
1768420800000000,97276.74000000,97876.10000000,97276.74000000,97462.18000000,0.12327000,69
1768428000000000,97449.84000000,97493.78000000,96877.46000000,97038.53000000,0.15984000,86
1768435200000000,96910.88000000,96992.51000000,96352.71000000,96352.71000000,0.04117000,24
1768442400000000,96503.02000000,96503.02000000,95936.20000000,95936.20000000,0.02793000,19
1768449600000000,96045.92000000,96465.35000000,96045.92000000,96382.79000000,0.02616000,15
1768456800000000,96410.83000000,96753.04000000,96184.91000000,96538.69000000,0.03816000,53
1768464000000000,96583.93000000,97155.38000000,96302.87000000,97155.38000000,0.10077000,76
1768471200000000,97056.74000000,97057.38000000,96486.18000000,96654.07000000,0.21248000,95
1768478400000000,96561.35000000,97021.65000000,96538.48000000,96892.29000000,0.07374000,63
1768485600000000,96860.14000000,97121.52000000,95469.69000000,96749.57000000,0.22787000,277
1768492800000000,96715.68000000,97071.16000000,96288.35000000,96634.07000000,0.19892000,205
1768500000000000,96568.88000000,96625.39000000,95237.00000000,95487.71000000,1.36778000,348
1768507200000000,95663.72000000,95663.72000000,95163.43000000,95629.88000000,0.05728000,37
1768514400000000,95720.71000000,95839.72000000,95409.71000000,95551.77000000,0.01822000,19
1768521600000000,95635.07000000,95797.76000000,95450.00000000,95681.01000000,0.01661000,18
1768528800000000,95517.15000000,95624.47000000,95425.99000000,95467.03000000,0.02438000,18
1768536000000000,95359.23000000,95550.18000000,95179.62000000,95521.48000000,0.03016000,21
1768543200000000,95748.36000000,95748.36000000,95520.77000000,95676.80000000,0.05413000,12
1768550400000000,95628.65000000,95857.74000000,95608.62000000,95674.22000000,0.11603000,23
1768557600000000,95536.08000000,95536.08000000,95295.66000000,95408.12000000,0.02009000,24
1768564800000000,95472.71000000,95536.09000000,95327.49000000,95377.87000000,0.01874000,21
1768572000000000,95428.89000000,95662.11000000,94274.95000000,94607.15000000,0.28658000,115
1768579200000000,94697.43000000,95000.00000000,94584.63000000,95000.00000000,0.06170000,60
1768586400000000,95107.12000000,95229.18000000,94926.60000000,95016.19000000,0.03761000,25
1768593600000000,94989.26000000,95564.22000000,94742.52000000,95535.61000000,0.08809000,29
1768600800000000,95477.85000000,95571.00000000,95303.12000000,95512.19000000,0.04171000,19
1768608000000000,95553.99000000,95553.99000000,95411.68000000,95411.68000000,0.07480000,18
1768615200000000,95259.34000000,95331.76000000,95246.00000000,95291.66000000,0.00514000,5
1768622400000000,95307.38000000,95314.54000000,95279.16000000,95314.54000000,0.00063000,4
1768629600000000,95304.06000000,95333.95000000,95138.68000000,95155.95000000,0.01661000,10
1768636800000000,95156.90000000,95268.52000000,95156.90000000,95262.15000000,0.05645000,19
1768644000000000,95251.75000000,95332.74000000,95145.07000000,95265.18000000,0.02365000,16
1768651200000000,95265.18000000,95435.99000000,95191.19000000,95391.30000000,0.04200000,24
1768658400000000,95391.30000000,95609.94000000,95346.13000000,95511.56000000,0.05348000,31
1768665600000000,95508.50000000,95508.50000000,95267.13000000,95313.06000000,0.04198000,29
1768672800000000,95378.02000000,95720.76000000,95304.24000000,95304.24000000,0.07815000,33
1768680000000000,95310.44000000,95404.00000000,95268.02000000,95325.49000000,0.02187000,21
1768687200000000,95326.84000000,95326.84000000,95082.57000000,95168.83000000,0.00572000,14
1768694400000000,95262.03000000,95262.03000000,94856.67000000,94921.45000000,0.02965000,18
1768701600000000,95027.20000000,95108.56000000,95027.20000000,95108.56000000,0.00022000,2
1768708800000000,95108.35000000,95108.80000000,95082.77000000,95108.80000000,0.00267000,4
1768716000000000,95187.03000000,95564.60000000,95048.72000000,95050.01000000,0.07287000,21
1768723200000000,95126.68000000,95262.55000000,95126.68000000,95257.68000000,0.02041000,8
1768730400000000,95263.62000000,95953.63000000,95069.64000000,95164.17000000,0.32725000,40
1768737600000000,95156.79000000,95325.36000000,94970.23000000,95183.43000000,0.09208000,44
1768744800000000,95156.36000000,95557.32000000,94971.32000000,95088.02000000,0.04876000,31
1768752000000000,95168.03000000,95302.43000000,95100.80000000,95214.32000000,0.01400000,23
1768759200000000,95256.09000000,95515.91000000,95205.34000000,95371.80000000,0.01223000,25
1768766400000000,95333.64000000,95541.03000000,95293.77000000,95323.72000000,0.04048000,22
1768773600000000,95439.86000000,95522.10000000,93624.72000000,93628.05000000,0.20768000,131
1768780800000000,93664.19000000,93664.19000000,91973.24000000,92553.93000000,0.28508000,284
1768788000000000,92540.14000000,92749.61000000,92397.23000000,92524.43000000,0.00593000,27
1768795200000000,92654.15000000,92800.51000000,92511.26000000,92551.58000000,0.06268000,27
1768802400000000,92519.18000000,92688.44000000,92389.02000000,92659.03000000,0.05333000,46
1768809600000000,92802.16000000,93296.70000000,92691.58000000,93033.92000000,0.01954000,54
1768816800000000,92900.02000000,93283.98000000,92900.02000000,93199.63000000,0.09132000,62
1768824000000000,93150.66000000,93216.69000000,92734.92000000,93027.62000000,0.06646000,68
1768831200000000,93039.45000000,93039.45000000,92680.46000000,92983.05000000,0.15067000,59
1768838400000000,93106.05000000,93568.89000000,93028.78000000,93461.00000000,0.17266000,69
1768845600000000,93265.75000000,93265.75000000,92937.24000000,93175.76000000,0.04919000,47
1768852800000000,93182.59000000,93280.16000000,92996.68000000,92996.68000000,0.01313000,31
1768860000000000,92916.80000000,93017.54000000,92183.20000000,92615.92000000,0.22406000,69
1768867200000000,92590.15000000,92816.27000000,92375.46000000,92783.55000000,0.01582000,30
1768874400000000,92450.22000000,92640.96000000,92257.32000000,92434.67000000,0.00368000,30
1768881600000000,92375.16000000,92410.39000000,91300.00000000,91721.85000000,2.23457000,298
1768888800000000,91525.09000000,91540.27000000,90755.09000000,91121.07000000,0.07633000,106
1768896000000000,91126.69000000,91146.91000000,90641.20000000,91021.13000000,0.37681000,185
1768903200000000,90963.91000000,91675.05000000,90960.71000000,91217.53000000,0.35117000,97
1768910400000000,91157.63000000,91256.97000000,90761.83000000,90890.48000000,0.05956000,71
1768917600000000,90956.78000000,91299.05000000,89341.10000000,90651.93000000,1.16245000,402
1768924800000000,90719.53000000,90886.11000000,89417.41000000,89737.16000000,0.28472000,145
1768932000000000,89770.53000000,89863.53000000,89247.84000000,89693.72000000,0.62782000,152
1768939200000000,89632.76000000,89777.20000000,89349.32000000,89429.99000000,0.11385000,102
1768946400000000,89438.31000000,89584.12000000,87855.16000000,88371.68000000,1.96982000,470
1768953600000000,88444.48000000,89075.17000000,88223.35000000,88980.68000000,0.04630000,34
1768960800000000,89124.70000000,89478.54000000,88958.60000000,89335.05000000,0.05428000,239
1768968000000000,89337.23000000,90018.93000000,89270.22000000,89917.69000000,0.06508000,327
1768975200000000,89764.70000000,89764.70000000,89186.50000000,89186.50000000,0.04681000,20
1768982400000000,89179.48000000,89385.92000000,88970.97000000,89052.35000000,0.03826000,29
1768989600000000,89101.56000000,89602.01000000,88682.92000000,88711.60000000,0.95483000,98
1768996800000000,88726.80000000,88909.72000000,88150.00000000,88632.43000000,5.57576000,314
1769004000000000,88611.37000000,90479.49000000,88545.65000000,90258.71000000,6.42343000,455
1769011200000000,90246.75000000,90246.75000000,87214.95000000,87913.25000000,7.63494000,651
1769018400000000,87924.37000000,90373.88000000,87535.82000000,90284.29000000,4.74837000,679
1769025600000000,90287.71000000,90295.03000000,89415.95000000,90224.98000000,4.11522000,267
1769032800000000,90212.53000000,90295.55000000,89319.73000000,89423.87000000,1.85495000,167
1769040000000000,89466.13000000,90117.35000000,89436.41000000,90001.98000000,0.81463000,146
1769047200000000,90049.27000000,90244.47000000,89655.51000000,89825.61000000,0.53584000,199
1769054400000000,89812.44000000,89999.00000000,89746.85000000,89947.38000000,1.42110000,419
1769061600000000,89956.55000000,90138.66000000,89718.89000000,89740.82000000,0.69150000,712
1769068800000000,89759.69000000,90073.18000000,89724.06000000,89959.74000000,0.45978000,281
1769076000000000,89977.58000000,90090.96000000,89843.34000000,89858.23000000,0.63628000,211
1769083200000000,89882.81000000,90274.94000000,89511.64000000,89554.24000000,1.88541000,449
1769090400000000,89516.57000000,89643.46000000,88542.85000000,88942.75000000,2.29592000,438
1769097600000000,89012.40000000,89511.64000000,88659.09000000,89511.64000000,2.38406000,301
1769104800000000,89497.19000000,89853.02000000,89073.44000000,89762.51000000,1.84232000,229
1769112000000000,89682.23000000,89883.03000000,89173.53000000,89214.88000000,0.60534000,124
1769119200000000,89177.77000000,89511.63000000,89064.03000000,89460.25000000,0.37884000,93
1769126400000000,89491.15000000,89852.68000000,89442.95000000,89842.46000000,0.55221000,43
1769133600000000,89860.35000000,89860.36000000,89640.99000000,89817.06000000,1.36994000,134
1769140800000000,89873.76000000,90030.16000000,89419.55000000,89419.55000000,2.00385000,275
1769148000000000,89529.03000000,89689.99000000,89321.73000000,89477.83000000,1.03928000,246
1769155200000000,89457.82000000,89549.80000000,88804.11000000,88888.13000000,1.46254000,375
1769162400000000,88888.12000000,89242.15000000,88801.49000000,89101.91000000,0.86641000,226
1769169600000000,89155.67000000,89363.57000000,89027.18000000,89258.31000000,2.86278000,617
1769176800000000,89258.31000000,89717.88000000,88469.26000000,89656.40000000,9.62293000,2163
1769184000000000,89655.25000000,91132.70000000,89401.56000000,90508.83000000,3.26810000,705
1769191200000000,90461.45000000,90930.95000000,89537.04000000,89881.95000000,1.17587000,326
1769198400000000,89863.25000000,90071.16000000,89124.71000000,89263.49000000,2.38204000,1053
1769205600000000,89266.62000000,89691.73000000,89266.47000000,89516.72000000,0.72192000,619
1769212800000000,89520.31000000,89561.94000000,89338.03000000,89452.24000000,0.50332000,1313
1769220000000000,89477.77000000,89817.12000000,89477.77000000,89672.46000000,1.15256000,655
1769227200000000,89672.46000000,89769.59000000,89641.00000000,89693.16000000,0.10786000,424
1769234400000000,89693.16000000,89693.16000000,89459.83000000,89520.24000000,0.28297000,646
1769241600000000,89508.61000000,89581.90000000,89476.80000000,89491.53000000,0.31247000,1416
1769248800000000,89493.82000000,89559.08000000,89465.26000000,89483.49000000,0.42965000,1226
1769256000000000,89483.51000000,89483.51000000,89285.84000000,89285.84000000,0.57551000,1938
1769263200000000,89285.84000000,89400.77000000,89106.19000000,89169.86000000,0.60855000,931
1769270400000000,89169.86000000,89306.35000000,89043.01000000,89287.70000000,2.14372000,3170
1769277600000000,89287.70000000,89356.92000000,89166.11000000,89227.72000000,2.42818000,2456
1769284800000000,89227.72000000,89297.61000000,89163.83000000,89281.98000000,1.43261000,1474
1769292000000000,89281.98000000,89388.52000000,89102.70000000,89128.69000000,0.86376000,1271
1769299200000000,89128.69000000,89209.47000000,88995.14000000,89055.92000000,0.78971000,1745
1769306400000000,89055.90000000,89151.74000000,88740.61000000,88866.11000000,0.45638000,1072
1769313600000000,88866.11000000,88981.66000000,88759.41000000,88879.50000000,0.29325000,1542
1769320800000000,88879.50000000,88879.50000000,88515.05000000,88548.51000000,0.91186000,2528
1769328000000000,88548.51000000,88642.40000000,88000.94000000,88295.82000000,1.01744000,2374
1769335200000000,88295.82000000,88595.45000000,88295.82000000,88458.93000000,0.66595000,1458
1769342400000000,88442.59000000,88867.65000000,88322.98000000,88827.11000000,2.19475000,2521
1769349600000000,88827.11000000,88827.11000000,88287.17000000,88347.69000000,1.14337000,1245
1769356800000000,88352.57000000,88352.57000000,87478.38000000,87780.35000000,3.74624000,2260
1769364000000000,87762.11000000,87879.75000000,86143.91000000,86416.41000000,3.36582000,1334
1769371200000000,86478.50000000,86920.44000000,86163.76000000,86497.31000000,1.50633000,297
1769378400000000,86497.31000000,86689.60000000,86054.28000000,86563.18000000,1.34129000,236
1769385600000000,86609.82000000,87686.61000000,86445.23000000,87584.94000000,1.20828000,177
1769392800000000,87450.13000000,87862.23000000,87089.08000000,87150.56000000,1.28724000,249
1769400000000000,87219.48000000,87846.93000000,87150.47000000,87764.40000000,4.61842000,213
1769407200000000,87716.45000000,87955.87000000,87669.88000000,87936.98000000,0.48631000,66
1769414400000000,87936.98000000,88295.70000000,87529.64000000,87590.35000000,0.80864000,201
1769421600000000,87592.41000000,87913.85000000,87583.93000000,87772.60000000,0.25056000,692
1769428800000000,87826.74000000,87972.33000000,87623.40000000,87901.03000000,0.30452000,826
1769436000000000,87901.02000000,88759.50000000,87266.93000000,87593.59000000,3.55023000,760
1769443200000000,87601.86000000,87846.93000000,86974.35000000,87644.12000000,1.07970000,193
1769450400000000,87632.82000000,88470.02000000,87609.84000000,87963.97000000,2.47119000,292
1769457600000000,87963.97000000,88126.21000000,87475.37000000,88015.95000000,0.73187000,264
1769464800000000,87990.50000000,88602.83000000,87957.74000000,88311.60000000,0.24992000,191
1769472000000000,88324.31000000,88612.66000000,88132.41000000,88467.33000000,0.44219000,107
1769479200000000,88485.18000000,88797.21000000,88483.51000000,88658.19000000,0.66950000,160
1769486400000000,88683.18000000,88865.89000000,88330.87000000,88365.87000000,0.92772000,460
1769493600000000,88365.87000000,88483.50000000,88173.62000000,88231.36000000,0.53824000,983
1769500800000000,88231.36000000,88303.08000000,87770.60000000,87771.14000000,1.37977000,789
1769508000000000,87865.46000000,87983.81000000,87663.84000000,87886.85000000,0.78190000,280
1769515200000000,87887.16000000,88057.98000000,87694.47000000,87909.03000000,4.41797000,1020
1769522400000000,87909.02000000,88364.22000000,87468.44000000,87923.39000000,12.11483000,2718
1769529600000000,87974.98000000,88684.54000000,87214.94000000,87469.76000000,1.63882000,295
1769536800000000,87414.45000000,88429.66000000,87414.45000000,88287.67000000,1.73254000,116
1769544000000000,88290.34000000,89446.90000000,88290.34000000,88914.52000000,2.19656000,237
1769551200000000,89061.75000000,89428.68000000,88932.56000000,89136.90000000,0.57086000,310
1769558400000000,89170.16000000,89377.65000000,89054.36000000,89302.74000000,1.42171000,314
1769565600000000,89302.74000000,89329.08000000,88890.87000000,89027.16000000,0.36639000,177
1769572800000000,88993.25000000,89064.50000000,88719.34000000,88924.04000000,0.38946000,444
1769580000000000,88996.09000000,89307.40000000,88996.09000000,89040.48000000,0.58537000,451
1769587200000000,89040.48000000,89444.03000000,88771.21000000,89444.03000000,2.09236000,334
1769594400000000,89464.98000000,90030.17000000,89253.49000000,89990.55000000,1.86948000,334
1769601600000000,89907.15000000,90391.00000000,89726.51000000,90160.27000000,1.29066000,130
1769608800000000,90160.27000000,90493.10000000,88815.36000000,89430.97000000,1.31989000,420
1769616000000000,89396.03000000,90487.86000000,89171.85000000,90070.73000000,4.58296000,290
1769623200000000,90046.37000000,90046.37000000,88928.57000000,89438.53000000,1.05581000,329
1769630400000000,89259.95000000,89770.53000000,88779.80000000,89340.99000000,2.39807000,401
1769637600000000,89325.87000000,89325.87000000,89055.45000000,89194.06000000,1.28545000,194
1769644800000000,89200.03000000,89251.92000000,88439.30000000,88503.02000000,1.25464000,439
1769652000000000,88480.96000000,88633.78000000,87608.91000000,87880.18000000,2.27395000,441
1769659200000000,87939.36000000,88274.69000000,87799.56000000,88078.66000000,0.95818000,233
1769666400000000,88075.90000000,88329.94000000,88066.30000000,88206.40000000,2.04252000,184
1769673600000000,88223.37000000,88335.05000000,87642.88000000,87642.88000000,3.74440000,328
1769680800000000,87769.48000000,87932.45000000,87685.10000000,87726.48000000,1.11529000,99
1769688000000000,87709.96000000,88035.77000000,87709.26000000,87923.11000000,2.08954000,342
1769695200000000,87923.12000000,87966.55000000,84300.00000000,84798.50000000,9.40372000,2080
1769702400000000,84732.10000000,86024.73000000,83954.21000000,84126.48000000,5.41290000,848
1769709600000000,84170.91000000,84509.92000000,83276.45000000,83878.34000000,8.19898000,1644
1769716800000000,83871.74000000,84530.95000000,83700.00000000,84401.96000000,2.74245000,381
1769724000000000,84425.81000000,84614.57000000,84208.52000000,84614.57000000,3.64625000,592
1769731200000000,84643.59000000,84646.43000000,81000.00000000,82390.26000000,3.96510000,1116
1769738400000000,82319.94000000,82603.04000000,80815.64000000,82578.88000000,3.07595000,533
1769745600000000,82578.88000000,83218.61000000,82576.59000000,82898.93000000,2.42396000,247
1769752800000000,82799.51000000,82962.95000000,81966.60000000,82706.24000000,3.28637000,961
1769760000000000,82708.35000000,82880.62000000,82041.78000000,82250.75000000,9.64916000,2033
1769767200000000,82264.01000000,83197.98000000,82077.40000000,83045.29000000,1.37824000,465
1769774400000000,83060.47000000,83202.89000000,82297.89000000,82637.79000000,3.68088000,963
1769781600000000,82761.56000000,83672.44000000,82293.36000000,82796.67000000,4.79552000,1238
1769788800000000,82769.72000000,83371.96000000,82466.66000000,82814.48000000,15.69984000,3559
1769796000000000,82830.75000000,84487.73000000,81764.99000000,84210.01000000,9.63277000,2179
1769803200000000,84132.04000000,84378.50000000,83490.19000000,84138.88000000,5.66487000,761
1769810400000000,84161.55000000,84201.41000000,83807.03000000,84156.70000000,0.64582000,185
1769817600000000,84131.08000000,84138.13000000,83813.75000000,83913.15000000,1.09607000,174
1769824800000000,83914.80000000,84100.86000000,83710.83000000,83942.88000000,0.21938000,138
1769832000000000,83984.04000000,83991.98000000,83789.54000000,83905.14000000,0.13652000,104
1769839200000000,83905.14000000,83936.53000000,83286.06000000,83424.33000000,0.40255000,204
1769846400000000,83450.15000000,83502.33000000,82465.44000000,82991.94000000,1.40516000,502
1769853600000000,83026.38000000,83084.31000000,82744.30000000,82870.55000000,0.37939000,213
1769860800000000,82964.91000000,83034.87000000,82413.57000000,82584.69000000,1.65194000,126
1769868000000000,82677.34000000,82755.00000000,80744.31000000,81163.20000000,3.52893000,488
1769875200000000,81235.33000000,82091.38000000,78100.00000000,78756.28000000,9.64480000,1477
1769882400000000,78829.84000000,78989.60000000,75678.00000000,77721.72000000,6.03901000,1199
1769889600000000,77723.31000000,78247.43000000,77045.38000000,78109.26000000,2.21797000,427
1769896800000000,78245.26000000,79123.88000000,78000.00000000,78610.81000000,1.75510000,245
1769904000000000,78744.33000000,79344.22000000,78249.99000000,78421.58000000,1.09671000,253
1769911200000000,78517.78000000,78898.95000000,78319.43000000,78771.93000000,0.41580000,87
1769918400000000,78771.93000000,79041.55000000,78475.57000000,78530.53000000,1.57701000,295
1769925600000000,78591.78000000,78741.06000000,77931.12000000,78376.82000000,0.90672000,321
1769932800000000,78380.57000000,79033.03000000,78211.56000000,79033.03000000,0.57661000,122
1769940000000000,78930.85000000,79170.80000000,78100.37000000,78675.90000000,0.83460000,254
1769947200000000,78697.33000000,78707.09000000,78194.89000000,78249.13000000,1.99736000,165
1769954400000000,78260.30000000,78383.27000000,76741.63000000,77585.28000000,5.46892000,426
1769961600000000,77512.04000000,77760.80000000,77049.04000000,77570.09000000,3.32322000,361
1769968800000000,77780.50000000,78382.29000000,76963.88000000,76996.42000000,2.21380000,222
1769976000000000,76996.42000000,77584.46000000,76323.61000000,76454.53000000,3.14796000,314
1769983200000000,76538.22000000,77677.36000000,75678.00000000,77004.32000000,5.33692000,785
1769990400000000,76985.19000000,78074.95000000,76600.00000000,77587.75000000,4.39566000,343
1769997600000000,77358.45000000,77458.30000000,74544.95000000,76218.04000000,20.89057000,3538
1770004800000000,76238.25000000,76510.85000000,74859.11000000,75399.67000000,7.15717000,1308
1770012000000000,75464.22000000,76816.66000000,74906.59000000,76566.03000000,5.34236000,531
1770019200000000,76556.37000000,77778.79000000,76556.37000000,77663.65000000,4.03446000,706
1770026400000000,77681.50000000,77897.28000000,77397.40000000,77669.06000000,6.25183000,650
1770033600000000,77669.07000000,78406.01000000,77664.28000000,78406.01000000,2.62601000,383
1770040800000000,78219.05000000,79283.74000000,77304.32000000,78815.25000000,7.21275000,1379
1770048000000000,78788.77000000,79209.28000000,78554.94000000,78966.51000000,2.00685000,306
1770055200000000,78885.01000000,78891.17000000,78228.10000000,78327.92000000,0.81439000,382
1770062400000000,78291.01000000,78601.84000000,77870.89000000,78481.60000000,2.31872000,638
1770069600000000,78511.13000000,78910.26000000,78493.38000000,78690.16000000,3.92592000,283
1770076800000000,78706.21000000,79135.76000000,78371.25000000,78910.87000000,2.79220000,135
1770084000000000,78777.79000000,78834.83000000,77609.02000000,78713.02000000,7.49624000,1411
1770091200000000,78622.96000000,78932.04000000,78196.26000000,78200.45000000,2.57699000,430
1770098400000000,78183.82000000,78837.17000000,77915.41000000,78685.64000000,4.93307000,944
1770105600000000,78707.91000000,79024.61000000,77920.72000000,78340.44000000,4.21119000,668
1770112800000000,78433.37000000,78497.43000000,77867.75000000,77998.46000000,1.74167000,340
1770120000000000,77998.00000000,78369.60000000,77961.85000000,78196.78000000,2.13925000,277
1770127200000000,78244.11000000,78390.43000000,77028.49000000,78084.34000000,4.32022000,479
1770134400000000,78073.34000000,78073.34000000,74813.76000000,74840.72000000,7.75218000,945
1770141600000000,74881.07000000,75191.05000000,72897.64000000,74878.00000000,9.23793000,1624
1770148800000000,74984.22000000,76854.02000000,74541.16000000,76185.68000000,5.25921000,567
1770156000000000,76164.00000000,76164.00000000,75341.80000000,75628.32000000,0.73949000,161
1770163200000000,75671.04000000,76659.27000000,75405.51000000,76350.65000000,0.51626000,89
1770170400000000,76492.37000000,76874.87000000,75646.39000000,76608.00000000,21.99078000,4499
1770177600000000,76598.85000000,76721.17000000,76012.13000000,76176.43000000,12.19557000,2583
1770184800000000,76224.21000000,76681.05000000,76168.09000000,76411.48000000,12.11029000,2493
1770192000000000,76410.68000000,76574.14000000,75904.79000000,75991.17000000,11.81201000,2290
1770199200000000,76033.74000000,76241.15000000,75592.99000000,75912.50000000,3.79368000,434
1770206400000000,75961.31000000,76165.91000000,74864.75000000,74864.75000000,2.06618000,317
1770213600000000,74732.18000000,75650.43000000,73734.67000000,74054.82000000,7.17448000,1027
1770220800000000,74066.58000000,74117.75000000,72039.17000000,72446.27000000,5.97878000,1262
1770228000000000,72434.50000000,73963.81000000,72135.21000000,73778.69000000,27.88207000,5155
1770235200000000,73822.01000000,73978.57000000,72059.36000000,72668.81000000,16.01749000,3411
1770242400000000,72668.59000000,73501.15000000,71755.42000000,73037.85000000,7.14564000,1236
1770249600000000,73006.91000000,73168.31000000,71874.99000000,72319.01000000,2.17989000,267
1770256800000000,72278.18000000,72533.18000000,71052.79000000,71108.31000000,5.43795000,830
1770264000000000,71128.25000000,71279.89000000,70037.13000000,70593.63000000,10.81390000,979
1770271200000000,70754.21000000,71475.15000000,70311.18000000,70592.20000000,11.31812000,758
1770278400000000,70694.44000000,71803.28000000,70584.39000000,71437.70000000,7.04635000,553
1770285600000000,71456.97000000,71625.99000000,69843.72000000,70204.97000000,11.61367000,833
1770292800000000,70189.81000000,70476.66000000,69077.12000000,69608.06000000,10.90145000,983
1770300000000000,69732.65000000,70760.81000000,66608.56000000,67400.02000000,28.32478000,5478
1770307200000000,67403.90000000,68549.92000000,66046.46000000,66053.13000000,16.79612000,3043
1770314400000000,66112.84000000,66468.34000000,65076.35000000,65180.35000000,21.16587000,2994
1770321600000000,65182.22000000,65577.63000000,62254.50000000,63178.23000000,30.10039000,4853
1770328800000000,63171.32000000,64789.68000000,62570.35000000,62734.53000000,11.71988000,2037
1770336000000000,62855.61000000,69455.82000000,60000.00000000,65522.78000000,15.35419000,3207
1770343200000000,65553.09000000,65896.10000000,63718.50000000,64123.37000000,32.14480000,7182
1770350400000000,64098.13000000,66724.31000000,63847.87000000,66327.12000000,14.91111000,3412
1770357600000000,66345.26000000,66717.26000000,64577.04000000,64780.20000000,19.81323000,2922
1770364800000000,64757.43000000,66099.80000000,64451.16000000,65744.48000000,5.15361000,834
1770372000000000,65741.46000000,66676.60000000,65493.64000000,66554.10000000,9.16198000,1659
1770379200000000,66574.09000000,67626.20000000,66056.80000000,67272.96000000,7.02748000,1386
1770386400000000,67235.90000000,69132.94000000,66590.27000000,68585.30000000,16.40225000,2885
1770393600000000,68564.53000000,71480.85000000,68429.83000000,70805.53000000,23.96429000,4180
1770400800000000,70726.04000000,70884.14000000,69344.32000000,70689.41000000,11.06586000,1667
1770408000000000,70636.71000000,70921.26000000,69872.12000000,70352.21000000,5.88472000,919
1770415200000000,70283.83000000,71707.85000000,70255.96000000,70528.32000000,3.50177000,553
1770422400000000,70543.86000000,70657.53000000,69713.90000000,70471.41000000,3.28470000,593
1770429600000000,70433.77000000,70902.13000000,70162.89000000,70902.13000000,0.89834000,232
1770436800000000,70842.93000000,71652.40000000,69942.42000000,70078.97000000,4.16441000,509
1770444000000000,70118.20000000,70263.61000000,67335.95000000,68076.36000000,11.65147000,2576
1770451200000000,68060.91000000,68783.69000000,67780.46000000,68091.70000000,4.86152000,1070
1770458400000000,68206.96000000,68274.41000000,67607.41000000,67928.01000000,1.87915000,342
1770465600000000,67887.00000000,69920.90000000,67887.00000000,68962.45000000,6.62772000,662
1770472800000000,69000.43000000,69692.56000000,68292.11000000,69081.80000000,3.98635000,472
1770480000000000,69126.29000000,69811.65000000,68548.12000000,69127.46000000,5.52752000,917
1770487200000000,69120.54000000,69661.35000000,69007.01000000,69293.56000000,0.15029000,214
1770494400000000,69305.92000000,69600.00000000,69269.98000000,69422.27000000,0.16745000,66
1770501600000000,69668.58000000,69668.58000000,68808.28000000,69309.57000000,0.23044000,183
1770508800000000,69286.85000000,69397.85000000,68855.17000000,69324.73000000,0.86440000,196
1770516000000000,69367.44000000,69610.03000000,69058.21000000,69076.73000000,1.75162000,111
1770523200000000,69149.90000000,69367.90000000,68964.34000000,69188.64000000,0.62808000,71
1770530400000000,69193.02000000,69607.21000000,69065.08000000,69607.21000000,1.99628000,144
1770537600000000,69642.62000000,70722.19000000,69577.49000000,70111.84000000,3.83997000,332
1770544800000000,70168.89000000,71068.67000000,69854.07000000,70922.76000000,1.29653000,251
1770552000000000,70984.89000000,71470.40000000,70672.89000000,71431.14000000,2.03038000,229
1770559200000000,71493.92000000,71500.50000000,70786.92000000,71087.24000000,1.27283000,203
1770566400000000,71102.52000000,71202.34000000,70208.85000000,70729.40000000,1.38161000,285
1770573600000000,70785.36000000,71449.47000000,70735.90000000,71394.56000000,0.70081000,101
1770580800000000,71289.33000000,71289.33000000,70541.74000000,70647.68000000,1.15706000,134
1770588000000000,70695.20000000,72243.49000000,69997.93000000,70302.22000000,3.64066000,566
1770595200000000,70349.63000000,70875.22000000,70069.43000000,70325.88000000,5.07672000,269
1770602400000000,70294.10000000,71384.24000000,70209.19000000,71272.16000000,8.73985000,1958
1770609600000000,71271.91000000,71272.16000000,70792.26000000,70994.00000000,1.40391000,312
1770616800000000,71003.02000000,71003.02000000,70298.37000000,70375.17000000,2.37401000,373
1770624000000000,70399.04000000,70548.45000000,69364.96000000,69563.98000000,4.79736000,322
1770631200000000,69578.69000000,69660.67000000,68396.71000000,68823.57000000,4.78126000,459
1770638400000000,68896.53000000,69248.46000000,68539.88000000,68539.88000000,2.88402000,828
1770645600000000,68539.88000000,69815.78000000,68273.32000000,69459.83000000,7.07411000,1871
1770652800000000,69524.13000000,70923.71000000,69060.48000000,70591.24000000,5.08668000,778
1770660000000000,70559.23000000,71018.31000000,70127.91000000,70889.48000000,3.08793000,256
1770667200000000,70775.81000000,71091.79000000,69875.23000000,70378.95000000,2.98571000,301
1770674400000000,70394.00000000,70612.43000000,70082.71000000,70082.71000000,0.70950000,74
1770681600000000,70162.71000000,70467.59000000,69738.44000000,70370.32000000,2.24973000,169
1770688800000000,70417.43000000,70417.43000000,69167.08000000,69481.99000000,11.15318000,2214
1770696000000000,69442.94000000,69844.88000000,69172.54000000,69428.58000000,3.22372000,499
1770703200000000,69408.78000000,69446.89000000,68651.91000000,68871.70000000,9.65600000,1817
1770710400000000,68904.86000000,69684.79000000,68679.13000000,69108.73000000,3.32237000,681
1770717600000000,69135.32000000,69225.55000000,68421.93000000,68486.22000000,2.34963000,691
1770724800000000,68538.56000000,69086.39000000,68319.65000000,69005.98000000,4.24493000,536
1770732000000000,68975.46000000,69518.67000000,67900.78000000,69197.68000000,3.49357000,814
1770739200000000,69246.12000000,69955.68000000,69002.40000000,69885.40000000,4.51752000,733
1770746400000000,69903.43000000,69903.43000000,68609.42000000,69038.38000000,1.70371000,270
1770753600000000,68996.62000000,69074.51000000,68354.08000000,68605.37000000,1.11198000,199
1770760800000000,68673.73000000,68783.24000000,68489.82000000,68783.24000000,0.28968000,93
1770768000000000,68790.26000000,69239.80000000,68752.62000000,68958.32000000,0.80982000,94
1770775200000000,68977.81000000,69071.20000000,67960.06000000,68153.89000000,2.61268000,259
1770782400000000,68172.66000000,68290.15000000,67334.80000000,67385.35000000,4.35378000,1214
1770789600000000,67384.03000000,67433.23000000,66527.72000000,67012.47000000,4.25282000,675
1770796800000000,67013.81000000,67076.86000000,66715.57000000,66785.36000000,1.76417000,452
1770804000000000,66759.80000000,67082.97000000,66355.68000000,67019.13000000,3.37860000,727
1770811200000000,67038.90000000,67613.19000000,66785.22000000,67408.76000000,4.17928000,691
1770818400000000,67443.99000000,68780.19000000,65766.56000000,66512.14000000,5.70263000,1184
1770825600000000,66433.52000000,67213.12000000,65900.00000000,66489.09000000,4.00715000,536
1770832800000000,66489.07000000,67800.26000000,66176.84000000,67553.91000000,2.20525000,246
1770840000000000,67585.99000000,68306.44000000,67146.96000000,67766.65000000,3.28035000,435
1770847200000000,67797.01000000,67823.79000000,66774.56000000,67047.96000000,1.02590000,302
1770854400000000,67023.33000000,67927.14000000,67023.31000000,67642.32000000,4.74131000,245
1770861600000000,67581.81000000,67696.88000000,67259.14000000,67550.82000000,6.58253000,1255
1770868800000000,67523.41000000,67621.69000000,66619.59000000,67097.39000000,1.35499000,221
1770876000000000,67097.38000000,67457.70000000,66916.16000000,67173.40000000,0.96480000,405
1770883200000000,67205.34000000,67658.45000000,66869.07000000,67512.43000000,4.33673000,1134
1770890400000000,67503.53000000,68236.32000000,67392.87000000,68055.69000000,5.29618000,1132
1770897600000000,68068.55000000,68298.12000000,67662.90000000,68298.12000000,3.41302000,836
1770904800000000,68341.01000000,68341.01000000,67002.15000000,67045.39000000,7.24197000,1636
1770912000000000,67109.93000000,67198.78000000,65341.21000000,65341.21000000,9.29297000,2051
1770919200000000,65382.52000000,66076.27000000,65126.71000000,65747.70000000,5.20040000,1226
1770926400000000,65769.63000000,65986.70000000,65169.83000000,65784.47000000,4.95618000,1063
1770933600000000,65768.81000000,66419.60000000,65608.60000000,66237.88000000,4.37954000,761
1770940800000000,66188.92000000,66570.35000000,65850.81000000,66383.58000000,2.89479000,164
1770948000000000,66416.20000000,66713.77000000,66396.95000000,66473.23000000,2.09880000,100
1770955200000000,66518.32000000,66625.63000000,66196.50000000,66196.50000000,1.63834000,775
1770962400000000,66181.02000000,66644.94000000,65966.73000000,66260.55000000,0.99568000,184
1770969600000000,66187.21000000,67397.93000000,66171.80000000,66918.41000000,2.41098000,497
1770976800000000,66906.21000000,67174.11000000,66765.53000000,67124.40000000,3.65820000,1141
1770984000000000,67117.60000000,67563.51000000,66877.70000000,67282.52000000,5.64903000,1354
1770991200000000,67226.06000000,69258.95000000,66833.56000000,68655.15000000,7.38917000,1784
1770998400000000,68648.58000000,69393.69000000,68510.60000000,69002.71000000,6.18989000,1242
1771005600000000,69005.63000000,69357.69000000,68873.18000000,68969.11000000,1.07843000,355
1771012800000000,68901.73000000,69039.06000000,68663.01000000,68870.01000000,2.86662000,650
1771020000000000,68868.84000000,68978.12000000,68728.18000000,68811.29000000,4.70747000,778
1771027200000000,68811.48000000,69111.26000000,68753.94000000,68949.78000000,1.36317000,451
1771034400000000,68900.10000000,68982.13000000,68834.30000000,68943.35000000,1.92685000,292
1771041600000000,68984.00000000,68984.00000000,68745.31000000,68762.75000000,0.61998000,178
1771048800000000,68745.87000000,69328.08000000,68707.60000000,69210.44000000,0.35995000,895
1771056000000000,69210.25000000,69860.68000000,69210.21000000,69700.12000000,1.18799000,459
1771063200000000,69685.08000000,70525.50000000,69559.60000000,70435.49000000,1.19382000,1075
1771070400000000,70511.61000000,70693.64000000,69191.55000000,69443.04000000,2.99600000,629
1771077600000000,69450.03000000,70012.71000000,69205.42000000,69773.57000000,2.81556000,541
1771084800000000,69783.86000000,69884.63000000,69286.76000000,69679.76000000,0.53494000,169
1771092000000000,69701.53000000,69865.77000000,69659.77000000,69820.75000000,0.11014000,63
1771099200000000,69820.00000000,70236.00000000,69661.69000000,69895.31000000,0.76260000,197
1771106400000000,69899.99000000,70015.32000000,69714.95000000,69739.93000000,1.91971000,408
1771113600000000,69765.10000000,69870.58000000,69356.32000000,69616.03000000,0.99916000,321
1771120800000000,69678.14000000,69939.14000000,69255.67000000,69896.65000000,1.36173000,235
1771128000000000,70000.00000000,70447.79000000,69880.33000000,70277.77000000,0.97607000,161
1771135200000000,70242.32000000,70892.55000000,70217.97000000,70755.88000000,3.71319000,691
1771142400000000,70794.60000000,70921.62000000,70160.38000000,70381.14000000,0.56286000,109
1771149600000000,70382.62000000,70515.19000000,70205.91000000,70259.87000000,0.51963000,219
1771156800000000,70282.12000000,70381.01000000,68791.29000000,68872.41000000,4.41826000,840
1771164000000000,68988.73000000,69218.68000000,68862.03000000,69052.41000000,2.59136000,575
1771171200000000,69048.70000000,69064.88000000,68197.74000000,68582.32000000,3.83159000,744
1771178400000000,68564.28000000,68763.80000000,68043.78000000,68268.60000000,6.48245000,1481
1771185600000000,68239.99000000,68910.45000000,68102.33000000,68858.40000000,2.90776000,514
1771192800000000,68831.73000000,69066.66000000,68189.57000000,68787.94000000,1.86733000,522
1771200000000000,68786.66000000,68997.50000000,68432.97000000,68603.23000000,1.64155000,355
1771207200000000,68586.35000000,68690.24000000,68122.69000000,68401.48000000,0.91300000,235
1771214400000000,68583.42000000,68854.52000000,68279.62000000,68354.98000000,0.46979000,117
1771221600000000,68371.49000000,68643.20000000,68228.56000000,68556.56000000,0.10951000,278
1771228800000000,68559.51000000,69038.38000000,68531.31000000,68968.29000000,0.34746000,284
1771236000000000,68954.80000000,68954.80000000,68347.52000000,68837.63000000,0.50544000,475
1771243200000000,68809.15000000,70092.16000000,68154.85000000,68368.85000000,10.11319000,1970
1771250400000000,68372.68000000,68703.17000000,67270.76000000,67501.72000000,9.59495000,1771
1771257600000000,67518.90000000,68032.82000000,67501.15000000,67940.26000000,2.98357000,672
1771264800000000,67890.84000000,68198.77000000,67805.78000000,67887.84000000,4.66253000,936
1771272000000000,67887.85000000,68919.51000000,67823.87000000,68843.21000000,4.72199000,1071
1771279200000000,68813.42000000,68931.75000000,68465.08000000,68877.94000000,3.31129000,874
1771286400000000,68831.96000000,68998.75000000,68538.06000000,68621.03000000,1.32617000,428
1771293600000000,68622.16000000,69219.37000000,68371.73000000,68447.64000000,1.17101000,383
1771300800000000,68454.03000000,68638.93000000,67919.75000000,68190.95000000,0.48804000,190
1771308000000000,68209.53000000,68484.02000000,68138.57000000,68392.63000000,1.74615000,728
1771315200000000,68385.00000000,68472.29000000,67966.38000000,68084.83000000,4.65974000,1141
1771322400000000,68092.54000000,68165.05000000,67649.40000000,67810.83000000,7.87485000,1781
1771329600000000,67810.82000000,68327.89000000,67717.13000000,68101.33000000,7.52091000,1657
1771336800000000,68103.64000000,68301.23000000,66604.72000000,67303.23000000,18.94930000,3649
1771344000000000,67353.59000000,68113.63000000,66855.17000000,67213.50000000,5.88437000,1214
1771351200000000,67215.64000000,68191.14000000,67097.43000000,67766.41000000,1.84345000,367
1771358400000000,67758.13000000,67883.07000000,67467.33000000,67641.50000000,2.80882000,633
1771365600000000,67622.68000000,67736.30000000,67125.70000000,67478.78000000,1.84808000,340
1771372800000000,67501.35000000,67574.53000000,66866.67000000,67137.62000000,1.08302000,334
1771380000000000,67139.90000000,67662.47000000,67113.57000000,67657.34000000,0.36948000,118
1771387200000000,67595.79000000,67912.76000000,67485.61000000,67628.07000000,0.78615000,338
1771394400000000,67618.95000000,68189.24000000,67618.95000000,68109.24000000,0.70439000,325
1771401600000000,68091.63000000,68435.76000000,68006.28000000,68134.68000000,0.58491000,517
1771408800000000,68133.95000000,68162.44000000,67043.37000000,67339.20000000,5.82459000,1385
1771416000000000,67369.35000000,67650.70000000,67057.96000000,67193.08000000,4.42363000,807
1771423200000000,67283.52000000,68253.44000000,66694.65000000,67665.48000000,3.51004000,923
1771430400000000,67672.60000000,67672.60000000,66975.85000000,67162.13000000,4.45392000,976
1771437600000000,67144.50000000,67183.76000000,65849.05000000,66144.05000000,11.52517000,1919
1771444800000000,66180.17000000,66527.80000000,66077.90000000,66309.29000000,1.82069000,370
1771452000000000,66311.55000000,66459.18000000,66222.05000000,66438.72000000,2.22744000,492
1771459200000000,66405.75000000,66870.44000000,66325.12000000,66841.26000000,2.02625000,381
1771466400000000,66844.86000000,66963.94000000,66616.17000000,66946.33000000,4.13419000,614
1771473600000000,66979.62000000,67040.16000000,66659.98000000,66873.06000000,0.92648000,224
1771480800000000,66835.27000000,67276.38000000,66835.27000000,67177.34000000,0.27465000,358
1771488000000000,67155.13000000,67163.67000000,66749.33000000,66818.26000000,3.08557000,784
1771495200000000,66765.44000000,67009.17000000,66463.60000000,66463.60000000,0.41785000,167
1771502400000000,66480.88000000,66698.17000000,65773.98000000,65887.28000000,8.56735000,1755
1771509600000000,65887.11000000,66724.96000000,65621.02000000,66404.32000000,10.62937000,2110
1771516800000000,66368.61000000,67029.39000000,65874.49000000,66339.75000000,9.27429000,1965
1771524000000000,66339.74000000,67171.21000000,66236.28000000,67031.17000000,2.63809000,699
1771531200000000,67025.98000000,67150.47000000,66824.78000000,66901.71000000,1.19821000,505
1771538400000000,66815.04000000,66995.26000000,66625.77000000,66951.21000000,2.18755000,446
1771545600000000,66935.58000000,67456.40000000,66915.45000000,67207.02000000,4.30475000,737
1771552800000000,67305.94000000,67442.29000000,67163.17000000,67333.46000000,0.10355000,42
1771560000000000,67315.52000000,67984.75000000,67095.25000000,67765.54000000,0.99776000,327
1771567200000000,67785.96000000,67960.62000000,67656.34000000,67779.85000000,1.03860000,322
1771574400000000,67824.24000000,68191.33000000,67734.79000000,68191.33000000,0.17232000,446
1771581600000000,68175.90000000,68293.88000000,67264.30000000,67264.30000000,0.46036000,160
1771588800000000,67319.25000000,67577.88000000,66393.14000000,66769.42000000,7.52796000,1456
1771596000000000,66790.95000000,68059.95000000,66479.47000000,67569.52000000,14.20929000,2746
1771603200000000,67527.35000000,67890.84000000,66970.22000000,67586.66000000,4.27410000,983
1771610400000000,67603.69000000,67993.65000000,67459.53000000,67606.62000000,1.95616000,402
1771617600000000,67716.42000000,67867.69000000,67497.73000000,67812.30000000,1.37134000,310
1771624800000000,67812.30000000,68221.35000000,67638.54000000,67981.69000000,7.09711000,1156
1771632000000000,67995.58000000,68013.20000000,67780.42000000,67939.83000000,1.68613000,293
1771639200000000,67925.65000000,68049.07000000,67547.27000000,67641.50000000,0.19105000,100
1771646400000000,67603.48000000,67850.85000000,67601.71000000,67850.85000000,0.17216000,67
1771653600000000,67848.24000000,67935.16000000,67743.62000000,67830.97000000,0.88051000,198
1771660800000000,67830.96000000,68270.61000000,67830.96000000,68129.46000000,0.92409000,265
1771668000000000,68204.78000000,68256.23000000,68079.90000000,68085.52000000,0.16161000,120
1771675200000000,68114.54000000,68313.24000000,67927.46000000,68253.16000000,0.44672000,384
1771682400000000,68253.27000000,68757.64000000,68178.35000000,68613.97000000,12.88096000,2297
1771689600000000,68596.67000000,68616.08000000,68146.61000000,68416.63000000,8.34909000,1549
1771696800000000,68434.12000000,68649.07000000,68399.26000000,68544.90000000,11.22432000,1782
1771704000000000,68528.54000000,68587.77000000,68183.11000000,68374.00000000,5.24401000,971
1771711200000000,68390.92000000,68428.25000000,67837.13000000,67972.75000000,5.71926000,1079
1771718400000000,67972.59000000,68183.34000000,67793.28000000,68183.34000000,4.77983000,854
1771725600000000,68141.38000000,68195.45000000,67816.06000000,67991.53000000,3.27399000,605
1771732800000000,68049.17000000,68049.23000000,67861.45000000,67956.15000000,1.52730000,335
1771740000000000,67968.20000000,68186.56000000,67968.20000000,68004.23000000,1.45160000,332
1771747200000000,67989.92000000,68084.78000000,67933.66000000,68064.74000000,0.93281000,224
1771754400000000,68064.74000000,68279.71000000,68019.91000000,68279.71000000,0.63165000,194
1771761600000000,68140.09000000,68140.09000000,67570.00000000,67650.31000000,9.21099000,2160
1771768800000000,67636.26000000,67797.76000000,67315.19000000,67705.84000000,24.14577000,4268
1771776000000000,67666.44000000,67702.83000000,67188.49000000,67346.83000000,7.86265000,1351
1771783200000000,67362.52000000,67513.85000000,67311.89000000,67477.23000000,6.33537000,1105
1771790400000000,67414.46000000,67641.50000000,67339.91000000,67619.40000000,3.80260000,585
1771797600000000,67632.19000000,67757.09000000,67466.68000000,67629.47000000,8.06887000,1432
1771804800000000,67639.37000000,67643.61000000,64339.05000000,64434.46000000,11.04082000,2065
1771812000000000,64411.39000000,65037.09000000,64331.99000000,64972.02000000,0.92167000,315
1771819200000000,64945.44000000,65212.91000000,64680.57000000,64983.94000000,0.59422000,179
1771826400000000,65039.37000000,65990.78000000,65039.37000000,65950.97000000,1.08639000,382
1771833600000000,65947.73000000,66476.43000000,65567.03000000,66380.70000000,1.87672000,1076
1771840800000000,66411.10000000,66590.71000000,66131.03000000,66246.10000000,1.94587000,1482
1771848000000000,66246.10000000,66512.03000000,65953.96000000,66371.51000000,7.40067000,1333
1771855200000000,66191.98000000,66285.00000000,65578.29000000,65745.07000000,10.89990000,1919
1771862400000000,65629.87000000,65702.10000000,64155.41000000,64732.17000000,9.33887000,1646
1771869600000000,64782.80000000,65145.15000000,64098.53000000,64307.93000000,6.24656000,1191
1771876800000000,64277.24000000,64754.38000000,63900.00000000,64564.01000000,4.77016000,576
1771884000000000,64589.21000000,64991.69000000,64528.92000000,64660.26000000,4.92985000,677
1771891200000000,64679.25000000,65105.69000000,63466.19000000,64164.62000000,0.92667000,276
1771898400000000,64150.76000000,64477.26000000,63333.00000000,63583.92000000,0.98145000,417
1771905600000000,63604.43000000,63604.43000000,62698.83000000,63058.19000000,3.98798000,845
1771912800000000,63070.39000000,63472.80000000,62887.56000000,63166.17000000,1.25410000,384
1771920000000000,63160.33000000,63419.17000000,63007.05000000,63239.26000000,0.56385000,184
1771927200000000,63226.08000000,63349.77000000,63047.60000000,63189.30000000,0.24864000,95
1771934400000000,63133.23000000,63459.02000000,62526.80000000,62922.24000000,0.50201000,194
1771941600000000,62905.00000000,64000.93000000,62804.56000000,63982.05000000,0.27961000,177
1771948800000000,64162.91000000,64516.85000000,63749.82000000,64266.82000000,0.23366000,301
1771956000000000,64266.82000000,64659.75000000,63984.32000000,64509.10000000,0.15565000,137
1771963200000000,64479.62000000,64602.17000000,63891.97000000,64015.90000000,0.10767000,62
1771970400000000,64103.21000000,64264.96000000,63919.94000000,64139.19000000,0.03113000,23
1771977600000000,64096.70000000,66305.00000000,64005.21000000,65941.74000000,0.13043000,129
1771984800000000,66085.21000000,66296.36000000,65370.68000000,65395.71000000,2.50342000,918
1771992000000000,65385.66000000,65630.86000000,64743.12000000,64853.44000000,0.64044000,375
1771999200000000,64885.13000000,65195.00000000,64804.49000000,65033.90000000,0.30137000,149
1772006400000000,65032.93000000,65664.74000000,64980.02000000,65561.78000000,0.27052000,106
1772013600000000,65597.39000000,65616.06000000,65202.42000000,65440.77000000,0.24887000,112
1772020800000000,65473.99000000,66687.94000000,65353.56000000,66267.77000000,1.37985000,290
1772028000000000,66236.82000000,67553.99000000,66236.82000000,67311.70000000,0.73135000,329
1772035200000000,67506.30000000,68853.07000000,67465.42000000,68742.22000000,0.53251000,215
1772042400000000,68697.37000000,69568.56000000,68393.25000000,69088.12000000,0.88835000,289
1772049600000000,69100.58000000,70027.62000000,68683.04000000,68992.97000000,0.31366000,150
1772056800000000,68963.49000000,69171.00000000,67811.58000000,67973.02000000,0.25159000,114
1772064000000000,67845.93000000,68688.95000000,67845.93000000,68275.66000000,1.56415000,256
1772071200000000,68067.52000000,68376.34000000,67790.60000000,68226.98000000,0.22562000,188
1772078400000000,68250.37000000,68833.19000000,68169.45000000,68415.06000000,0.12171000,150
1772085600000000,68434.40000000,68510.97000000,67845.49000000,67850.36000000,1.22760000,449
1772092800000000,67882.96000000,68646.20000000,67840.01000000,68566.55000000,0.52980000,223
1772100000000000,68604.48000000,68708.34000000,67959.21000000,67991.94000000,0.41302000,141
1772107200000000,68108.23000000,68351.48000000,67938.24000000,67938.24000000,0.14803000,47
1772114400000000,67918.28000000,68231.59000000,66890.15000000,67442.19000000,0.45219000,480
1772121600000000,67406.34000000,67549.93000000,66540.75000000,66853.89000000,0.31353000,140
1772128800000000,66898.31000000,67931.87000000,66639.52000000,67690.55000000,0.19495000,199
1772136000000000,67657.42000000,67871.42000000,67219.23000000,67456.04000000,0.08133000,83
1772143200000000,67499.38000000,67679.26000000,67387.85000000,67514.55000000,0.11208000,49
1772150400000000,67514.55000000,67514.55000000,66935.78000000,67316.12000000,0.02005000,38
1772157600000000,67362.06000000,67715.76000000,67135.16000000,67619.42000000,0.04330000,111
1772164800000000,67600.34000000,68223.89000000,67600.34000000,67710.79000000,0.19481000,240
1772172000000000,67768.04000000,67798.71000000,67478.45000000,67753.90000000,0.07581000,78
1772179200000000,67727.53000000,68311.90000000,67338.28000000,67418.78000000,1.45572000,423
1772186400000000,67382.79000000,67397.60000000,66000.00000000,66128.10000000,0.43669000,293
1772193600000000,66101.94000000,66316.57000000,65707.36000000,66274.13000000,0.64949000,218
1772200800000000,66287.90000000,66350.63000000,65749.43000000,66125.87000000,1.66784000,599
1772208000000000,66100.00000000,66120.63000000,65147.42000000,65616.06000000,0.39447000,167
1772215200000000,65745.00000000,65753.33000000,65218.58000000,65440.61000000,0.18929000,208
1772222400000000,65554.07000000,65774.34000000,65554.07000000,65678.93000000,0.03228000,42
1772229600000000,65522.61000000,66127.90000000,64985.76000000,65929.48000000,0.23068000,97
1772236800000000,65875.04000000,66025.75000000,65787.26000000,65864.29000000,0.02328000,22
1772244000000000,65814.61000000,66007.18000000,65799.25000000,65800.36000000,0.21123000,29
1772251200000000,65800.36000000,65817.48000000,65546.86000000,65546.86000000,0.01792000,23
1772258400000000,65572.35000000,65584.79000000,63108.72000000,63893.14000000,1.53924000,414
1772265600000000,63860.95000000,63946.29000000,63426.93000000,63723.99000000,0.28774000,87
1772272800000000,63578.01000000,64321.33000000,63551.42000000,63930.14000000,0.17237000,82
1772280000000000,63966.56000000,65262.72000000,63908.08000000,65170.02000000,0.45956000,179
1772287200000000,65256.17000000,65420.06000000,64285.73000000,64854.28000000,0.45911000,248
1772294400000000,64859.17000000,65548.01000000,64801.42000000,65503.86000000,0.11197000,78
1772301600000000,65467.57000000,66670.03000000,65255.29000000,66330.51000000,0.13146000,215
1772308800000000,66373.36000000,67037.79000000,66303.57000000,66800.58000000,0.10677000,73
1772316000000000,66817.14000000,67700.28000000,66814.25000000,67049.54000000,0.14491000,78
1772323200000000,67049.54000000,67679.25000000,66180.50000000,67300.00000000,0.27008000,100
1772330400000000,67466.49000000,68190.46000000,67422.41000000,67422.41000000,0.51010000,211
1772337600000000,67631.94000000,67631.94000000,67129.11000000,67366.74000000,0.13879000,87
1772344800000000,67356.33000000,67439.50000000,66824.23000000,67173.41000000,0.27227000,175
1772352000000000,67150.04000000,67334.21000000,66296.06000000,66396.64000000,0.10113000,236
1772359200000000,66465.34000000,66757.08000000,66261.94000000,66501.11000000,0.12689000,112
1772366400000000,66530.53000000,67374.59000000,66179.33000000,66971.70000000,0.51397000,245
1772373600000000,67048.53000000,67283.85000000,66802.42000000,67154.61000000,0.98666000,284
1772380800000000,66862.67000000,67113.32000000,65775.78000000,66108.92000000,0.35719000,118
1772388000000000,66081.16000000,66590.30000000,65885.83000000,65947.35000000,0.12052000,63
1772395200000000,65762.18000000,65787.26000000,65158.04000000,65787.26000000,1.78700000,242
1772402400000000,65776.75000000,66491.36000000,65148.79000000,65852.23000000,0.39429000,147
1772409600000000,65958.92000000,67093.89000000,65933.11000000,66554.65000000,0.26311000,217
1772416800000000,66609.31000000,67047.00000000,65927.96000000,66829.42000000,1.55487000,393
1772424000000000,66856.52000000,67007.12000000,66567.47000000,66718.39000000,0.38061000,310
1772431200000000,66729.16000000,66729.16000000,65580.00000000,66002.51000000,0.27543000,272
1772438400000000,65999.08000000,66705.62000000,65682.64000000,66196.62000000,2.62776000,817
1772445600000000,66168.67000000,66454.84000000,66019.62000000,66323.17000000,0.23515000,308
1772452800000000,66357.95000000,66418.36000000,65387.37000000,65410.86000000,0.23484000,104
1772460000000000,65429.91000000,69615.85000000,65299.70000000,69025.00000000,8.95549000,2101
1772467200000000,69169.64000000,70113.46000000,68873.58000000,69123.84000000,2.24601000,398
1772474400000000,69103.27000000,69233.20000000,68658.63000000,69027.23000000,0.14959000,86
1772481600000000,69251.82000000,69549.74000000,68820.16000000,69478.29000000,0.28765000,76
1772488800000000,69382.58000000,69429.08000000,68820.16000000,68947.36000000,0.07207000,37
1772496000000000,68831.82000000,69213.90000000,68759.07000000,68784.75000000,0.09985000,53
1772503200000000,68759.37000000,68759.37000000,68223.84000000,68350.80000000,0.17430000,242
1772510400000000,68387.57000000,68565.91000000,67860.60000000,67880.44000000,0.23863000,223
1772517600000000,67948.21000000,68270.27000000,67831.79000000,68170.50000000,0.20827000,216
1772524800000000,68170.36000000,68307.28000000,66415.40000000,66593.31000000,1.28487000,539
1772532000000000,66587.47000000,67148.82000000,66460.65000000,67116.95000000,0.07309000,59
1772539200000000,67103.69000000,67884.29000000,66665.61000000,66802.38000000,0.26709000,182
1772546400000000,66879.98000000,67800.50000000,66290.10000000,67724.93000000,0.32988000,513
1772553600000000,67724.93000000,68946.51000000,67523.48000000,68282.95000000,0.32523000,319
1772560800000000,68409.62000000,68923.21000000,68063.23000000,68524.08000000,0.33145000,145
1772568000000000,68415.47000000,68588.12000000,67876.92000000,68089.24000000,0.44877000,142
1772575200000000,68053.25000000,68767.26000000,68053.25000000,68284.50000000,0.17746000,93
1772582400000000,68262.52000000,68794.77000000,67896.10000000,68416.85000000,0.53004000,234
1772589600000000,68418.69000000,68446.72000000,67363.96000000,67670.01000000,2.97662000,720
1772596800000000,67768.68000000,68309.47000000,67489.28000000,68231.25000000,0.38157000,144
1772604000000000,68143.59000000,69632.92000000,68074.70000000,69516.48000000,1.98205000,460
1772611200000000,69539.27000000,71885.85000000,69111.91000000,71491.54000000,7.12007000,1660
1772618400000000,71550.00000000,71887.54000000,70942.73000000,71153.95000000,0.69620000,272
1772625600000000,71075.23000000,71580.01000000,70570.31000000,71493.78000000,0.36633000,208
1772632800000000,71417.07000000,73479.77000000,71331.16000000,73437.39000000,1.16335000,541
1772640000000000,73434.36000000,73749.43000000,72642.28000000,73188.41000000,0.88629000,185
1772647200000000,73247.05000000,74090.50000000,72987.02000000,73692.54000000,0.61134000,160
1772654400000000,73690.38000000,73690.38000000,72975.26000000,73273.19000000,0.41605000,89
1772661600000000,73486.76000000,73486.76000000,72380.91000000,72752.18000000,0.16031000,62
1772668800000000,72734.62000000,73249.48000000,72463.13000000,72463.13000000,0.07428000,48
1772676000000000,72683.23000000,72843.12000000,72344.00000000,72502.08000000,0.14666000,71
1772683200000000,72537.97000000,73077.69000000,72288.00000000,72408.05000000,0.67539000,158
1772690400000000,72424.74000000,72667.85000000,71797.23000000,72029.95000000,0.16167000,119
1772697600000000,72070.95000000,72855.15000000,71795.94000000,72616.79000000,0.19583000,127
1772704800000000,72655.11000000,73539.98000000,72582.44000000,72864.08000000,1.53188000,384
1772712000000000,72842.59000000,73042.87000000,72235.15000000,72459.23000000,0.24612000,132
1772719200000000,72570.91000000,72782.90000000,71219.30000000,71494.86000000,0.80666000,184
1772726400000000,71451.42000000,71579.09000000,70665.85000000,70665.85000000,0.32053000,134
1772733600000000,70746.92000000,71322.12000000,70746.92000000,70994.80000000,0.09332000,58
1772740800000000,70966.35000000,71520.50000000,70904.45000000,71160.63000000,0.05064000,46
1772748000000000,71204.67000000,71321.79000000,70807.74000000,70807.74000000,0.09532000,40
1772755200000000,70930.29000000,71027.09000000,70374.55000000,71027.09000000,0.20417000,42
1772762400000000,71216.78000000,71326.39000000,71027.09000000,71034.02000000,0.01358000,18
1772769600000000,71000.00000000,71000.00000000,70138.97000000,70398.89000000,0.06825000,63
1772776800000000,70396.18000000,71157.56000000,70322.36000000,71122.38000000,0.12086000,39
1772784000000000,71063.77000000,71069.08000000,70336.13000000,70584.83000000,0.12431000,252
1772791200000000,70563.06000000,70811.94000000,70267.66000000,70267.66000000,0.05885000,216
1772798400000000,70203.26000000,70231.06000000,69307.90000000,69307.90000000,0.48096000,128
1772805600000000,69217.72000000,69217.72000000,68215.57000000,68409.62000000,0.26156000,157
1772812800000000,68543.64000000,68675.91000000,67793.54000000,68035.95000000,0.52532000,119
1772820000000000,68054.03000000,68464.77000000,68054.03000000,68128.84000000,0.04045000,40
1772827200000000,68231.59000000,68307.88000000,67815.70000000,68307.88000000,0.05819000,30
1772834400000000,68340.41000000,68443.86000000,68170.00000000,68170.00000000,0.08358000,40
1772841600000000,68187.44000000,68347.14000000,68187.44000000,68296.54000000,0.01936000,12
1772848800000000,68231.59000000,68501.97000000,68201.30000000,68201.30000000,0.00690000,11
1772856000000000,68113.39000000,68150.26000000,67843.38000000,67988.97000000,0.03569000,37
1772863200000000,68028.12000000,68040.30000000,67500.00000000,67836.16000000,0.56507000,51
1772870400000000,67820.11000000,68056.65000000,67771.27000000,68056.65000000,0.06384000,25
1772877600000000,68028.90000000,68155.17000000,67892.38000000,68051.59000000,0.05736000,34
1772884800000000,68038.14000000,68085.39000000,67896.10000000,67941.10000000,0.04050000,30
1772892000000000,67772.49000000,68082.20000000,67700.00000000,67877.15000000,0.06842000,19
1772899200000000,67862.73000000,67955.04000000,67767.82000000,67837.13000000,0.04521000,31
1772906400000000,67750.00000000,67750.00000000,66961.19000000,67057.96000000,0.13545000,79
1772913600000000,67222.35000000,67508.61000000,67222.35000000,67375.65000000,0.19483000,56
1772920800000000,67446.42000000,67446.42000000,67154.86000000,67287.00000000,0.02456000,21
1772928000000000,67346.98000000,67446.42000000,67142.47000000,67360.94000000,0.01583000,25
1772935200000000,67266.31000000,67303.09000000,66879.02000000,67040.71000000,0.14211000,54
1772942400000000,66961.19000000,67233.69000000,66639.90000000,67133.48000000,0.01485000,33
1772949600000000,67171.18000000,67446.42000000,67091.28000000,67349.08000000,0.02145000,24
1772956800000000,67349.08000000,67822.33000000,67251.91000000,67764.60000000,0.05561000,35
1772964000000000,67837.13000000,68195.11000000,67464.58000000,67543.89000000,0.02922000,46
1772971200000000,67533.56000000,67626.59000000,66884.69000000,67292.29000000,0.14362000,91
1772978400000000,67342.76000000,67405.37000000,67137.68000000,67194.15000000,0.36788000,81
1772985600000000,67242.81000000,67247.63000000,66852.15000000,67057.96000000,0.11549000,57
1772992800000000,67055.14000000,67475.81000000,66800.41000000,67324.98000000,0.07781000,45
1773000000000000,67324.98000000,67496.87000000,66768.08000000,67012.42000000,0.28513000,62
1773007200000000,66892.37000000,66892.37000000,65677.13000000,65975.87000000,3.73871000,388
1773014400000000,65994.77000000,66757.89000000,65885.83000000,66221.55000000,0.04076000,47
1773021600000000,66168.15000000,67660.79000000,65975.89000000,67087.60000000,0.16270000,218
1773028800000000,67228.63000000,68049.14000000,67105.91000000,67908.59000000,0.08587000,248
1773036000000000,67878.65000000,67905.45000000,66921.25000000,67507.46000000,0.06740000,187
1773043200000000,67499.41000000,68436.71000000,67398.76000000,68056.49000000,0.24679000,233
1773050400000000,68040.83000000,68041.17000000,67370.97000000,67767.61000000,0.06973000,81
1773057600000000,67784.72000000,69277.57000000,67784.72000000,69006.90000000,0.29522000,215
1773064800000000,68954.01000000,69438.90000000,68596.12000000,68976.70000000,0.84839000,441
1773072000000000,68815.34000000,69143.08000000,68396.45000000,68622.29000000,0.10767000,55
1773079200000000,68622.29000000,69487.61000000,68278.12000000,69012.58000000,0.16750000,178
1773086400000000,68987.22000000,69126.40000000,68726.66000000,68941.90000000,0.07738000,58
1773093600000000,69043.42000000,69043.42000000,68418.03000000,68442.59000000,0.04311000,45
1773100800000000,68414.53000000,69343.47000000,68411.58000000,69343.47000000,0.07268000,35
1773108000000000,69331.63000000,70562.00000000,69152.75000000,69441.33000000,0.21381000,93
1773115200000000,69575.25000000,70346.82000000,69575.25000000,69941.01000000,0.46883000,73
1773122400000000,69936.34000000,70466.44000000,69832.66000000,70349.81000000,0.10168000,57
1773129600000000,70481.62000000,71251.57000000,70393.25000000,71050.17000000,0.15399000,83
1773136800000000,70888.00000000,70888.00000000,70561.74000000,70627.37000000,0.07877000,75
1773144000000000,70611.27000000,70909.73000000,69725.14000000,69907.49000000,0.11482000,268
1773151200000000,69917.13000000,71763.87000000,69260.48000000,70963.52000000,1.09428000,226
1773158400000000,71281.77000000,71645.16000000,70546.74000000,70900.32000000,0.45889000,147
1773165600000000,70900.32000000,70900.32000000,69900.00000000,70017.44000000,0.11315000,54
1773172800000000,70215.68000000,70368.39000000,69588.73000000,69745.16000000,0.10503000,44
1773180000000000,69625.22000000,69910.86000000,69487.61000000,69904.46000000,0.04012000,33
1773187200000000,69935.23000000,70096.05000000,69809.89000000,70017.48000000,0.12275000,52
1773194400000000,70066.86000000,70079.63000000,69489.98000000,69527.86000000,0.04835000,132
1773201600000000,69529.84000000,70250.00000000,69443.95000000,69515.96000000,0.11340000,153
1773208800000000,69509.02000000,69976.06000000,69509.02000000,69702.53000000,0.14492000,50
1773216000000000,69702.53000000,69705.22000000,69363.68000000,69574.52000000,0.17889000,50
1773223200000000,69479.08000000,69620.49000000,69153.82000000,69153.82000000,0.05969000,29
1773230400000000,69237.62000000,71027.09000000,69000.00000000,70197.52000000,0.55912000,160
1773237600000000,70231.06000000,70976.34000000,69800.33000000,70231.06000000,0.13748000,302
1773244800000000,70231.37000000,71294.43000000,70231.06000000,70760.74000000,0.42509000,116
1773252000000000,70879.58000000,70893.79000000,70442.61000000,70721.83000000,0.05244000,53
1773259200000000,70545.54000000,70759.62000000,70459.08000000,70759.62000000,0.02023000,22
1773266400000000,70721.12000000,70893.79000000,70181.76000000,70220.97000000,0.02907000,46
1773273600000000,70220.97000000,70372.90000000,69827.55000000,69827.55000000,0.03571000,54
1773280800000000,69823.50000000,69828.12000000,69313.62000000,69443.95000000,0.13918000,39
1773288000000000,69538.13000000,69575.54000000,69301.68000000,69466.48000000,0.03099000,28
1773295200000000,69466.48000000,69828.77000000,69389.09000000,69828.77000000,0.06028000,105
1773302400000000,69836.39000000,70298.76000000,69632.41000000,69968.18000000,0.07480000,49
1773309600000000,70019.14000000,70760.74000000,69904.34000000,70441.32000000,0.27822000,90
1773316800000000,70450.37000000,70599.41000000,69662.40000000,69917.03000000,0.23590000,154
1773324000000000,70026.87000000,70624.09000000,69409.98000000,70254.18000000,0.25249000,152
1773331200000000,70481.88000000,70559.16000000,70026.87000000,70294.28000000,0.16201000,115
1773338400000000,70239.41000000,70534.31000000,69824.91000000,70531.09000000,0.26990000,60
1773345600000000,70476.49000000,70534.31000000,70147.53000000,70341.64000000,0.06902000,35
1773352800000000,70249.25000000,70636.24000000,70100.91000000,70534.31000000,0.07264000,35
1773360000000000,70455.08000000,71981.00000000,70455.08000000,71666.70000000,0.73256000,189
1773367200000000,71666.70000000,71666.70000000,71027.09000000,71428.48000000,0.30532000,78
1773374400000000,71411.11000000,71603.81000000,71262.13000000,71603.81000000,0.02672000,32
1773381600000000,71500.07000000,71690.19000000,71237.29000000,71662.17000000,1.69979000,345
1773388800000000,71625.71000000,72132.13000000,71417.52000000,72020.37000000,1.16040000,206
1773396000000000,72102.51000000,72555.98000000,72102.51000000,72279.83000000,0.33528000,142
1773403200000000,72245.97000000,73587.58000000,72245.97000000,73401.61000000,0.38815000,193
1773410400000000,73522.66000000,73929.98000000,71789.70000000,71789.70000000,0.82165000,244
1773417600000000,71694.80000000,72128.85000000,70766.99000000,70879.48000000,0.79786000,153
1773424800000000,71116.11000000,71303.38000000,70873.23000000,71169.17000000,0.40423000,59
1773432000000000,71322.12000000,71513.74000000,71101.33000000,71168.68000000,0.04675000,40
1773439200000000,71147.63000000,71147.63000000,70600.00000000,70926.22000000,0.07869000,57
1773446400000000,70908.39000000,70955.16000000,70535.32000000,70888.82000000,0.24548000,55
1773453600000000,70847.63000000,71150.15000000,70832.60000000,71125.23000000,0.00505000,9
1773460800000000,71172.95000000,71581.61000000,71052.51000000,71052.51000000,0.39538000,32
1773468000000000,70930.50000000,70958.71000000,70398.89000000,70608.00000000,0.06850000,35
1773475200000000,70692.47000000,70719.17000000,70433.94000000,70489.65000000,0.05027000,22
1773482400000000,70484.74000000,70726.48000000,70466.12000000,70726.48000000,0.04715000,19
1773489600000000,70767.91000000,70903.38000000,70718.93000000,70903.38000000,0.02084000,16
1773496800000000,70920.13000000,70920.13000000,70577.11000000,70577.11000000,0.03240000,20
1773504000000000,70656.41000000,70731.37000000,70618.58000000,70639.36000000,0.02182000,29
1773511200000000,70617.68000000,70758.54000000,70612.88000000,70755.36000000,0.02651000,24
1773518400000000,70744.09000000,70840.54000000,70651.69000000,70730.69000000,0.02558000,19
1773525600000000,70790.79000000,71212.60000000,70738.32000000,71212.60000000,0.06187000,25
1773532800000000,71168.24000000,71183.77000000,70901.45000000,70902.17000000,0.08225000,25
1773540000000000,71045.43000000,71560.26000000,71045.43000000,71343.94000000,0.05740000,35
1773547200000000,71468.47000000,71783.25000000,71468.47000000,71570.82000000,0.01006000,18
1773554400000000,71574.26000000,71683.12000000,71440.17000000,71450.59000000,0.00957000,16
1773561600000000,71546.72000000,71898.09000000,71546.72000000,71813.57000000,0.16033000,34
1773568800000000,71743.79000000,71887.75000000,71727.82000000,71874.90000000,0.03670000,22
1773576000000000,71853.86000000,71853.86000000,71300.49000000,71560.26000000,0.09117000,73
1773583200000000,71593.14000000,71593.14000000,71439.90000000,71537.46000000,0.01561000,13
1773590400000000,71524.46000000,71974.80000000,71380.56000000,71852.02000000,0.10713000,45
1773597600000000,71825.39000000,71825.39000000,71401.89000000,71540.99000000,0.02999000,21
1773604800000000,71552.37000000,72277.69000000,71552.37000000,72079.00000000,0.08876000,41
1773612000000000,72025.14000000,73187.75000000,71870.94000000,72691.23000000,0.50475000,108
1773619200000000,72919.75000000,73000.00000000,72128.59000000,72782.90000000,0.47809000,50
1773626400000000,72756.52000000,74281.62000000,72447.31000000,73631.43000000,1.96588000,159
1773633600000000,73623.58000000,74439.67000000,73619.58000000,74161.06000000,0.29295000,67
1773640800000000,74197.22000000,74197.78000000,73416.96000000,73481.98000000,1.18978000,81
1773648000000000,73499.05000000,73746.26000000,72893.30000000,73308.40000000,0.28119000,97
1773655200000000,73331.84000000,73824.41000000,73251.02000000,73539.21000000,0.47889000,241
1773662400000000,73541.09000000,74430.26000000,73460.67000000,74004.56000000,0.57586000,277
1773669600000000,74091.27000000,74450.67000000,73000.00000000,73329.38000000,0.74308000,236
1773676800000000,73194.22000000,74023.83000000,73194.22000000,73973.62000000,0.21925000,90
1773684000000000,73966.50000000,74311.93000000,73839.37000000,73994.93000000,0.60253000,98
1773691200000000,73972.69000000,74775.81000000,73892.37000000,74440.53000000,0.80796000,121
1773698400000000,74829.43000000,74935.34000000,74302.46000000,74854.21000000,0.37736000,75
1773705600000000,74722.36000000,75954.03000000,74722.36000000,75622.78000000,0.69064000,175
1773712800000000,75630.47000000,75680.70000000,74320.81000000,74506.20000000,0.38241000,180
1773720000000000,74582.71000000,74636.47000000,73814.54000000,73976.42000000,0.26500000,177
1773727200000000,74018.98000000,74403.98000000,73903.38000000,74261.18000000,0.03123000,42
1773734400000000,74422.11000000,74424.71000000,73863.93000000,73863.93000000,0.01779000,64
1773741600000000,73921.56000000,74182.69000000,73577.06000000,74069.58000000,0.25657000,124
1773748800000000,74039.63000000,74150.50000000,73401.04000000,73602.39000000,0.26323000,136
1773756000000000,73574.87000000,74829.83000000,73574.87000000,73938.62000000,0.24377000,172
1773763200000000,73944.44000000,74572.27000000,73742.44000000,74477.57000000,0.36257000,137
1773770400000000,74509.40000000,74814.96000000,74415.46000000,74503.97000000,0.42433000,115
1773777600000000,74505.51000000,74798.74000000,74418.80000000,74699.34000000,0.04323000,36
1773784800000000,74639.57000000,74776.11000000,73906.16000000,73906.16000000,0.10790000,46
1773792000000000,73978.27000000,74160.55000000,73607.86000000,74061.20000000,0.05201000,34
1773799200000000,74127.10000000,74603.96000000,74127.10000000,74445.08000000,0.03094000,30
1773806400000000,74422.90000000,74422.90000000,73859.21000000,73859.21000000,0.15408000,41
1773813600000000,73976.92000000,74146.69000000,73739.16000000,73908.77000000,0.04433000,16
1773820800000000,73982.60000000,74264.34000000,73982.60000000,74264.34000000,0.11387000,16
1773828000000000,74127.06000000,74127.06000000,72811.11000000,73066.29000000,0.56014000,118
1773835200000000,72916.33000000,72916.33000000,71978.30000000,72141.07000000,0.46420000,136
1773842400000000,71967.20000000,72070.54000000,70894.92000000,71281.73000000,2.05848000,215
1773849600000000,71427.47000000,71723.01000000,71173.37000000,71627.73000000,0.24979000,74
1773856800000000,71627.73000000,71947.42000000,71000.00000000,71130.11000000,0.24428000,121
1773864000000000,70900.00000000,71377.42000000,70501.74000000,71279.44000000,0.19532000,51
1773871200000000,71140.66000000,71322.12000000,71026.75000000,71271.70000000,0.03837000,26
1773878400000000,71207.23000000,71207.23000000,71038.94000000,71138.40000000,0.04477000,13
1773885600000000,70951.39000000,71546.52000000,70951.39000000,71296.44000000,0.01380000,14
1773892800000000,71183.99000000,71183.99000000,70707.67000000,70804.29000000,0.02825000,19
1773900000000000,70825.07000000,70919.32000000,69518.63000000,70241.55000000,0.21845000,103
1773907200000000,70214.39000000,70481.91000000,69992.75000000,70481.91000000,0.03655000,26
1773914400000000,70447.83000000,70447.83000000,69992.75000000,69992.75000000,0.06522000,19
1773921600000000,69957.92000000,70050.25000000,69132.36000000,70050.25000000,2.89092000,289
1773928800000000,69967.68000000,70087.13000000,68825.94000000,69463.44000000,0.49788000,133
1773936000000000,69393.84000000,69927.83000000,69190.20000000,69927.83000000,0.45477000,101
1773943200000000,69761.18000000,70568.56000000,69625.27000000,70399.25000000,3.57638000,419
1773950400000000,70248.94000000,70691.85000000,70248.94000000,70498.23000000,0.34220000,65
1773957600000000,70463.62000000,70463.62000000,69783.58000000,69988.56000000,0.11773000,47
1773964800000000,69937.26000000,70578.40000000,69937.26000000,70578.40000000,0.00947000,14
1773972000000000,70363.10000000,70741.19000000,70071.02000000,70704.83000000,0.06825000,30
1773979200000000,70792.34000000,70893.79000000,70537.46000000,70537.46000000,0.09528000,60
1773986400000000,70534.23000000,70846.16000000,70229.41000000,70845.13000000,0.09308000,42
1773993600000000,70837.99000000,71250.92000000,70557.15000000,70557.15000000,0.14500000,38
1774000800000000,70493.97000000,70727.16000000,70331.25000000,70415.05000000,0.23376000,57
1774008000000000,70495.40000000,70652.87000000,69850.37000000,69850.37000000,0.89512000,138
1774015200000000,69736.99000000,70157.82000000,69500.00000000,69869.70000000,0.30985000,114
1774022400000000,69913.14000000,70018.84000000,69420.09000000,69836.39000000,0.11998000,57
1774029600000000,69967.70000000,70169.03000000,69565.30000000,70169.03000000,0.04661000,42
1774036800000000,70130.00000000,70648.78000000,69716.74000000,70511.79000000,0.56140000,121
1774044000000000,70683.60000000,70848.40000000,70454.51000000,70474.42000000,0.07745000,46
1774051200000000,70515.33000000,70748.92000000,70504.62000000,70504.62000000,0.02464000,30
1774058400000000,70497.37000000,70717.11000000,70497.37000000,70652.80000000,0.00897000,8
1774065600000000,70760.75000000,70781.14000000,70616.58000000,70712.13000000,0.12511000,34
1774072800000000,70726.38000000,70789.74000000,70726.38000000,70785.70000000,0.00612000,7
1774080000000000,70710.01000000,70712.21000000,70544.03000000,70666.11000000,0.03338000,19
1774087200000000,70662.39000000,70662.39000000,70565.21000000,70649.28000000,0.04017000,17
1774094400000000,70797.83000000,70797.83000000,70727.08000000,70751.53000000,0.03798000,19
1774101600000000,70746.82000000,71018.70000000,70497.72000000,70673.94000000,0.23542000,101
1774108800000000,70653.39000000,70653.39000000,70200.01000000,70324.81000000,0.08516000,56
1774116000000000,70312.92000000,70484.51000000,70312.92000000,70408.64000000,0.03887000,20
1774123200000000,70408.47000000,70476.38000000,70299.81000000,70332.43000000,0.08528000,32
1774130400000000,70332.47000000,70369.20000000,68556.21000000,68898.29000000,1.27484000,396
1774137600000000,68858.41000000,69098.42000000,68257.78000000,68939.91000000,0.46316000,164
1774144800000000,68991.96000000,69576.32000000,68991.96000000,69357.27000000,0.04558000,95
1774152000000000,69342.25000000,69443.95000000,69140.72000000,69140.72000000,0.03493000,18
1774159200000000,69108.11000000,69203.96000000,68892.31000000,68904.45000000,0.05166000,39
1774166400000000,68864.32000000,68953.01000000,68582.02000000,68778.13000000,0.13995000,95
1774173600000000,68726.59000000,68744.97000000,68074.99000000,68204.63000000,0.27621000,102
1774180800000000,68265.66000000,68933.27000000,68265.66000000,68663.00000000,0.05341000,28
1774188000000000,68663.00000000,68924.12000000,68571.79000000,68819.66000000,0.06206000,26
1774195200000000,68884.78000000,68889.84000000,68720.93000000,68750.38000000,0.05066000,25
1774202400000000,68665.66000000,68743.77000000,68202.63000000,68202.63000000,0.12567000,40
1774209600000000,68202.63000000,68408.17000000,67387.85000000,67832.34000000,0.79584000,180
1774216800000000,67768.68000000,68408.26000000,67768.68000000,67839.87000000,0.20123000,67
1774224000000000,67920.62000000,68161.44000000,67477.29000000,67913.34000000,0.26303000,225
1774231200000000,68006.43000000,68536.80000000,67871.96000000,68164.47000000,0.00745000,20
1774238400000000,68153.53000000,68879.30000000,68153.53000000,68842.99000000,0.23060000,34
1774245600000000,68880.17000000,68880.17000000,67561.71000000,68328.71000000,0.72612000,159
1774252800000000,68427.45000000,68649.26000000,67939.24000000,68138.06000000,0.19605000,121
1774260000000000,68427.45000000,71389.42000000,68328.71000000,70361.95000000,4.55958000,962
1774267200000000,70032.95000000,71515.60000000,69813.90000000,71515.60000000,0.30366000,126
1774274400000000,71515.60000000,71806.58000000,70102.96000000,70103.63000000,0.23370000,384
1774281600000000,70144.47000000,71117.70000000,70136.41000000,71117.70000000,0.34592000,114
1774288800000000,71135.95000000,71152.07000000,70641.49000000,70641.49000000,0.08546000,62
1774296000000000,70612.41000000,70980.37000000,70582.58000000,70863.97000000,0.02027000,22
1774303200000000,70787.17000000,70927.09000000,70422.47000000,70927.09000000,0.06385000,23
1774310400000000,70951.39000000,70972.46000000,70294.26000000,70491.31000000,0.18287000,119
1774317600000000,70449.84000000,70514.76000000,70365.96000000,70472.46000000,0.07248000,49
1774324800000000,70525.95000000,70687.35000000,70125.70000000,70346.07000000,0.13160000,34
1774332000000000,70258.87000000,71323.93000000,70258.87000000,71287.97000000,0.23027000,96
1774339200000000,71242.60000000,71242.60000000,70872.39000000,71136.51000000,0.19355000,47
1774346400000000,71236.17000000,71325.00000000,71008.72000000,71079.58000000,0.07577000,27
1774353600000000,71121.36000000,71121.36000000,70000.00000000,70160.59000000,0.28944000,120
1774360800000000,70128.06000000,70330.89000000,69523.08000000,69876.74000000,0.22741000,79
1774368000000000,69836.18000000,69942.92000000,68927.72000000,69230.83000000,0.05052000,74
1774375200000000,69245.13000000,69650.94000000,69176.58000000,69306.86000000,0.01942000,28
1774382400000000,69340.80000000,70326.90000000,69340.80000000,70216.02000000,0.14671000,43
1774389600000000,70339.43000000,70780.64000000,70131.74000000,70553.39000000,0.13191000,41
1774396800000000,70707.86000000,71000.00000000,70495.40000000,70666.03000000,0.03425000,37
1774404000000000,70632.38000000,70794.63000000,70427.34000000,70751.88000000,0.11494000,17
1774411200000000,70806.72000000,71160.63000000,70760.74000000,71075.58000000,0.18554000,35
1774418400000000,71020.72000000,71236.10000000,70853.03000000,70853.03000000,0.02413000,26
1774425600000000,70957.47000000,71456.85000000,70947.33000000,71312.35000000,0.23695000,52
1774432800000000,71347.89000000,71967.20000000,71314.61000000,71581.08000000,0.20193000,75
1774440000000000,71766.59000000,71929.46000000,71160.63000000,71697.33000000,0.32605000,173
1774447200000000,71619.72000000,71619.72000000,70548.90000000,70960.65000000,0.26311000,213
1774454400000000,70891.01000000,71741.73000000,70722.44000000,70734.85000000,0.58001000,170
1774461600000000,70774.25000000,71096.27000000,70709.81000000,70883.91000000,0.37111000,85
1774468800000000,70786.06000000,71123.47000000,70731.29000000,71038.14000000,0.10660000,39
1774476000000000,71035.25000000,71545.73000000,71032.52000000,71335.51000000,0.10578000,32
1774483200000000,71307.68000000,71391.36000000,71170.87000000,71287.01000000,0.02228000,12
1774490400000000,71148.74000000,71148.74000000,70738.32000000,70738.32000000,0.04896000,24
1774497600000000,70843.86000000,70843.86000000,69986.64000000,69986.64000000,0.01852000,30
1774504800000000,69986.64000000,70101.20000000,69811.04000000,70081.18000000,0.03161000,27
1774512000000000,69925.82000000,70098.93000000,69406.63000000,69599.36000000,0.32108000,69
1774519200000000,69534.41000000,69685.81000000,69203.86000000,69274.24000000,0.37439000,143
1774526400000000,69244.64000000,69852.08000000,69234.62000000,69638.55000000,0.37220000,248
1774533600000000,69668.43000000,69798.86000000,68720.21000000,69093.83000000,0.60232000,427
1774540800000000,69053.71000000,69163.16000000,68408.17000000,68509.23000000,0.27105000,316
1774548000000000,68545.17000000,68679.43000000,68127.38000000,68591.44000000,0.23009000,266
1774555200000000,68557.17000000,69368.85000000,68450.76000000,68936.38000000,0.25812000,303
1774562400000000,68916.67000000,69007.49000000,68588.88000000,68834.86000000,0.09690000,186
1774569600000000,68823.99000000,69055.99000000,68557.92000000,69029.14000000,0.72659000,200
1774576800000000,69061.52000000,69149.45000000,68000.00000000,68811.18000000,0.95324000,298
1774584000000000,68751.17000000,68809.69000000,68302.21000000,68570.29000000,0.16016000,103
1774591200000000,68669.43000000,68894.62000000,68521.62000000,68521.62000000,0.25617000,85
1774598400000000,68515.09000000,68583.35000000,67500.00000000,67696.20000000,2.02311000,254
1774605600000000,67660.22000000,67762.96000000,66258.17000000,66669.09000000,3.92041000,448
1774612800000000,66654.14000000,66747.04000000,66131.02000000,66131.02000000,0.39106000,143
1774620000000000,66143.32000000,66597.85000000,65738.99000000,66092.65000000,10.51447000,1374
1774627200000000,66059.99000000,66194.19000000,65610.21000000,65680.55000000,0.33560000,82
1774634400000000,65658.51000000,66086.27000000,65571.07000000,66086.27000000,0.31763000,286
1774641600000000,66065.30000000,66196.42000000,65814.41000000,66037.25000000,0.17712000,219
1774648800000000,66084.58000000,66406.85000000,65924.79000000,66404.11000000,0.21802000,196
1774656000000000,66362.10000000,66448.21000000,66066.63000000,66066.63000000,0.12487000,92
1774663200000000,66209.09000000,66233.35000000,65896.14000000,66044.52000000,0.03638000,24
1774670400000000,66116.18000000,66364.76000000,66116.18000000,66322.80000000,0.04692000,18
1774677600000000,66322.80000000,66559.05000000,66308.73000000,66559.05000000,0.12621000,56
1774684800000000,66527.22000000,66574.76000000,66268.39000000,66311.69000000,0.14450000,35
1774692000000000,66286.97000000,66340.50000000,66102.74000000,66340.50000000,0.02134000,26
1774699200000000,66300.00000000,67126.70000000,66300.00000000,66796.77000000,0.36664000,85
1774706400000000,66768.08000000,67154.86000000,66703.37000000,66963.26000000,0.48670000,89
1774713600000000,66962.95000000,67075.16000000,66774.63000000,66833.29000000,0.15611000,46
1774720800000000,66881.50000000,66942.76000000,66833.29000000,66854.48000000,0.22107000,77
1774728000000000,66953.38000000,67001.69000000,66662.70000000,66691.86000000,0.33898000,41
1774735200000000,66692.50000000,66786.51000000,66368.02000000,66410.14000000,0.07008000,50
1774742400000000,66477.53000000,66598.28000000,66398.68000000,66582.33000000,0.01374000,73
1774749600000000,66570.68000000,67099.58000000,66550.29000000,66910.05000000,0.04010000,136
1774756800000000,66925.00000000,66939.42000000,66593.16000000,66650.56000000,0.02572000,111
1774764000000000,66815.52000000,66855.94000000,66601.13000000,66678.75000000,0.07324000,19
1774771200000000,66654.60000000,66732.96000000,66552.74000000,66642.46000000,0.11843000,170
1774778400000000,66521.70000000,66913.30000000,66434.47000000,66913.30000000,0.04764000,26
1774785600000000,66810.22000000,66855.19000000,66580.88000000,66588.17000000,0.01585000,28
1774792800000000,66548.38000000,66671.73000000,66348.43000000,66459.13000000,0.09433000,45
1774800000000000,66521.48000000,66575.53000000,66192.08000000,66371.69000000,0.02151000,27
1774807200000000,66348.34000000,66483.65000000,66331.61000000,66374.63000000,0.04098000,28
1774814400000000,66435.87000000,66750.34000000,66435.87000000,66750.34000000,0.03513000,31
1774821600000000,66479.46000000,66479.46000000,65025.26000000,65932.30000000,1.59540000,286
1774828800000000,65919.66000000,67009.17000000,65885.83000000,66718.00000000,0.93536000,58
1774836000000000,66664.68000000,67389.99000000,66590.47000000,67183.27000000,0.02702000,66
1774843200000000,67194.88000000,67720.06000000,67179.47000000,67497.76000000,0.02758000,82
1774850400000000,67524.86000000,67545.28000000,67229.10000000,67511.24000000,0.04202000,184
1774857600000000,67587.93000000,67873.23000000,67464.90000000,67520.83000000,0.14907000,218
1774864800000000,67461.10000000,67906.63000000,67354.47000000,67627.65000000,0.06683000,63
1774872000000000,67627.65000000,68123.25000000,67549.67000000,67549.67000000,0.57004000,123
1774879200000000,67554.95000000,67854.14000000,67092.36000000,67637.30000000,0.14796000,269
1774886400000000,67604.14000000,67604.14000000,66722.87000000,66824.29000000,0.08150000,172
1774893600000000,66852.50000000,66931.63000000,66303.57000000,66502.48000000,0.14346000,71
1774900800000000,66584.71000000,66956.97000000,66549.01000000,66857.71000000,0.07087000,32
1774908000000000,66946.46000000,66946.46000000,66476.57000000,66759.54000000,0.04655000,34
1774915200000000,66632.61000000,68401.59000000,66632.61000000,67933.77000000,0.37955000,69
1774922400000000,67963.30000000,68088.46000000,67642.16000000,67687.85000000,0.56898000,48
1774929600000000,67731.49000000,67819.41000000,67387.85000000,67653.82000000,0.04256000,62
1774936800000000,67615.48000000,67666.11000000,67118.30000000,67330.81000000,0.15205000,97
1774944000000000,67346.35000000,67449.78000000,65991.70000000,66075.39000000,0.59015000,213
1774951200000000,66129.25000000,66810.87000000,66129.25000000,66559.03000000,0.14556000,126
1774958400000000,66709.90000000,67336.57000000,66519.93000000,67190.46000000,0.47746000,122
1774965600000000,67261.56000000,67735.63000000,66507.56000000,66674.46000000,0.24492000,252
1774972800000000,66679.88000000,68515.23000000,66679.88000000,67419.82000000,0.84220000,279
1774980000000000,67617.98000000,67991.92000000,67578.34000000,67818.32000000,0.17629000,141
1774987200000000,67823.32000000,68379.61000000,67823.32000000,68208.09000000,1.32213000,114
1774994400000000,68318.02000000,68326.63000000,68121.05000000,68224.90000000,0.07787000,20
1775001600000000,68152.71000000,68279.79000000,67768.68000000,67768.68000000,0.12489000,30
1775008800000000,67827.94000000,68151.65000000,67611.16000000,68107.86000000,0.02901000,36
1775016000000000,68000.10000000,68665.66000000,68000.10000000,68500.00000000,0.12706000,53
1775023200000000,68462.93000000,69191.48000000,68462.93000000,68672.52000000,0.21208000,99
1775030400000000,68729.43000000,68803.19000000,68400.00000000,68652.20000000,0.06445000,75
1775037600000000,68645.74000000,68659.60000000,68439.35000000,68659.60000000,0.02359000,61
1775044800000000,68692.07000000,68981.09000000,67945.88000000,68102.47000000,0.52489000,414
1775052000000000,68101.23000000,68918.41000000,68083.91000000,68918.41000000,0.12623000,303
1775059200000000,68849.10000000,69147.89000000,68277.26000000,68277.26000000,0.88645000,181
1775066400000000,68245.23000000,68294.12000000,67971.97000000,68188.85000000,0.09923000,68
1775073600000000,68104.32000000,68554.76000000,67978.91000000,68328.71000000,0.09304000,144
1775080800000000,68328.71000000,68328.71000000,68083.32000000,68106.60000000,0.15158000,44
1775088000000000,68102.86000000,68629.39000000,67097.42000000,67377.36000000,0.28800000,250
1775095200000000,67377.98000000,67377.98000000,66552.58000000,66552.58000000,1.10331000,227
1775102400000000,66605.12000000,66629.68000000,66282.63000000,66609.76000000,0.04352000,46
1775109600000000,66594.48000000,66921.51000000,66568.12000000,66915.04000000,0.11900000,44
1775116800000000,66795.02000000,66795.02000000,66339.63000000,66415.09000000,0.29255000,100
1775124000000000,66412.37000000,66507.56000000,66204.77000000,66204.77000000,0.21124000,167
1775131200000000,66225.27000000,66246.78000000,65694.22000000,66219.17000000,0.16525000,185
1775138400000000,66223.90000000,67032.91000000,66172.85000000,66839.29000000,0.13908000,167
1775145600000000,66863.39000000,67418.99000000,66696.87000000,66696.87000000,0.09482000,204
1775152800000000,66744.59000000,67106.09000000,66595.42000000,67019.36000000,0.14525000,170
1775160000000000,66883.41000000,67057.07000000,66757.99000000,66940.46000000,0.02700000,33
1775167200000000,66951.99000000,67049.95000000,66898.47000000,66921.15000000,0.10202000,20
1775174400000000,66990.52000000,66990.52000000,66506.47000000,66584.81000000,0.03688000,33
1775181600000000,66500.00000000,66724.40000000,66333.44000000,66556.77000000,0.00521000,20
1775188800000000,66623.41000000,66796.64000000,66479.46000000,66548.03000000,0.21824000,46
1775196000000000,66623.64000000,67260.83000000,66592.46000000,67088.59000000,0.01221000,29
1775203200000000,67025.79000000,67208.44000000,66781.97000000,66878.05000000,0.09836000,131
1775210400000000,66844.07000000,67057.00000000,66768.08000000,67045.03000000,0.25422000,48
1775217600000000,67045.03000000,67351.83000000,66545.42000000,66702.53000000,0.10021000,206
1775224800000000,66704.12000000,67034.30000000,66684.29000000,66890.69000000,0.22468000,109
1775232000000000,66855.56000000,67035.57000000,66814.49000000,66877.34000000,0.05239000,33
1775239200000000,66872.29000000,66938.35000000,66810.98000000,66882.23000000,0.05367000,27
1775246400000000,66901.05000000,66937.58000000,66852.04000000,66937.58000000,0.01566000,16
1775253600000000,66882.56000000,66919.12000000,66851.07000000,66896.93000000,0.10137000,16
1775260800000000,66951.66000000,66951.66000000,66862.17000000,66877.45000000,0.02100000,6
1775268000000000,66865.40000000,66920.56000000,66833.85000000,66920.56000000,0.03866000,5
1775275200000000,66833.33000000,66898.96000000,66827.47000000,66895.33000000,0.01160000,9
1775282400000000,66954.29000000,67052.49000000,66902.91000000,66995.49000000,0.16379000,396
1775289600000000,66996.99000000,67055.87000000,66902.90000000,66974.60000000,0.07368000,684
1775296800000000,66978.43000000,67217.49000000,66909.13000000,67114.45000000,0.17273000,116
1775304000000000,67168.05000000,67292.88000000,67091.72000000,67229.45000000,0.16391000,351
1775311200000000,67232.68000000,67495.46000000,67030.64000000,67379.06000000,0.17983000,628
1775318400000000,67421.22000000,67542.32000000,67291.78000000,67326.35000000,0.09880000,363
1775325600000000,67353.34000000,67518.88000000,67300.49000000,67328.44000000,0.03547000,110
1775332800000000,67251.93000000,67473.60000000,67251.91000000,67380.91000000,0.08243000,121
1775340000000000,67399.92000000,67484.96000000,67295.67000000,67333.95000000,0.13168000,238
1775347200000000,67322.08000000,67322.08000000,67136.11000000,67136.11000000,0.01995000,15
1775354400000000,67057.96000000,67205.09000000,67000.00000000,67154.65000000,0.02654000,43
1775361600000000,67154.67000000,67178.80000000,66911.04000000,66911.07000000,0.03231000,145
1775368800000000,66930.85000000,66930.85000000,66632.24000000,66794.14000000,0.04289000,164
1775376000000000,66799.18000000,67050.36000000,66799.18000000,67043.18000000,0.02720000,70
1775383200000000,67043.18000000,67137.91000000,66956.01000000,66988.13000000,0.06331000,431
1775390400000000,66988.13000000,67005.92000000,66683.73000000,66876.92000000,0.15674000,996
1775397600000000,66909.05000000,67823.22000000,66829.15000000,67336.00000000,0.28913000,692
1775404800000000,67365.23000000,67409.79000000,67200.61000000,67344.21000000,0.16376000,79
1775412000000000,67347.35000000,67546.42000000,67299.14000000,67311.07000000,0.08702000,40
1775419200000000,67381.79000000,67695.55000000,67381.79000000,67659.03000000,0.03297000,31
1775426400000000,67754.10000000,69100.00000000,67437.41000000,68969.75000000,1.23667000,180
1775433600000000,69157.36000000,69443.95000000,68828.16000000,68845.65000000,0.02324000,31
1775440800000000,68888.00000000,69356.27000000,68845.65000000,69099.37000000,0.03033000,41
1775448000000000,69095.29000000,69233.31000000,69000.00000000,69218.20000000,0.15376000,106
1775455200000000,69233.31000000,69350.07000000,68863.56000000,69117.17000000,0.08453000,65
1775462400000000,69183.52000000,70253.49000000,69155.69000000,69750.95000000,1.42254000,125
1775469600000000,69816.00000000,69848.91000000,69000.00000000,69624.52000000,1.83617000,113
1775476800000000,69575.10000000,69575.10000000,69259.48000000,69370.77000000,0.14197000,111
1775484000000000,69398.12000000,69959.25000000,69113.21000000,69959.25000000,0.09196000,148
1775491200000000,69959.25000000,70280.00000000,69323.42000000,69597.34000000,0.13310000,203
1775498400000000,69595.69000000,69956.65000000,69514.39000000,69772.15000000,0.17558000,472
1775505600000000,69706.67000000,69999.05000000,69443.96000000,69503.37000000,0.11797000,297
1775512800000000,69448.14000000,69611.77000000,68342.00000000,68871.56000000,0.16313000,283
1775520000000000,68860.81000000,69132.56000000,68424.01000000,68447.33000000,0.05560000,164
1775527200000000,68408.75000000,68774.60000000,68303.27000000,68774.60000000,1.02015000,53
1775534400000000,68699.89000000,68952.97000000,68625.36000000,68633.42000000,0.01514000,24
1775541600000000,68663.51000000,68695.57000000,68427.45000000,68641.41000000,1.26463000,163
1775548800000000,68684.17000000,69222.52000000,68653.72000000,69141.76000000,0.13400000,57
1775556000000000,69076.65000000,69076.65000000,68038.73000000,68369.21000000,0.61667000,189
1775563200000000,68441.55000000,68643.61000000,68131.03000000,68231.22000000,0.28678000,211
1775570400000000,68240.03000000,68240.66000000,67769.96000000,68166.85000000,0.22313000,135
1775577600000000,68279.79000000,68969.41000000,68133.88000000,68703.97000000,0.16466000,213
1775584800000000,68724.36000000,69088.17000000,68375.43000000,69009.41000000,0.09961000,219
1775592000000000,69035.33000000,70200.00000000,69035.33000000,69915.47000000,1.09962000,249
1775599200000000,70099.25000000,72738.16000000,69983.44000000,71944.09000000,3.37759000,498
1775606400000000,71936.13000000,72117.59000000,71467.46000000,71468.95000000,0.61200000,127
1775613600000000,71533.88000000,71649.82000000,71274.69000000,71317.28000000,0.09730000,41
1775620800000000,71306.29000000,71819.73000000,71306.29000000,71747.20000000,0.05164000,46
1775628000000000,71659.68000000,71909.21000000,71600.01000000,71627.13000000,0.32730000,39
1775635200000000,71729.56000000,71902.37000000,71632.06000000,71669.20000000,1.09552000,52
1775642400000000,71709.78000000,71777.31000000,71451.48000000,71661.40000000,0.17181000,63
1775649600000000,71729.70000000,72800.00000000,71629.54000000,71629.54000000,1.02538000,168
1775656800000000,71699.28000000,71700.02000000,70800.00000000,71292.87000000,0.90308000,238
1775664000000000,71435.07000000,71946.06000000,71291.80000000,71929.67000000,0.58267000,95
1775671200000000,71859.06000000,71909.55000000,71136.51000000,71350.98000000,0.07264000,161
1775678400000000,71449.21000000,71757.98000000,71368.41000000,71635.16000000,0.11850000,31
1775685600000000,71508.22000000,71508.22000000,70969.18000000,71135.46000000,0.02155000,26
1775692800000000,71167.18000000,71169.59000000,70534.31000000,70953.54000000,0.13804000,54
1775700000000000,70981.48000000,71128.46000000,70903.44000000,70957.50000000,0.13346000,32
1775707200000000,70985.19000000,71081.31000000,70756.31000000,70982.67000000,0.07236000,46
1775714400000000,71069.73000000,71109.56000000,70886.07000000,70991.54000000,0.03882000,43
1775721600000000,70976.29000000,71557.78000000,70893.79000000,71465.21000000,0.20811000,104
1775728800000000,71513.84000000,71516.56000000,71053.75000000,71154.82000000,0.11894000,126
1775736000000000,71196.77000000,71321.23000000,70655.48000000,70810.85000000,0.31614000,146
1775743200000000,70818.03000000,72335.17000000,70534.31000000,72182.97000000,0.57750000,581
1775750400000000,72287.29000000,72559.21000000,71767.23000000,72279.30000000,0.19196000,162
1775757600000000,72311.27000000,72311.27000000,71778.00000000,72062.92000000,0.12231000,81
1775764800000000,72104.46000000,72601.13000000,72013.35000000,72325.74000000,0.10388000,60
1775772000000000,72329.57000000,73105.11000000,71697.33000000,71814.66000000,1.44850000,164
1775779200000000,71773.40000000,72374.51000000,71621.32000000,72191.21000000,0.04803000,90
1775786400000000,72146.86000000,72280.25000000,71877.58000000,71927.89000000,0.03210000,39
1775793600000000,71928.43000000,72260.18000000,71856.54000000,72107.37000000,0.04399000,45
1775800800000000,72073.52000000,72092.99000000,71419.01000000,71468.00000000,0.09429000,54
1775808000000000,71475.95000000,71832.14000000,71456.59000000,71808.26000000,1.16004000,206
1775815200000000,71765.21000000,72272.17000000,71724.29000000,72112.14000000,0.22177000,129
1775822400000000,72117.82000000,72472.20000000,71942.62000000,72369.42000000,0.96938000,1182
1775829600000000,72308.36000000,73321.40000000,72305.80000000,72482.53000000,1.66011000,1288
1775836800000000,72515.78000000,73134.02000000,72452.86000000,73122.39000000,0.45240000,1101
1775844000000000,73122.39000000,73250.83000000,72916.33000000,73232.90000000,0.11793000,213
1775851200000000,73266.54000000,73467.33000000,73015.57000000,73250.05000000,0.12271000,432
1775858400000000,73256.60000000,73270.26000000,72832.52000000,72949.36000000,0.13009000,193
1775865600000000,72940.24000000,73049.07000000,72724.77000000,72971.03000000,0.02810000,114
1775872800000000,73022.10000000,73131.65000000,72916.33000000,72916.33000000,0.06937000,52
1775880000000000,72904.19000000,73000.50000000,72727.98000000,72732.13000000,0.12778000,367
1775887200000000,72732.13000000,72846.87000000,72643.71000000,72724.89000000,0.25657000,509
1775894400000000,72758.90000000,72931.02000000,72634.19000000,72899.03000000,0.10343000,632
1775901600000000,72926.68000000,72953.08000000,72812.44000000,72953.08000000,0.11301000,66
1775908800000000,72990.17000000,73008.56000000,72562.95000000,72706.03000000,0.22726000,78
1775916000000000,72694.03000000,72907.18000000,72673.46000000,72907.18000000,0.04009000,49
1775923200000000,72892.01000000,73238.33000000,72844.86000000,73130.24000000,0.12224000,211
1775930400000000,73143.60000000,73800.00000000,73089.57000000,73707.25000000,0.20883000,221
1775937600000000,73707.25000000,73707.25000000,73285.20000000,73530.48000000,0.04058000,34
1775944800000000,73469.57000000,73550.84000000,72962.66000000,73114.82000000,0.09047000,70
1775952000000000,73054.85000000,73137.61000000,71186.18000000,71661.23000000,0.72618000,192
1775959200000000,71721.51000000,71967.20000000,71544.31000000,71713.69000000,0.14190000,29
1775966400000000,71593.58000000,71754.51000000,71568.58000000,71707.44000000,0.00503000,12
1775973600000000,71779.39000000,71779.39000000,71639.21000000,71671.89000000,0.10205000,29
1775980800000000,71690.25000000,71795.50000000,71553.41000000,71553.41000000,0.03302000,26
1775988000000000,71693.59000000,71702.58000000,71452.23000000,71494.91000000,0.55892000,50
1775995200000000,71421.34000000,71530.23000000,70908.35000000,70908.35000000,0.16295000,180
1776002400000000,70943.75000000,71136.01000000,70631.52000000,70936.23000000,1.15588000,119
1776009600000000,70939.68000000,71209.50000000,70912.31000000,71167.01000000,0.17502000,51
1776016800000000,71206.94000000,71260.09000000,71120.13000000,71136.23000000,0.06644000,27
1776024000000000,71125.85000000,71428.48000000,71053.10000000,71355.34000000,0.63849000,70
1776031200000000,71375.19000000,71375.19000000,70570.54000000,70800.00000000,0.10718000,99
1776038400000000,70867.88000000,71241.39000000,70841.62000000,71084.70000000,0.27428000,45
1776045600000000,71084.70000000,71250.92000000,70942.91000000,70955.52000000,0.05079000,26
1776052800000000,70979.90000000,71138.86000000,70698.40000000,70898.19000000,0.10431000,43
1776060000000000,70999.99000000,71078.31000000,70698.18000000,70828.31000000,0.02400000,64
1776067200000000,70811.93000000,70896.12000000,70626.79000000,70804.26000000,0.03617000,57
1776074400000000,70804.26000000,70975.61000000,70740.71000000,70975.61000000,0.03938000,14
1776081600000000,70903.82000000,71663.67000000,70811.49000000,71663.67000000,0.12823000,308
1776088800000000,71663.67000000,72443.80000000,71456.99000000,71917.04000000,0.22771000,642
1776096000000000,71895.00000000,72600.00000000,71870.94000000,72105.86000000,0.09249000,102
1776103200000000,72188.14000000,73532.34000000,72119.15000000,73451.79000000,0.29890000,150
1776110400000000,73346.11000000,73393.64000000,73088.76000000,73194.22000000,0.05398000,39
1776117600000000,73523.96000000,74891.15000000,73438.71000000,74504.53000000,3.60967000,387
1776124800000000,74408.63000000,74443.44000000,73973.77000000,74392.82000000,0.08817000,65
1776132000000000,74422.31000000,74560.00000000,74318.13000000,74453.13000000,0.11796000,78
1776139200000000,74463.60000000,74504.07000000,74185.76000000,74185.76000000,2.04320000,256
1776146400000000,74322.63000000,74930.64000000,74025.34000000,74537.60000000,0.59257000,233
1776153600000000,74571.98000000,74922.54000000,74475.18000000,74551.39000000,0.09099000,104
1776160800000000,74522.94000000,74648.01000000,74332.08000000,74450.61000000,0.13678000,50
1776168000000000,74405.92000000,75528.94000000,74245.80000000,75528.94000000,1.43147000,226
1776175200000000,75563.77000000,76016.78000000,74689.10000000,75297.27000000,1.97291000,322
1776182400000000,75467.14000000,75622.50000000,74329.62000000,74808.82000000,0.54448000,151
1776189600000000,74840.59000000,74866.42000000,73909.05000000,74264.48000000,0.19736000,90
1776196800000000,74358.62000000,74383.44000000,74021.58000000,74345.89000000,0.03577000,105
1776204000000000,74271.40000000,74421.72000000,73884.92000000,74221.40000000,0.07404000,172
1776211200000000,74230.83000000,74816.73000000,74230.83000000,74702.02000000,0.04692000,100
1776218400000000,74608.02000000,74609.85000000,74249.84000000,74318.53000000,0.52805000,112
1776225600000000,74387.19000000,74446.50000000,73888.00000000,74058.80000000,0.03711000,69
1776232800000000,74060.08000000,74060.08000000,73600.00000000,73783.23000000,2.03628000,376
1776240000000000,73805.62000000,74174.65000000,73805.62000000,73991.77000000,0.04732000,41
1776247200000000,74046.07000000,74278.56000000,73811.06000000,74255.07000000,0.20078000,185
1776254400000000,74195.58000000,74489.04000000,73883.00000000,73918.72000000,0.69245000,91
1776261600000000,73939.11000000,74471.51000000,73645.33000000,73833.46000000,0.37989000,178
1776268800000000,73976.92000000,74221.72000000,73870.17000000,74199.31000000,0.15198000,71
1776276000000000,74119.39000000,75316.74000000,74119.39000000,75079.74000000,0.63574000,276
1776283200000000,75049.19000000,75049.19000000,74578.78000000,74770.51000000,0.09127000,53
1776290400000000,74808.38000000,75414.07000000,74690.35000000,74716.42000000,0.06020000,70
1776297600000000,74714.19000000,74882.61000000,74569.55000000,74617.49000000,0.08044000,22
1776304800000000,74728.50000000,75261.91000000,74717.20000000,74996.58000000,0.03227000,30
1776312000000000,75006.50000000,75168.65000000,74771.43000000,75074.78000000,0.04409000,32
1776319200000000,75090.85000000,75095.89000000,74727.98000000,74736.74000000,0.04485000,52
1776326400000000,74729.20000000,74887.95000000,74562.40000000,74623.36000000,0.04231000,36
1776333600000000,74623.36000000,74623.36000000,74299.01000000,74501.00000000,0.02350000,51
1776340800000000,74620.67000000,75009.11000000,73290.15000000,73830.84000000,0.43437000,192
1776348000000000,73785.08000000,74872.36000000,73474.86000000,74778.16000000,0.14401000,180
1776355200000000,74774.34000000,74857.13000000,73976.92000000,74296.38000000,0.07193000,61
1776362400000000,74470.82000000,75427.48000000,74298.10000000,75357.30000000,0.20008000,166
1776369600000000,75527.89000000,75527.89000000,74849.32000000,74990.95000000,0.17923000,96
1776376800000000,75114.58000000,75171.89000000,74923.40000000,75129.32000000,0.02509000,30
1776384000000000,75180.00000000,75183.46000000,74700.94000000,74728.50000000,0.02528000,35
1776391200000000,74804.72000000,74804.72000000,74576.17000000,74728.50000000,0.02662000,32
1776398400000000,74728.50000000,74876.42000000,74578.56000000,74690.93000000,0.01195000,22
1776405600000000,74789.38000000,75098.53000000,74763.14000000,74981.06000000,0.04350000,38
1776412800000000,75065.09000000,76360.89000000,74998.14000000,75853.74000000,0.50386000,175
1776420000000000,75732.11000000,75921.88000000,75144.63000000,75607.71000000,0.12505000,97
1776427200000000,75627.49000000,77429.07000000,75563.31000000,77429.07000000,2.84385000,795
1776434400000000,77436.46000000,78106.30000000,77157.99000000,77894.91000000,1.64124000,214
1776441600000000,77898.35000000,78336.68000000,77211.83000000,77563.06000000,0.42916000,98
1776448800000000,77446.04000000,77468.68000000,77097.09000000,77399.35000000,0.06604000,55
1776456000000000,77524.40000000,77575.27000000,77218.62000000,77498.11000000,0.05056000,34
1776463200000000,77506.83000000,77556.05000000,76956.84000000,77052.79000000,0.05122000,44
1776470400000000,77214.16000000,77352.50000000,77052.79000000,77250.97000000,0.36060000,46
1776477600000000,77420.82000000,77427.95000000,77015.51000000,77015.51000000,0.10466000,18
1776484800000000,77062.01000000,77265.98000000,76956.25000000,77201.43000000,0.01434000,15
1776492000000000,77179.24000000,77236.12000000,76908.24000000,77042.66000000,0.05287000,28
1776499200000000,76892.15000000,76892.15000000,76483.32000000,76620.37000000,0.20241000,72
1776506400000000,76548.10000000,76548.10000000,75853.74000000,76101.00000000,0.18511000,65
1776513600000000,76139.25000000,76522.36000000,75957.99000000,76208.44000000,0.31465000,74
1776520800000000,76210.82000000,76293.78000000,76087.57000000,76225.49000000,0.04927000,29
1776528000000000,76182.20000000,76182.20000000,75675.44000000,75929.57000000,0.12261000,58
1776535200000000,75781.85000000,75849.52000000,75507.68000000,75666.00000000,0.05286000,42
1776542400000000,75666.00000000,75853.59000000,75666.00000000,75853.33000000,0.07392000,33
1776549600000000,75799.68000000,75898.44000000,75681.01000000,75806.24000000,0.03905000,21
1776556800000000,75760.80000000,75846.81000000,75558.00000000,75599.27000000,0.00557000,10
1776564000000000,75644.43000000,75732.48000000,75422.24000000,75604.53000000,0.03062000,22
1776571200000000,75612.97000000,75790.51000000,75528.11000000,75614.99000000,0.04345000,24
1776578400000000,75542.61000000,75542.61000000,74934.69000000,75270.01000000,0.15913000,98
1776585600000000,75276.59000000,75314.96000000,75000.00000000,75049.03000000,0.26887000,68
1776592800000000,75000.00000000,75680.36000000,74963.98000000,75680.36000000,0.22776000,102
1776600000000000,75593.26000000,76254.65000000,75536.60000000,75987.00000000,0.06560000,60
1776607200000000,75821.62000000,76218.97000000,75487.72000000,75903.71000000,0.12479000,64
1776614400000000,75863.30000000,75905.75000000,74691.44000000,74691.44000000,0.05843000,119
1776621600000000,74919.42000000,75082.11000000,74631.52000000,74944.83000000,0.12458000,53
1776628800000000,74836.49000000,74888.84000000,74445.59000000,74487.01000000,0.07386000,75
1776636000000000,74405.46000000,74405.46000000,73830.36000000,73888.00000000,0.08563000,55
1776643200000000,74029.82000000,74755.04000000,74023.83000000,74755.04000000,0.02663000,17
1776650400000000,74669.70000000,74669.70000000,74435.54000000,74609.55000000,0.02547000,16
1776657600000000,74651.65000000,74651.65000000,74163.02000000,74347.15000000,0.54571000,70
1776664800000000,74404.64000000,75570.49000000,74357.31000000,74724.19000000,0.06621000,53
1776672000000000,74729.75000000,75395.86000000,74722.36000000,75121.89000000,0.62323000,64
1776679200000000,75285.92000000,75396.31000000,75057.74000000,75268.23000000,0.17672000,43
1776686400000000,75190.00000000,75569.30000000,74971.60000000,75303.85000000,0.17830000,145
1776693600000000,75290.29000000,75750.00000000,74837.15000000,75645.29000000,0.72220000,110
1776700800000000,75669.09000000,75946.32000000,75153.92000000,75906.67000000,0.52497000,79
1776708000000000,76000.00000000,76500.00000000,76000.00000000,76291.17000000,0.15416000,102
1776715200000000,76270.72000000,76569.53000000,75853.74000000,75969.79000000,0.15199000,62
1776722400000000,76015.89000000,76139.25000000,75690.22000000,75899.83000000,0.18385000,43
1776729600000000,75976.62000000,76249.09000000,75786.02000000,75975.93000000,0.03535000,20
1776736800000000,75943.33000000,75943.33000000,75569.30000000,75767.51000000,0.01799000,26
1776744000000000,75740.11000000,75967.22000000,75689.68000000,75880.19000000,0.03096000,32
1776751200000000,75818.23000000,76310.05000000,75797.17000000,76151.47000000,0.55139000,64
1776758400000000,76165.65000000,76833.57000000,76139.73000000,76202.86000000,0.07976000,55
1776765600000000,76458.16000000,76875.31000000,76364.84000000,76474.59000000,0.07519000,54
1776772800000000,76496.25000000,76555.30000000,75758.38000000,75925.01000000,0.26102000,113
1776780000000000,75957.82000000,76585.71000000,75500.86000000,75848.04000000,0.18438000,112
1776787200000000,75925.01000000,76090.38000000,75182.40000000,75723.33000000,0.09944000,70
1776794400000000,75653.76000000,75925.01000000,74890.58000000,75033.38000000,0.33714000,125
1776801600000000,75161.40000000,75824.11000000,75140.40000000,75609.98000000,0.09342000,47
1776808800000000,75602.89000000,76400.00000000,75448.24000000,76400.00000000,0.05923000,26
1776816000000000,76390.99000000,76554.52000000,76234.19000000,76305.66000000,0.06528000,24
1776823200000000,76468.94000000,77698.01000000,76468.94000000,77563.69000000,0.32606000,102
1776830400000000,77594.31000000,78441.48000000,77452.33000000,78073.49000000,0.46933000,124
1776837600000000,78000.00000000,78102.52000000,77834.03000000,78102.52000000,0.25557000,54
1776844800000000,78153.84000000,78202.99000000,77882.42000000,78027.54000000,0.66054000,129
1776852000000000,78005.89000000,78358.66000000,78004.14000000,78288.30000000,0.08121000,40
1776859200000000,78293.61000000,78800.00000000,78234.69000000,78800.00000000,1.15400000,405
1776866400000000,78900.00000000,79458.76000000,78629.78000000,79334.15000000,1.26843000,157
1776873600000000,79363.54000000,79485.66000000,78736.76000000,78967.82000000,0.17351000,268
1776880800000000,79035.20000000,79157.48000000,78840.19000000,78885.05000000,1.49117000,73
1776888000000000,78895.44000000,78895.98000000,78454.74000000,78824.28000000,0.55226000,70
1776895200000000,78824.28000000,78824.28000000,78263.19000000,78301.99000000,0.01141000,15
1776902400000000,78361.51000000,78585.64000000,77725.10000000,78392.69000000,0.06332000,60
1776909600000000,78374.53000000,78374.53000000,77541.00000000,77789.66000000,0.05954000,92
1776916800000000,77793.25000000,78120.96000000,77759.88000000,77986.40000000,0.22543000,109
1776924000000000,78149.79000000,78270.01000000,78149.79000000,78149.79000000,0.05395000,32
1776931200000000,78082.42000000,78082.42000000,77510.36000000,77651.79000000,0.17952000,77
1776938400000000,77687.89000000,77764.00000000,77252.16000000,77764.00000000,0.24734000,103
1776945600000000,77851.95000000,77910.47000000,77543.99000000,77554.31000000,0.12950000,59
1776952800000000,77527.45000000,78675.34000000,77474.46000000,78441.56000000,0.06353000,96
1776960000000000,78451.33000000,78505.10000000,77075.31000000,77815.83000000,0.39504000,167
1776967200000000,77876.65000000,78149.79000000,77630.72000000,77775.95000000,0.14237000,67
1776974400000000,77775.33000000,78142.45000000,77758.12000000,78019.56000000,0.03894000,22
1776981600000000,78149.79000000,78296.20000000,78149.79000000,78233.34000000,0.01731000,15
1776988800000000,78359.60000000,78520.45000000,78045.11000000,78405.44000000,0.03954000,31
1776996000000000,78547.00000000,78547.00000000,77600.92000000,77661.77000000,0.04047000,53
1777003200000000,77750.01000000,78041.64000000,77541.00000000,78028.09000000,0.03286000,54
1777010400000000,77992.60000000,77992.60000000,77595.49000000,77667.95000000,0.04281000,23
1777017600000000,77670.43000000,78008.59000000,77442.46000000,77557.17000000,2.61387000,133
1777024800000000,77547.33000000,78355.77000000,77491.03000000,78285.96000000,0.28742000,64
1777032000000000,78312.39000000,78489.08000000,78000.00000000,78128.23000000,0.05739000,64
1777039200000000,78121.80000000,78239.41000000,77663.04000000,78098.89000000,0.13904000,134
1777046400000000,78084.19000000,78098.26000000,77553.20000000,77689.65000000,0.12867000,183
1777053600000000,77689.64000000,77776.29000000,77494.22000000,77661.36000000,0.06518000,53
1777060800000000,77594.78000000,77780.54000000,77587.55000000,77645.30000000,0.01696000,16
1777068000000000,77587.55000000,77649.41000000,77348.39000000,77492.70000000,0.09295000,37
1777075200000000,77541.60000000,77611.99000000,77431.83000000,77611.99000000,0.05236000,25
1777082400000000,77640.04000000,77699.68000000,77610.21000000,77699.68000000,0.13899000,13
1777089600000000,77673.21000000,77740.87000000,77548.53000000,77554.16000000,0.03298000,9
1777096800000000,77578.74000000,77626.55000000,77506.21000000,77556.99000000,0.01440000,18
1777104000000000,77671.49000000,77778.62000000,77614.19000000,77778.62000000,0.07696000,22
1777111200000000,77812.64000000,77921.65000000,77672.25000000,77709.07000000,0.07139000,35
1777118400000000,77696.20000000,77771.26000000,77603.02000000,77737.74000000,0.09940000,27
1777125600000000,77712.33000000,77798.77000000,77332.22000000,77390.32000000,0.07062000,140
1777132800000000,77348.16000000,77504.60000000,77219.11000000,77274.78000000,0.01730000,93
1777140000000000,77271.75000000,77406.92000000,77269.52000000,77296.11000000,0.01895000,69
1777147200000000,77363.15000000,77567.67000000,77363.15000000,77496.27000000,0.17218000,17
1777154400000000,77557.25000000,77687.87000000,77557.25000000,77682.32000000,0.00887000,9
1777161600000000,77607.50000000,77607.50000000,77496.27000000,77496.27000000,0.06101000,43
1777168800000000,77575.10000000,77575.10000000,77372.95000000,77432.90000000,0.01081000,5
1777176000000000,77432.90000000,78217.24000000,77432.90000000,78049.44000000,0.05011000,69
1777183200000000,78086.34000000,78135.56000000,77987.55000000,78135.56000000,0.01767000,10
1777190400000000,78117.77000000,78200.00000000,77970.82000000,78046.95000000,0.01335000,16
1777197600000000,78024.95000000,78150.00000000,77996.38000000,78150.00000000,0.02866000,66
1777204800000000,78150.00000000,78150.00000000,77829.34000000,77973.40000000,0.07697000,109
1777212000000000,77973.20000000,78173.61000000,77973.20000000,78098.09000000,0.42839000,22
1777219200000000,78061.50000000,78138.93000000,77924.41000000,78032.98000000,0.02439000,24
1777226400000000,78082.49000000,78489.08000000,78082.49000000,78273.77000000,0.01997000,43
1777233600000000,78296.46000000,78952.08000000,77902.79000000,78462.58000000,0.20989000,183
1777240800000000,78426.64000000,78907.31000000,78047.64000000,78685.03000000,0.03770000,94
1777248000000000,78785.49000000,79459.75000000,78470.00000000,79191.57000000,2.08247000,116
1777255200000000,79233.52000000,79318.85000000,79066.85000000,79219.51000000,0.11184000,44
1777262400000000,79098.87000000,79138.77000000,77645.67000000,77868.53000000,0.12797000,119
1777269600000000,77834.07000000,77855.80000000,77507.89000000,77743.45000000,0.11238000,46
1777276800000000,77714.98000000,77965.94000000,77602.96000000,77936.82000000,0.02660000,38
1777284000000000,77915.56000000,77919.17000000,77777.00000000,77839.36000000,0.02366000,25
1777291200000000,77799.96000000,77862.59000000,77621.27000000,77755.04000000,0.09340000,45
1777298400000000,77755.04000000,78274.54000000,76623.40000000,76798.85000000,2.87120000,346
1777305600000000,76798.85000000,76937.22000000,76620.96000000,76758.28000000,0.14076000,128
1777312800000000,76737.22000000,76897.20000000,76479.18000000,76869.54000000,0.17461000,34
1777320000000000,77013.71000000,77034.28000000,76820.92000000,76820.92000000,0.03371000,21
1777327200000000,76893.58000000,77176.25000000,76893.58000000,77166.44000000,0.00477000,7
1777334400000000,77374.77000000,77437.40000000,77096.97000000,77107.29000000,1.20965000,66
1777341600000000,77077.96000000,77176.93000000,76713.49000000,76810.43000000,0.07366000,25
1777348800000000,76855.32000000,77140.68000000,76706.50000000,76976.66000000,0.03849000,29
1777356000000000,76906.33000000,76924.55000000,76456.59000000,76924.55000000,0.19465000,44
1777363200000000,76860.55000000,76999.57000000,76514.67000000,76634.34000000,0.29524000,34
1777370400000000,76670.25000000,76671.89000000,76144.61000000,76194.39000000,0.03721000,45
1777377600000000,76242.44000000,76407.01000000,76029.48000000,76189.34000000,0.20820000,99
1777384800000000,76171.91000000,76171.91000000,75662.84000000,76065.18000000,0.21892000,83
1777392000000000,76035.39000000,76253.49000000,75907.62000000,76204.63000000,0.07768000,55
1777399200000000,76204.14000000,76356.11000000,76121.53000000,76311.83000000,0.03480000,20
1777406400000000,76364.84000000,76769.97000000,76294.15000000,76294.15000000,0.91060000,56
1777413600000000,76419.00000000,76419.00000000,76311.73000000,76311.73000000,0.10390000,46
1777420800000000,76364.84000000,76617.97000000,76215.70000000,76577.74000000,0.01309000,29
1777428000000000,76632.10000000,77029.37000000,76423.13000000,76986.31000000,0.15462000,32
1777435200000000,76918.21000000,77505.52000000,76877.38000000,77277.77000000,0.33414000,35
1777442400000000,77328.32000000,77328.32000000,76923.07000000,77128.99000000,0.02852000,41
1777449600000000,77023.63000000,77706.03000000,77000.99000000,77643.22000000,0.07394000,53
1777456800000000,77798.08000000,77880.03000000,77515.46000000,77615.72000000,0.03895000,34
1777464000000000,77535.74000000,77535.74000000,76585.71000000,76803.87000000,0.19610000,85
1777471200000000,76755.84000000,76877.39000000,75762.41000000,75762.41000000,0.13992000,60
1777478400000000,75883.36000000,76059.99000000,75708.66000000,75957.04000000,0.09255000,67
1777485600000000,76200.00000000,76200.00000000,74500.00000000,75468.69000000,2.33112000,300
1777492800000000,75563.09000000,76005.72000000,75538.79000000,75970.87000000,0.01505000,35
1777500000000000,75867.38000000,75992.08000000,75743.89000000,75808.16000000,0.11167000,38
1777507200000000,75760.68000000,76323.27000000,75647.28000000,76189.51000000,0.06587000,43
1777514400000000,76198.72000000,76198.72000000,75469.98000000,75904.63000000,0.05124000,60
1777521600000000,75913.00000000,75913.00000000,75352.88000000,75602.15000000,0.02488000,64
1777528800000000,75569.35000000,76150.08000000,75530.55000000,76088.11000000,0.05930000,50
1777536000000000,76122.99000000,76260.98000000,76020.79000000,76125.97000000,0.05068000,29
1777543200000000,76079.93000000,76195.80000000,75863.04000000,76009.17000000,0.08626000,61
1777550400000000,76015.95000000,76590.48000000,76015.95000000,76388.92000000,0.12722000,106
1777557600000000,76518.44000000,76574.85000000,76067.52000000,76401.84000000,0.13135000,88
1777564800000000,76407.36000000,76434.84000000,76087.93000000,76110.15000000,0.04466000,22
1777572000000000,76213.54000000,76454.37000000,76213.54000000,76346.26000000,0.11673000,44
1777579200000000,76364.68000000,76516.74000000,76208.07000000,76216.21000000,0.10667000,42
1777586400000000,76364.84000000,76401.53000000,76217.42000000,76312.81000000,0.05710000,27
1777593600000000,76334.81000000,76674.49000000,76334.81000000,76636.91000000,0.08187000,40
1777600800000000,76611.82000000,77848.74000000,76578.05000000,77113.15000000,0.94965000,125
1777608000000000,77095.36000000,77102.28000000,76901.30000000,77085.64000000,0.12470000,30
1777615200000000,77125.43000000,77125.43000000,76875.23000000,77097.18000000,0.06846000,40
1777622400000000,77097.18000000,77372.92000000,76285.02000000,77192.59000000,0.89292000,150
1777629600000000,77181.96000000,77475.59000000,77111.00000000,77368.26000000,0.04748000,17
1777636800000000,77376.71000000,78868.23000000,77369.76000000,78683.72000000,2.97377000,139
1777644000000000,78705.63000000,78774.99000000,78021.44000000,78317.59000000,0.17128000,68
1777651200000000,78532.61000000,78627.82000000,78075.78000000,78502.23000000,0.17515000,58
1777658400000000,78460.97000000,78518.21000000,78288.76000000,78396.10000000,0.03128000,32
1777665600000000,78326.17000000,78334.56000000,77741.78000000,78114.88000000,0.01735000,21
1777672800000000,78168.14000000,78368.71000000,78021.44000000,78177.83000000,0.02452000,15
1777680000000000,78263.74000000,78292.84000000,78213.14000000,78278.12000000,0.00382000,4
1777687200000000,78307.68000000,78429.95000000,78307.68000000,78364.31000000,0.00158000,3
1777694400000000,78334.87000000,78334.87000000,78042.51000000,78149.79000000,0.02772000,13
1777701600000000,78134.55000000,78298.84000000,78134.55000000,78150.88000000,0.03988000,12
1777708800000000,78199.35000000,78523.15000000,78199.35000000,78368.05000000,0.21152000,39
1777716000000000,78278.55000000,78288.82000000,78061.50000000,78115.03000000,0.02865000,19
1777723200000000,78121.68000000,78368.05000000,78103.32000000,78352.26000000,0.06558000,46
1777730400000000,78353.50000000,78489.08000000,78311.00000000,78489.08000000,0.03631000,34
1777737600000000,78477.86000000,78551.88000000,78387.08000000,78393.17000000,0.09165000,39
1777744800000000,78375.82000000,78484.13000000,78289.22000000,78484.13000000,0.02159000,29
1777752000000000,78471.70000000,79095.89000000,78426.84000000,78885.31000000,0.07576000,62
1777759200000000,78711.99000000,78830.99000000,78661.86000000,78661.86000000,0.01137000,18
1777766400000000,78720.31000000,78720.31000000,78152.32000000,78261.89000000,0.05080000,31
1777773600000000,78215.54000000,78289.09000000,78118.54000000,78182.59000000,0.09630000,91
1777780800000000,78124.06000000,78239.85000000,78124.06000000,78235.25000000,0.05893000,13
1777788000000000,78241.22000000,78449.19000000,78109.10000000,78397.90000000,0.01234000,20
1777795200000000,78457.98000000,78500.00000000,78412.25000000,78500.00000000,0.03941000,22
1777802400000000,78500.00000000,78716.09000000,78393.07000000,78697.60000000,0.03255000,22
1777809600000000,78659.57000000,78863.62000000,78602.50000000,78626.86000000,0.02521000,25
1777816800000000,78745.77000000,78785.73000000,78660.38000000,78741.15000000,0.01060000,22
1777824000000000,78626.86000000,78808.95000000,78600.00000000,78748.86000000,0.03462000,42
1777831200000000,78712.89000000,78797.18000000,78655.38000000,78796.82000000,0.03346000,34
1777838400000000,78781.47000000,79200.00000000,78654.43000000,78755.63000000,0.45167000,133
1777845600000000,78923.00000000,79400.00000000,78514.54000000,78515.87000000,0.02526000,26
1777852800000000,78489.08000000,79712.21000000,78334.84000000,79521.51000000,0.17384000,41
1777860000000000,79817.32000000,80350.00000000,79667.89000000,80217.63000000,2.09834000,140
1777867200000000,80323.67000000,80625.88000000,80000.90000000,80000.90000000,1.26153000,101
1777874400000000,79999.86000000,79999.86000000,79478.70000000,79696.26000000,0.48117000,103
1777881600000000,79718.52000000,79887.48000000,79605.45000000,79820.37000000,0.08031000,30
1777888800000000,79745.80000000,79745.80000000,78205.50000000,78775.03000000,0.60717000,148
1777896000000000,78775.03000000,79070.74000000,78605.84000000,78828.47000000,0.24830000,52
1777903200000000,78776.19000000,80421.76000000,78489.08000000,80070.89000000,1.52862000,185
1777910400000000,79861.04000000,80717.66000000,79700.51000000,80386.89000000,0.18834000,91
1777917600000000,80377.75000000,80377.75000000,79897.55000000,80043.77000000,0.04929000,34
1777924800000000,79988.55000000,80291.30000000,79897.55000000,80291.30000000,0.02376000,17
1777932000000000,80272.06000000,80359.73000000,79765.66000000,79851.89000000,0.04696000,35
1777939200000000,79854.46000000,80321.90000000,79854.46000000,80321.90000000,0.02727000,30
1777946400000000,80401.98000000,81030.59000000,80388.50000000,80882.38000000,1.27557000,52
1777953600000000,80842.68000000,81100.00000000,80611.67000000,80957.47000000,0.79122000,106
1777960800000000,80916.68000000,81083.12000000,80722.56000000,80861.23000000,0.18369000,38
1777968000000000,80869.33000000,80882.80000000,80567.46000000,80567.46000000,0.03047000,21
1777975200000000,80594.17000000,81028.19000000,80594.17000000,80943.90000000,0.12808000,68
1777982400000000,81046.21000000,81705.16000000,81046.21000000,81347.94000000,0.20777000,75
1777989600000000,81286.99000000,81643.93000000,80943.01000000,81548.06000000,0.20180000,50
1777996800000000,81573.79000000,81573.79000000,81105.20000000,81251.90000000,0.05440000,32
1778004000000000,81295.37000000,81605.88000000,81295.37000000,81605.88000000,0.04003000,26
1778011200000000,81609.77000000,81711.25000000,81374.41000000,81495.71000000,0.07045000,32
1778018400000000,81374.41000000,81429.02000000,80866.53000000,80866.53000000,0.03506000,44
1778025600000000,81043.25000000,81418.29000000,80705.09000000,81418.29000000,0.19512000,33
1778032800000000,81256.99000000,81687.52000000,81067.44000000,81488.51000000,0.06265000,34
1778040000000000,81555.57000000,81673.83000000,81081.91000000,81164.62000000,0.43838000,68
1778047200000000,81333.74000000,81548.55000000,81209.41000000,81298.21000000,0.03685000,34
1778054400000000,81492.01000000,82000.00000000,81488.13000000,81881.57000000,0.22992000,75
1778061600000000,81964.09000000,82791.34000000,81964.09000000,82508.04000000,1.51019000,158
1778068800000000,82406.46000000,82438.90000000,81609.77000000,81716.21000000,0.39649000,67
1778076000000000,81609.77000000,81935.05000000,81237.70000000,81691.66000000,0.07010000,54
1778083200000000,81609.77000000,81754.00000000,81423.95000000,81423.95000000,0.09940000,62
1778090400000000,81423.95000000,81501.81000000,81234.11000000,81280.49000000,0.01028000,16
1778097600000000,81472.35000000,81641.53000000,81374.41000000,81584.38000000,0.01845000,12
1778104800000000,81374.41000000,81427.15000000,80999.04000000,81427.15000000,0.04426000,17
1778112000000000,81414.85000000,81414.85000000,80900.00000000,81199.90000000,0.04287000,20
1778119200000000,81106.06000000,81106.06000000,80873.56000000,80873.56000000,0.00768000,14
1778126400000000,80724.48000000,81022.65000000,80724.48000000,81022.65000000,0.03000000,33
1778133600000000,81026.94000000,81589.52000000,80927.47000000,81542.26000000,0.03370000,21
1778140800000000,81374.41000000,81374.41000000,80885.80000000,80919.89000000,0.05870000,19
1778148000000000,80896.86000000,80975.91000000,80600.00000000,80876.76000000,0.09619000,49
1778155200000000,80853.15000000,81146.00000000,80000.00000000,80484.69000000,1.65500000,118
1778162400000000,80514.37000000,80622.76000000,79745.80000000,80047.86000000,0.29193000,112
1778169600000000,79925.07000000,80065.42000000,79515.82000000,80065.42000000,0.13558000,69
1778176800000000,80155.61000000,80214.12000000,79920.96000000,80062.25000000,0.31318000,55
1778184000000000,80323.67000000,80323.67000000,79745.80000000,79751.33000000,0.01735000,17
1778191200000000,79745.80000000,80057.17000000,79645.26000000,80042.52000000,0.02819000,24
1778198400000000,80000.54000000,80122.68000000,79711.76000000,79711.76000000,0.01490000,17
1778205600000000,79600.23000000,79630.73000000,79310.23000000,79630.45000000,0.04868000,63
1778212800000000,79693.66000000,79718.80000000,79573.60000000,79610.79000000,0.02610000,20
1778220000000000,79574.31000000,79708.53000000,79279.06000000,79708.53000000,0.04345000,26
1778227200000000,79690.03000000,80000.00000000,79690.03000000,79849.11000000,0.01482000,18
1778234400000000,79976.45000000,80319.64000000,79895.83000000,80303.88000000,0.15430000,38
1778241600000000,80287.09000000,80448.02000000,79583.90000000,79583.90000000,0.25969000,65
1778248800000000,79716.28000000,80405.99000000,79667.49000000,80044.87000000,3.09310000,334
1778256000000000,80102.73000000,80207.76000000,79745.80000000,80092.02000000,0.71368000,93
1778263200000000,80118.92000000,80296.21000000,79976.45000000,80126.84000000,0.18274000,36
1778270400000000,80180.56000000,80291.71000000,80136.94000000,80177.74000000,0.08022000,27
1778277600000000,80323.67000000,80346.88000000,80136.49000000,80174.47000000,0.03673000,17
1778284800000000,80168.23000000,80394.22000000,80168.23000000,80394.22000000,0.00824000,6
1778292000000000,80441.00000000,80508.03000000,80327.25000000,80360.71000000,0.03333000,14
1778299200000000,80555.99000000,80615.98000000,80384.27000000,80416.38000000,0.21330000,33
1778306400000000,80409.13000000,80409.13000000,80160.24000000,80189.68000000,0.04036000,19
1778313600000000,80273.50000000,80407.95000000,80188.73000000,80188.73000000,0.02007000,12
1778320800000000,80213.59000000,80349.20000000,80201.55000000,80349.20000000,0.03572000,16
1778328000000000,80355.15000000,80427.52000000,80310.20000000,80351.05000000,0.04678000,37
1778335200000000,80374.63000000,80567.26000000,80229.39000000,80522.51000000,0.03156000,44
1778342400000000,80547.01000000,80910.85000000,80510.91000000,80823.62000000,0.08050000,426
1778349600000000,80822.18000000,81042.49000000,80783.54000000,80906.87000000,0.08819000,109
1778356800000000,80921.99000000,80927.76000000,80750.44000000,80830.23000000,0.08871000,69
1778364000000000,80758.77000000,80788.98000000,80626.86000000,80626.86000000,0.03580000,12
1778371200000000,80666.57000000,80724.91000000,80599.05000000,80683.90000000,0.00622000,9
1778378400000000,80750.23000000,80798.45000000,80704.99000000,80798.45000000,0.00124000,5
1778385600000000,80809.90000000,80809.90000000,80762.50000000,80762.50000000,0.00121000,2
1778392800000000,80661.11000000,80776.30000000,80659.69000000,80776.30000000,0.04827000,12
1778400000000000,80737.97000000,80905.70000000,80737.97000000,80804.15000000,0.01400000,11
1778407200000000,80814.90000000,80927.73000000,80700.00000000,80840.15000000,0.05673000,27
1778414400000000,80839.82000000,81000.41000000,80784.30000000,80966.65000000,0.24584000,151
1778421600000000,80967.79000000,81360.00000000,80878.22000000,81360.00000000,3.08930000,338
1778428800000000,81404.44000000,81580.99000000,81182.60000000,81464.87000000,0.31335000,307
1778436000000000,81465.70000000,81487.83000000,81115.23000000,81420.67000000,0.13099000,441
1778443200000000,81443.97000000,81445.94000000,80303.32000000,80726.89000000,0.11485000,510
1778450400000000,80672.40000000,82438.90000000,80672.40000000,82096.31000000,0.13883000,388
1778457600000000,82201.15000000,82317.09000000,81300.28000000,81492.01000000,0.13774000,34
1778464800000000,81374.41000000,81384.17000000,80484.43000000,80669.16000000,0.14857000,91
1778472000000000,80693.24000000,80972.44000000,80593.33000000,80811.32000000,1.17658000,89
1778479200000000,80804.26000000,80946.28000000,80670.69000000,80766.32000000,0.04252000,20
1778486400000000,80712.61000000,80968.77000000,80690.54000000,80968.77000000,0.08379000,26
1778493600000000,80975.05000000,81159.63000000,80927.22000000,81159.63000000,0.07972000,35
1778500800000000,81197.99000000,81300.97000000,80744.98000000,81041.29000000,1.56712000,142
1778508000000000,81139.73000000,81453.22000000,80453.22000000,81414.14000000,0.58222000,124
1778515200000000,81431.53000000,82025.61000000,81350.94000000,81927.62000000,0.84500000,290
1778522400000000,82057.27000000,82094.23000000,81851.12000000,81961.45000000,0.06413000,60
1778529600000000,82016.24000000,82075.80000000,81618.54000000,81850.78000000,0.10844000,362
1778536800000000,81856.47000000,81988.87000000,81634.13000000,81799.81000000,0.06233000,255
1778544000000000,81697.13000000,81697.13000000,80900.00000000,81022.65000000,0.10360000,49
1778551200000000,81299.91000000,81330.06000000,81011.06000000,81011.06000000,0.11810000,19
1778558400000000,81004.11000000,81267.94000000,81004.11000000,81221.26000000,0.15644000,52
1778565600000000,81172.29000000,81283.19000000,80850.21000000,80857.13000000,0.28224000,61
1778572800000000,80805.06000000,81117.34000000,80709.38000000,80805.77000000,0.59353000,95
1778580000000000,80814.89000000,80814.89000000,80497.13000000,80763.22000000,0.03247000,47
1778587200000000,80763.22000000,80905.86000000,80414.96000000,80441.93000000,0.07864000,46
1778594400000000,80392.32000000,80788.98000000,80229.13000000,80337.51000000,0.13156000,58
1778601600000000,80415.93000000,80594.69000000,79893.31000000,80527.28000000,0.41267000,268
1778608800000000,80551.99000000,80872.95000000,80461.56000000,80872.95000000,0.07607000,79
1778616000000000,80819.13000000,80824.04000000,80217.14000000,80535.29000000,4.67515000,401
1778623200000000,80638.39000000,80813.93000000,80481.45000000,80481.45000000,0.31218000,218
1778630400000000,80456.55000000,81139.73000000,80456.55000000,81032.12000000,0.04018000,39
1778637600000000,80971.98000000,81256.99000000,80969.54000000,81216.69000000,1.12700000,39
1778644800000000,81210.15000000,81225.42000000,80996.29000000,81007.79000000,0.03906000,22
1778652000000000,80982.15000000,81114.11000000,80819.70000000,81031.29000000,0.17875000,61
1778659200000000,81034.91000000,81269.56000000,80936.31000000,81228.82000000,0.02066000,36
1778666400000000,81275.60000000,81275.60000000,80521.05000000,80529.20000000,0.02417000,44
1778673600000000,80500.00000000,80538.60000000,79570.60000000,79615.88000000,0.40541000,86
1778680800000000,79581.62000000,79831.51000000,78913.17000000,78913.17000000,3.83180000,300
1778688000000000,78820.98000000,79463.10000000,78759.70000000,79463.10000000,0.57795000,432
1778695200000000,79529.17000000,79757.49000000,79410.62000000,79523.38000000,0.21042000,55
1778702400000000,79630.73000000,79699.07000000,79387.76000000,79450.37000000,0.08882000,30
1778709600000000,79404.80000000,79417.75000000,79264.55000000,79290.66000000,0.01334000,15
1778716800000000,79351.51000000,79621.88000000,79351.51000000,79520.66000000,0.00673000,10
1778724000000000,79630.73000000,79650.36000000,78901.37000000,78901.37000000,0.05622000,33
1778731200000000,79014.76000000,79861.04000000,79014.76000000,79781.06000000,0.03067000,24
1778738400000000,79809.19000000,79861.04000000,79708.93000000,79733.87000000,0.02052000,20
1778745600000000,79716.47000000,79861.04000000,79551.70000000,79551.96000000,0.03574000,33
1778752800000000,79683.20000000,79710.97000000,79276.18000000,79276.18000000,0.01218000,19
1778760000000000,79352.96000000,80013.85000000,79334.70000000,79717.42000000,0.17568000,155
1778767200000000,79652.02000000,81258.54000000,79558.41000000,81258.54000000,3.19440000,488
1778774400000000,81374.41000000,81949.71000000,81149.54000000,81466.18000000,0.27694000,77
1778781600000000,81619.35000000,81925.94000000,81339.32000000,81391.45000000,0.08047000,55
1778788800000000,81483.63000000,81505.16000000,81160.69000000,81394.78000000,0.04647000,38
1778796000000000,81349.78000000,81501.62000000,81000.00000000,81163.07000000,0.64888000,45
1778803200000000,81279.61000000,81554.56000000,81099.39000000,81124.34000000,0.10005000,59
1778810400000000,81076.92000000,81301.43000000,80854.86000000,81014.42000000,0.05733000,38
1778817600000000,80975.79000000,81018.06000000,80323.29000000,80360.95000000,0.05895000,30
1778824800000000,80308.25000000,80765.69000000,80308.25000000,80735.85000000,0.02402000,19
1778832000000000,80704.61000000,80704.61000000,80378.49000000,80446.96000000,0.02635000,19
1778839200000000,80413.61000000,80704.40000000,80413.61000000,80592.74000000,0.08095000,42
1778846400000000,80534.53000000,80534.53000000,78681.01000000,78769.23000000,3.71182000,313
1778853600000000,78742.82000000,79304.01000000,78642.93000000,79102.76000000,0.27818000,107
1778860800000000,79147.26000000,79481.31000000,79130.10000000,79481.31000000,0.02609000,19
1778868000000000,79476.08000000,79476.08000000,79085.47000000,79143.78000000,0.07593000,46
1778875200000000,79188.89000000,79190.25000000,78905.78000000,78970.11000000,0.14300000,69
1778882400000000,79031.62000000,79104.48000000,79012.78000000,79101.61000000,0.07805000,17
1778889600000000,79099.61000000,79171.56000000,78994.64000000,79140.38000000,0.05436000,23
1778896800000000,79098.87000000,79103.46000000,79081.15000000,79081.15000000,0.00205000,3
1778904000000000,79067.08000000,79067.08000000,78765.36000000,78970.13000000,1.06842000,77
1778911200000000,79030.37000000,79030.37000000,77916.39000000,78496.15000000,1.49259000,145
1778918400000000,78358.92000000,78404.94000000,77896.16000000,78064.13000000,0.06418000,41
1778925600000000,78064.13000000,78150.01000000,77716.09000000,78150.01000000,0.02127000,31
1778932800000000,78054.57000000,78062.77000000,77853.93000000,77853.93000000,0.27983000,94
1778940000000000,77908.54000000,78252.99000000,77908.54000000,78252.99000000,0.06323000,17
1778947200000000,78286.72000000,78286.72000000,78178.15000000,78218.78000000,0.01912000,10
1778954400000000,78217.34000000,78263.21000000,78157.95000000,78226.97000000,0.02871000,26
1778961600000000,78254.74000000,78308.74000000,78176.84000000,78236.81000000,0.08526000,18
1778968800000000,78176.84000000,78252.47000000,78123.65000000,78123.65000000,0.01877000,12
1778976000000000,78173.45000000,78202.20000000,77731.36000000,77737.01000000,0.85433000,64
1778983200000000,77733.00000000,78043.10000000,77733.00000000,78043.10000000,0.01037000,11
1778990400000000,78149.79000000,78262.72000000,78149.79000000,78177.68000000,0.01259000,8
1778997600000000,78152.72000000,78152.72000000,78048.42000000,78151.99000000,0.01064000,7
1779004800000000,78141.75000000,78261.16000000,78028.85000000,78261.16000000,0.04066000,16
1779012000000000,78283.82000000,78504.77000000,78283.82000000,78388.42000000,0.04533000,31
1779019200000000,78403.90000000,78507.58000000,78173.72000000,78179.46000000,0.03577000,138
1779026400000000,78179.45000000,78179.45000000,77882.71000000,78033.66000000,0.04997000,158
1779033600000000,78047.88000000,78150.00000000,77799.01000000,78020.01000000,0.04118000,162
1779040800000000,78014.44000000,78447.93000000,78014.44000000,78381.20000000,0.03836000,122
1779048000000000,78410.75000000,78464.40000000,78228.73000000,78399.41000000,0.06792000,186
1779055200000000,78365.31000000,78365.31000000,76728.15000000,77435.48000000,0.25701000,254
1779062400000000,77439.44000000,77446.38000000,76807.22000000,77029.37000000,0.02725000,28
1779069600000000,77140.68000000,77140.68000000,76699.94000000,76878.61000000,0.08104000,38
1779076800000000,76914.42000000,77026.64000000,76548.92000000,76888.71000000,0.20459000,39
1779084000000000,76847.59000000,77019.39000000,76600.01000000,77011.20000000,0.07618000,48
1779091200000000,77029.37000000,77070.54000000,76852.93000000,76939.49000000,0.04508000,24
1779098400000000,76854.63000000,77224.86000000,76690.07000000,77224.86000000,0.63096000,80
1779105600000000,77367.56000000,77699.68000000,76750.98000000,76965.64000000,0.33707000,63
1779112800000000,76807.57000000,76832.15000000,76060.96000000,76364.84000000,0.15420000,83
1779120000000000,76300.00000000,76692.05000000,76237.79000000,76651.16000000,0.22224000,131
1779127200000000,76601.38000000,76923.46000000,76097.25000000,76923.46000000,0.15019000,90
1779134400000000,77020.41000000,77114.98000000,76807.22000000,76918.54000000,0.38597000,312
1779141600000000,77098.52000000,77123.68000000,76918.21000000,77029.37000000,0.00167000,7
1779148800000000,77029.37000000,77160.52000000,76634.98000000,76762.47000000,0.08987000,22
1779156000000000,76586.45000000,76807.22000000,76533.01000000,76732.92000000,0.00569000,20
1779163200000000,76719.00000000,76863.63000000,76660.11000000,76819.43000000,0.05059000,11
1779170400000000,76880.24000000,77197.11000000,76880.24000000,77197.11000000,0.02242000,19
1779177600000000,77139.24000000,77207.21000000,76743.35000000,76743.35000000,0.04973000,27
1779184800000000,76745.68000000,77029.37000000,76693.29000000,76705.62000000,0.06813000,29
1779192000000000,76693.80000000,76985.23000000,76629.32000000,76826.28000000,0.11433000,92
1779199200000000,76796.11000000,76927.23000000,76148.28000000,76423.10000000,0.07092000,245
1779206400000000,76497.40000000,76817.32000000,76439.46000000,76813.59000000,0.05806000,23
1779213600000000,76815.23000000,76953.00000000,76762.84000000,76794.21000000,0.11174000,56
1779220800000000,76887.32000000,77013.80000000,76887.32000000,76976.36000000,0.02396000,13
1779228000000000,76874.48000000,76880.05000000,76690.42000000,76802.87000000,0.01538000,18
1779235200000000,76677.18000000,76696.38000000,76500.00000000,76696.38000000,0.05477000,24
1779242400000000,76740.23000000,76803.28000000,76283.47000000,76583.73000000,0.24203000,24
1779249600000000,76725.56000000,77176.44000000,76700.00000000,77176.44000000,0.02510000,17
1779256800000000,77329.77000000,77331.75000000,77197.73000000,77197.73000000,0.03031000,8
1779264000000000,77197.73000000,77723.18000000,77197.73000000,77403.45000000,0.33377000,51
1779271200000000,77498.45000000,77519.06000000,77363.80000000,77363.80000000,0.05104000,13
1779278400000000,77411.13000000,77658.02000000,76918.21000000,77130.61000000,0.05509000,63
1779285600000000,77092.63000000,77739.63000000,76857.81000000,77363.80000000,0.18137000,73
1779292800000000,77379.68000000,77586.38000000,77123.06000000,77496.31000000,0.02652000,21
1779300000000000,77472.61000000,77649.77000000,77326.74000000,77649.77000000,0.03788000,22
1779307200000000,77544.45000000,77607.98000000,77442.02000000,77531.56000000,0.01933000,8
1779314400000000,77369.44000000,77435.42000000,77252.16000000,77435.42000000,0.02489000,20
1779321600000000,77475.59000000,78037.01000000,77440.99000000,77777.77000000,0.00193000,10
1779328800000000,77760.30000000,77989.85000000,77760.30000000,77944.43000000,0.00773000,7
1779336000000000,78037.01000000,78037.01000000,77650.74000000,77730.96000000,0.04526000,24
1779343200000000,77691.44000000,77835.38000000,77402.37000000,77835.38000000,0.14776000,51
1779350400000000,78037.01000000,78037.01000000,77577.35000000,77577.35000000,0.02914000,26
1779357600000000,77570.49000000,77579.17000000,77096.18000000,77191.90000000,0.02906000,27
1779364800000000,77148.50000000,77280.20000000,76710.60000000,77044.29000000,0.07528000,110
1779372000000000,77087.22000000,77230.00000000,76771.65000000,77175.96000000,0.04923000,76
1779379200000000,77249.52000000,78000.00000000,77053.37000000,77882.07000000,0.15659000,49
1779386400000000,77763.15000000,77811.96000000,77252.16000000,77699.68000000,0.02707000,31
1779393600000000,77696.41000000,77743.39000000,77621.92000000,77621.92000000,0.08073000,41
1779400800000000,77587.55000000,77665.79000000,77532.31000000,77533.47000000,0.03075000,21
1779408000000000,77525.42000000,77529.69000000,77363.80000000,77475.59000000,0.02927000,16
1779415200000000,77636.92000000,77772.41000000,77597.84000000,77766.49000000,0.01587000,10
1779422400000000,77777.56000000,77777.56000000,77424.14000000,77424.14000000,0.00755000,12
1779429600000000,77401.61000000,77427.04000000,77290.55000000,77424.27000000,0.11276000,14
1779436800000000,77384.44000000,77441.24000000,77166.24000000,77185.04000000,0.01543000,18
1779444000000000,77262.65000000,77376.16000000,77154.53000000,77376.16000000,0.03522000,20
1779451200000000,77379.42000000,77508.30000000,77109.46000000,77156.07000000,0.05535000,70
1779458400000000,77110.76000000,77110.76000000,76555.40000000,76734.22000000,0.29675000,141
1779465600000000,76734.22000000,76924.50000000,76734.22000000,76752.08000000,0.04717000,26
1779472800000000,76706.62000000,76792.74000000,75690.19000000,75885.70000000,0.14935000,73
1779480000000000,75867.88000000,76034.72000000,75867.88000000,76013.47000000,2.05619000,124
1779487200000000,75861.79000000,75861.79000000,75378.79000000,75526.33000000,0.11615000,60
1779494400000000,75399.01000000,75425.91000000,75218.86000000,75344.64000000,0.02224000,23
1779501600000000,75427.48000000,75537.94000000,75427.48000000,75537.94000000,0.02549000,13
1779508800000000,75551.00000000,75551.00000000,75431.55000000,75431.55000000,0.06893000,26
1779516000000000,75434.47000000,75437.21000000,74277.25000000,74535.60000000,1.04915000,127
1779523200000000,74573.24000000,74702.15000000,74302.46000000,74637.54000000,2.50005000,212
1779530400000000,74609.27000000,74790.81000000,74609.27000000,74751.14000000,0.07450000,18
1779537600000000,74743.90000000,75258.98000000,74628.44000000,75166.39000000,0.03606000,34
1779544800000000,75119.36000000,75516.81000000,75119.36000000,75470.62000000,0.03122000,23
1779552000000000,75482.00000000,75539.23000000,75369.28000000,75464.66000000,0.04589000,21
1779559200000000,75683.14000000,75903.59000000,75683.14000000,75855.76000000,0.02000000,18
1779566400000000,75912.08000000,77147.02000000,75912.08000000,76681.85000000,0.06348000,48
1779573600000000,76745.96000000,76745.96000000,76425.83000000,76681.39000000,0.00910000,20
1779580800000000,76603.51000000,76843.81000000,76603.51000000,76843.81000000,0.00643000,12
1779588000000000,76857.73000000,76857.73000000,76713.49000000,76739.92000000,0.02644000,6
1779595200000000,76708.60000000,76734.28000000,76603.51000000,76734.28000000,0.07828000,9
1779602400000000,76791.16000000,76962.95000000,76689.59000000,76689.59000000,0.02531000,11
1779609600000000,76857.73000000,76930.42000000,76857.73000000,76930.42000000,0.00192000,4
1779616800000000,76927.37000000,77429.14000000,76927.37000000,77198.39000000,0.79917000,38
1779624000000000,77040.72000000,77053.36000000,76664.31000000,76670.65000000,0.03865000,21
1779631200000000,76615.97000000,76615.97000000,76252.73000000,76290.84000000,0.04907000,23
1779638400000000,76416.76000000,76696.38000000,76416.76000000,76618.52000000,0.01000000,14
1779645600000000,76618.52000000,76700.00000000,76570.18000000,76657.40000000,0.01279000,21
1779652800000000,76690.32000000,76690.32000000,76094.50000000,76117.58000000,0.05229000,33
1779660000000000,76256.71000000,77126.49000000,76256.71000000,77126.49000000,0.06146000,24
1779667200000000,77078.55000000,77195.68000000,76918.21000000,76918.21000000,0.00990000,20
1779674400000000,77140.68000000,77398.93000000,77009.00000000,77009.00000000,0.00076000,7
1779681600000000,77122.67000000,77380.94000000,77052.47000000,77380.94000000,0.01446000,13
1779688800000000,77242.78000000,77387.92000000,77205.19000000,77205.19000000,0.01860000,9
1779696000000000,77316.12000000,77568.98000000,77249.94000000,77550.66000000,0.05516000,30
1779703200000000,77537.14000000,77537.14000000,77331.36000000,77331.36000000,0.13978000,68
1779710400000000,77276.59000000,77370.34000000,77231.35000000,77253.94000000,0.15946000,54
1779717600000000,77284.56000000,77808.47000000,77275.91000000,77561.32000000,0.03833000,68
1779724800000000,77584.33000000,77741.03000000,77391.40000000,77532.63000000,0.27809000,40
1779732000000000,77519.45000000,77598.97000000,77337.95000000,77337.95000000,0.03065000,19
1779739200000000,77414.85000000,77457.41000000,77202.72000000,77283.99000000,0.09580000,25
1779746400000000,77302.85000000,77367.04000000,77000.10000000,77327.27000000,0.05140000,12
1779753600000000,77263.66000000,77263.66000000,76558.36000000,76739.00000000,0.02180000,28
1779760800000000,76691.62000000,76691.62000000,76475.20000000,76500.00000000,0.01469000,18
1779768000000000,76607.84000000,76886.47000000,76435.84000000,76827.71000000,0.22225000,33
1779775200000000,76808.46000000,76954.21000000,76535.78000000,76635.16000000,0.02650000,80
1779782400000000,76635.16000000,76735.09000000,76537.37000000,76575.50000000,0.03116000,136
1779789600000000,76541.36000000,77505.37000000,76496.43000000,77113.61000000,0.15796000,217
1779796800000000,77101.71000000,77158.41000000,76639.45000000,77158.41000000,1.18783000,325
1779804000000000,77390.43000000,77999.99000000,76216.44000000,76474.16000000,0.26435000,287
1779811200000000,76425.11000000,76642.11000000,75812.36000000,75970.02000000,0.57759000,185
1779818400000000,75815.45000000,76144.97000000,75706.05000000,75984.47000000,0.17532000,39
1779825600000000,76034.38000000,76034.38000000,75843.75000000,75843.75000000,0.08679000,18
1779832800000000,75773.28000000,75898.19000000,75661.60000000,75813.78000000,0.03858000,15
1779840000000000,75905.80000000,75925.01000000,75778.49000000,75803.61000000,0.12660000,38
1779847200000000,75788.73000000,75815.45000000,75528.80000000,75582.11000000,0.18204000,61
1779854400000000,75560.86000000,75609.50000000,75256.57000000,75606.80000000,0.14845000,49
1779861600000000,75592.75000000,75851.73000000,75592.75000000,75851.73000000,0.28825000,74
1779868800000000,75884.07000000,75939.06000000,75643.25000000,75834.60000000,0.55550000,80
1779876000000000,75807.94000000,75988.34000000,75677.65000000,75682.66000000,1.21663000,79
1779883200000000,75659.24000000,76035.96000000,74750.00000000,74925.26000000,2.70191000,243
1779890400000000,75081.77000000,75378.79000000,74719.77000000,75150.12000000,0.36013000,103
1779897600000000,75288.91000000,75288.91000000,74680.20000000,74791.61000000,0.15039000,55
1779904800000000,74799.61000000,74973.76000000,74655.39000000,74918.39000000,0.06353000,31
1779912000000000,75074.49000000,75270.01000000,74300.00000000,74409.05000000,0.13370000,112
1779919200000000,74333.40000000,74670.68000000,74052.88000000,74358.79000000,0.69096000,226
1779926400000000,74457.13000000,74490.79000000,74094.55000000,74094.55000000,0.05982000,17
1779933600000000,74113.89000000,74228.80000000,72873.64000000,73182.63000000,1.20049000,238
1779940800000000,73136.06000000,73136.06000000,72604.98000000,72871.93000000,1.03997000,323
1779948000000000,72846.18000000,73401.85000000,72631.78000000,73364.85000000,0.41199000,542
1779955200000000,73392.26000000,73456.59000000,73111.91000000,73444.55000000,0.45146000,548
1779962400000000,73444.55000000,73499.07000000,73195.60000000,73409.60000000,0.99135000,633
1779969600000000,73401.00000000,73482.14000000,72649.02000000,72926.98000000,0.91570000,1455
1779976800000000,72926.98000000,73448.48000000,72500.00000000,72782.23000000,0.55078000,800
1779984000000000,72770.95000000,73561.49000000,72608.16000000,73442.48000000,0.20456000,860
1779991200000000,73416.51000000,73607.03000000,73296.67000000,73296.67000000,0.12531000,272
1779998400000000,73251.72000000,73898.40000000,73152.09000000,73738.30000000,1.35047000,636
1780005600000000,73726.69000000,73849.36000000,73371.31000000,73531.56000000,0.09674000,317
1780012800000000,73547.55000000,73781.35000000,73403.16000000,73526.39000000,0.08432000,555
1780020000000000,73516.34000000,73571.33000000,73127.23000000,73211.63000000,0.14347000,676
1780027200000000,73211.63000000,73600.62000000,73127.22000000,73600.62000000,0.07211000,166
1780034400000000,73571.36000000,73809.63000000,73262.24000000,73262.24000000,0.35171000,188
1780041600000000,73558.77000000,73786.92000000,73553.54000000,73627.03000000,0.10867000,36
1780048800000000,73582.22000000,73611.68000000,73262.66000000,73368.25000000,0.19766000,73
1780056000000000,73381.63000000,73383.37000000,72832.27000000,73014.96000000,0.67429000,120
1780063200000000,73062.88000000,74064.97000000,72425.00000000,73739.38000000,0.84273000,229
1780070400000000,73722.28000000,74235.07000000,73525.00000000,73935.62000000,0.41336000,127
1780077600000000,73897.28000000,73961.28000000,73127.22000000,73537.39000000,0.44834000,86
1780084800000000,73478.25000000,73751.37000000,73394.59000000,73394.59000000,0.04166000,41
1780092000000000,73353.85000000,73477.43000000,73282.72000000,73427.75000000,0.07356000,22
1780099200000000,73435.87000000,73590.01000000,73380.26000000,73590.01000000,0.02782000,20
1780106400000000,73611.83000000,73696.99000000,73460.76000000,73460.76000000,0.01988000,19
1780113600000000,73444.71000000,73482.99000000,73205.26000000,73459.20000000,0.07906000,21
1780120800000000,73550.84000000,73602.91000000,73434.75000000,73434.75000000,0.06280000,34
1780128000000000,73456.37000000,73493.82000000,73440.17000000,73479.21000000,0.02365000,10
1780135200000000,73542.43000000,73576.51000000,73493.06000000,73493.06000000,0.06827000,14
1780142400000000,73519.54000000,73715.56000000,73519.54000000,73690.73000000,0.02829000,20
1780149600000000,73746.02000000,73976.92000000,73746.02000000,73824.62000000,0.03741000,32
1780156800000000,73796.83000000,73926.74000000,73773.24000000,73870.17000000,0.08903000,79
1780164000000000,73910.55000000,73996.09000000,73904.68000000,73941.05000000,0.04142000,30
1780171200000000,73936.59000000,73936.59000000,73848.18000000,73854.04000000,0.01713000,22
1780178400000000,73843.38000000,73898.97000000,73720.45000000,73757.03000000,0.00809000,15
1780185600000000,73796.33000000,74139.79000000,73796.33000000,73959.19000000,0.03097000,18
1780192800000000,73974.56000000,74091.82000000,73803.50000000,74038.47000000,0.01044000,13
1780200000000000,74000.00000000,74078.92000000,73941.08000000,73941.08000000,1.57888000,302
1780207200000000,73922.69000000,73990.13000000,73755.78000000,73776.66000000,0.03712000,20
1780214400000000,73849.31000000,73907.15000000,73703.91000000,73703.91000000,0.06795000,46
1780221600000000,73717.55000000,73871.12000000,73604.16000000,73871.12000000,0.02346000,137
1780228800000000,73841.44000000,73893.32000000,73695.85000000,73756.89000000,0.03459000,111
1780236000000000,73756.89000000,73756.89000000,73394.35000000,73555.02000000,0.17276000,234
1780243200000000,73560.07000000,73613.57000000,73300.05000000,73598.03000000,0.15495000,182
1780250400000000,73603.97000000,73613.13000000,73337.15000000,73480.13000000,0.11059000,281
1780257600000000,73479.32000000,73807.93000000,73479.32000000,73756.54000000,0.08716000,186
1780264800000000,73828.24000000,73976.92000000,73453.70000000,73453.70000000,0.03666000,25
1780272000000000,73680.83000000,73889.89000000,73200.00000000,73200.00000000,0.17047000,86
1780279200000000,73338.73000000,73884.60000000,73338.73000000,73657.13000000,0.02587000,125
1780286400000000,73601.00000000,73601.00000000,73323.87000000,73343.83000000,0.00956000,13
1780293600000000,73237.37000000,73237.37000000,72698.44000000,72744.19000000,0.30905000,102
1780300800000000,72715.35000000,72927.67000000,72546.58000000,72796.09000000,0.66843000,88
1780308000000000,72744.33000000,72783.46000000,72253.62000000,72391.75000000,1.39489000,232
1780315200000000,72412.62000000,72510.91000000,71322.94000000,71626.18000000,2.11103000,565
1780322400000000,71641.50000000,71641.58000000,70965.94000000,71040.22000000,1.10996000,221
1780329600000000,71009.56000000,71683.19000000,70632.82000000,71637.26000000,0.72111000,370
1780336800000000,71532.93000000,71577.70000000,71305.22000000,71494.98000000,0.21617000,369
1780344000000000,71494.42000000,71581.96000000,70908.35000000,70996.04000000,0.45164000,1395
1780351200000000,70978.84000000,71529.71000000,70779.08000000,71362.06000000,0.21678000,621
1780358400000000,71356.95000000,71356.95000000,70600.00000000,70600.00000000,1.41016000,246
1780365600000000,70616.30000000,70913.69000000,70098.89000000,70855.53000000,0.10957000,336
1780372800000000,70870.73000000,70934.56000000,70184.13000000,70184.13000000,0.12623000,297
1780380000000000,70236.66000000,70344.41000000,69668.91000000,70114.40000000,1.08538000,379
1780387200000000,69968.40000000,70008.57000000,69246.55000000,69326.96000000,1.05009000,365
1780394400000000,69296.32000000,69672.02000000,69296.32000000,69428.64000000,0.20895000,343
1780401600000000,69362.45000000,69478.87000000,68691.17000000,68719.55000000,1.20085000,644
1780408800000000,68719.55000000,68746.66000000,66900.00000000,67194.06000000,3.19817000,1376
1780416000000000,67186.81000000,68023.22000000,67109.59000000,67414.74000000,0.47235000,564
1780423200000000,67461.80000000,67544.24000000,66317.77000000,67097.68000000,0.52297000,189
1780430400000000,67200.38000000,67895.68000000,66836.87000000,67549.28000000,0.25281000,76
1780437600000000,67289.70000000,67289.70000000,66134.53000000,66762.38000000,0.38101000,169
1780444800000000,66694.81000000,67087.47000000,66443.48000000,66881.03000000,0.69791000,203
1780452000000000,66870.01000000,66870.01000000,65377.94000000,65744.31000000,1.87346000,266
1780459200000000,65814.37000000,67335.97000000,65814.37000000,67289.51000000,1.46040000,251
1780466400000000,67194.17000000,67328.65000000,66871.96000000,67208.81000000,0.22970000,77
1780473600000000,67144.84000000,67198.01000000,66563.81000000,67011.51000000,9.62671000,1268
1780480800000000,67011.51000000,67357.41000000,67001.57000000,67027.23000000,0.07670000,62
1780488000000000,66900.00000000,67082.92000000,66650.02000000,66691.95000000,0.45100000,124
1780495200000000,66721.15000000,66890.36000000,66000.00000000,66000.00000000,0.50668000,172
1780502400000000,66000.00000000,66284.55000000,65502.23000000,65886.53000000,0.46314000,393
1780509600000000,65911.12000000,66082.26000000,65200.00000000,65392.62000000,0.31972000,294
1780516800000000,65365.63000000,65687.64000000,64704.19000000,65637.99000000,3.14739000,1041
1780524000000000,65550.78000000,65559.82000000,64080.00000000,64080.00000000,0.36726000,124
1780531200000000,64059.46000000,64295.45000000,62188.39000000,62188.39000000,3.46106000,367
1780538400000000,62017.48000000,64402.31000000,61349.73000000,64312.35000000,2.04895000,418
1780545600000000,64294.93000000,64649.89000000,63618.63000000,63933.52000000,2.18139000,238
1780552800000000,63833.21000000,64325.57000000,63325.96000000,63573.01000000,0.84793000,135
1780560000000000,63553.36000000,63711.37000000,62697.17000000,63175.55000000,0.89238000,201
1780567200000000,63031.97000000,63125.60000000,62173.21000000,62493.73000000,0.62226000,469
1780574400000000,62516.69000000,64178.54000000,62374.81000000,64154.60000000,0.51754000,853
1780581600000000,64219.45000000,64464.93000000,63665.68000000,63884.42000000,2.52677000,1413
1780588800000000,63855.94000000,63883.37000000,62888.48000000,63505.27000000,0.84229000,824
1780596000000000,63535.05000000,64063.00000000,63123.02000000,63574.08000000,0.25171000,116
1780603200000000,63499.00000000,63799.14000000,63123.02000000,63364.81000000,0.04689000,45
1780610400000000,63276.78000000,63875.76000000,63193.43000000,63851.44000000,0.59864000,264
1780617600000000,63797.77000000,63928.30000000,63032.71000000,63326.24000000,0.14160000,322
1780624800000000,63344.04000000,63368.46000000,62289.67000000,62666.16000000,0.48054000,640
1780632000000000,62673.07000000,63616.02000000,62275.62000000,62279.59000000,0.16619000,316
1780639200000000,62248.42000000,62936.57000000,61030.67000000,62936.57000000,4.82347000,811
1780646400000000,62936.57000000,63162.08000000,61998.95000000,62842.27000000,1.30628000,157
1780653600000000,62682.06000000,62727.79000000,61937.08000000,61937.08000000,1.07543000,142
1780660800000000,61893.09000000,62310.05000000,60781.83000000,60787.09000000,1.55844000,285
1780668000000000,60743.16000000,61169.17000000,60000.00000000,60471.29000000,2.89645000,399
1780675200000000,60337.44000000,61484.70000000,59799.89000000,60727.11000000,2.87977000,649
1780682400000000,60778.12000000,60866.47000000,59128.59000000,60383.50000000,2.85108000,738
1780689600000000,60373.85000000,61946.94000000,59985.54000000,61610.72000000,0.38465000,224
1780696800000000,61601.36000000,61838.81000000,60800.63000000,61023.20000000,0.23437000,114
1780704000000000,61222.00000000,61389.77000000,60940.00000000,60961.96000000,0.02742000,31
1780711200000000,60950.81000000,61136.25000000,60600.00000000,60702.25000000,0.08031000,62
1780718400000000,60663.94000000,61022.99000000,59500.00000000,60939.77000000,0.61667000,252
1780725600000000,61013.03000000,61219.56000000,60680.36000000,60974.92000000,0.07736000,71
1780732800000000,60946.02000000,61413.43000000,60885.28000000,60986.26000000,0.07380000,49
1780740000000000,60793.75000000,60833.31000000,60181.77000000,60729.12000000,0.82295000,84
1780747200000000,60822.10000000,61104.10000000,60762.61000000,60762.61000000,0.04886000,41
1780754400000000,60738.79000000,60944.73000000,60464.14000000,60812.51000000,0.36271000,74
1780761600000000,60723.31000000,60909.48000000,60468.86000000,60563.86000000,0.36791000,37
1780768800000000,60547.85000000,60700.00000000,60413.82000000,60604.86000000,2.27809000,88
1780776000000000,60522.64000000,60931.81000000,60522.64000000,60845.16000000,0.10999000,27
1780783200000000,60724.50000000,60790.97000000,60431.76000000,60790.97000000,0.04616000,29
1780790400000000,60842.81000000,61602.68000000,60764.99000000,61476.76000000,0.10912000,71
1780797600000000,61346.76000000,61711.78000000,61170.68000000,61577.77000000,0.12253000,78
1780804800000000,61577.77000000,62082.38000000,61577.77000000,61725.69000000,0.08221000,46
1780812000000000,61670.27000000,62281.36000000,61670.27000000,62281.36000000,0.93689000,148
1780819200000000,62392.71000000,62863.28000000,62275.62000000,62531.42000000,0.04731000,54
1780826400000000,62515.55000000,62696.46000000,62277.99000000,62593.99000000,0.12439000,70
1780833600000000,62569.44000000,62620.56000000,61620.56000000,61752.13000000,0.12210000,72
1780840800000000,61732.74000000,62250.16000000,61637.38000000,62060.47000000,0.07913000,49
1780848000000000,62067.84000000,62288.45000000,61997.04000000,62150.88000000,0.08102000,42
1780855200000000,62167.83000000,62220.98000000,61152.86000000,61296.60000000,3.63800000,107
1780862400000000,61284.24000000,61870.83000000,61223.57000000,61754.13000000,0.10757000,47
1780869600000000,61809.44000000,64196.68000000,61809.44000000,63333.01000000,0.55312000,552
1780876800000000,63309.83000000,63814.59000000,62527.10000000,63000.51000000,1.91657000,204
1780884000000000,63098.42000000,63308.23000000,62920.06000000,63100.00000000,0.06445000,24
1780891200000000,62920.00000000,62953.73000000,62446.48000000,62609.42000000,0.04419000,35
1780898400000000,62708.91000000,63283.15000000,62708.91000000,63279.29000000,0.10970000,52
1780905600000000,63236.74000000,63534.66000000,62972.72000000,63467.86000000,0.33309000,421
1780912800000000,63467.86000000,63800.00000000,63054.68000000,63430.44000000,0.18114000,135
1780920000000000,63412.63000000,63875.59000000,62847.76000000,63728.02000000,0.46290000,203
1780927200000000,63734.80000000,64164.04000000,63533.38000000,63743.06000000,1.35099000,405
1780934400000000,63703.50000000,64007.56000000,63254.85000000,63421.51000000,1.67702000,275
1780941600000000,63599.91000000,63601.28000000,63349.57000000,63387.14000000,0.04770000,24
1780948800000000,63363.78000000,63786.10000000,63211.56000000,63786.10000000,0.06036000,31
1780956000000000,63575.80000000,63575.80000000,62955.92000000,62988.21000000,0.13135000,33
1780963200000000,63020.68000000,63111.75000000,62557.09000000,62759.72000000,0.05655000,31
1780970400000000,62764.71000000,62764.71000000,62567.29000000,62762.00000000,0.00269000,6
1780977600000000,62900.62000000,63451.63000000,62793.06000000,63356.56000000,0.13879000,40
1780984800000000,63353.19000000,63453.64000000,62996.62000000,63161.36000000,0.14997000,64
1780992000000000,63161.37000000,63161.37000000,62567.83000000,62669.25000000,0.43100000,83
1780999200000000,62708.42000000,62779.85000000,62532.03000000,62656.19000000,0.15210000,80
1781006400000000,62769.13000000,62773.04000000,62146.82000000,62268.75000000,3.69853000,455
1781013600000000,62265.94000000,62361.70000000,61107.37000000,61107.37000000,0.35231000,147
1781020800000000,61098.90000000,61816.90000000,60761.47000000,61610.42000000,2.12072000,188
1781028000000000,61682.85000000,62060.89000000,61610.42000000,62060.89000000,0.06550000,58
1781035200000000,62071.47000000,62210.41000000,61706.35000000,61746.05000000,0.03448000,141
1781042400000000,61764.26000000,61891.83000000,61570.40000000,61693.45000000,0.07000000,36
1781049600000000,61764.08000000,61914.85000000,61462.11000000,61764.67000000,0.02012000,16
1781056800000000,61764.96000000,61764.96000000,61195.49000000,61463.02000000,0.15368000,125
1781064000000000,61512.98000000,61512.98000000,61116.72000000,61304.04000000,0.06096000,51
1781071200000000,61288.94000000,61717.30000000,61114.68000000,61658.39000000,0.44768000,126
1781078400000000,61577.67000000,61674.15000000,60716.23000000,61342.03000000,0.11588000,66
1781085600000000,61283.20000000,61501.34000000,60843.86000000,61034.70000000,1.14712000,129
1781092800000000,60990.00000000,62372.39000000,60935.71000000,62065.14000000,0.22671000,218
1781100000000000,62110.69000000,62809.62000000,61808.42000000,62600.17000000,0.28448000,330
1781107200000000,62600.17000000,62607.11000000,61639.33000000,61938.07000000,1.09321000,798
1781114400000000,61961.88000000,62103.14000000,61569.65000000,61963.13000000,0.17579000,210
1781121600000000,61903.20000000,61903.20000000,61181.47000000,61273.83000000,0.10231000,165
1781128800000000,61316.87000000,61567.30000000,61097.94000000,61491.14000000,0.07567000,157
1781136000000000,61491.14000000,62333.60000000,61491.14000000,62191.30000000,0.62403000,280
1781143200000000,62190.96000000,62724.79000000,61885.18000000,62630.45000000,0.11928000,391
1781150400000000,62623.88000000,62759.20000000,62473.01000000,62566.07000000,6.84317000,884
1781157600000000,62565.58000000,62883.88000000,62511.27000000,62605.24000000,0.07047000,32
1781164800000000,62693.99000000,62957.05000000,62693.99000000,62860.53000000,0.21967000,46
1781172000000000,62824.03000000,63142.64000000,62745.30000000,63063.38000000,0.08708000,46
1781179200000000,63034.73000000,63139.92000000,62500.00000000,62981.47000000,0.23402000,127
1781186400000000,63007.56000000,63007.56000000,62510.02000000,62608.38000000,0.06958000,62
1781193600000000,62766.23000000,63527.44000000,62290.18000000,63477.38000000,0.49719000,219
1781200800000000,63562.44000000,63815.10000000,63280.64000000,63580.14000000,0.35046000,132
1781208000000000,63538.02000000,63551.28000000,63284.43000000,63476.24000000,0.01831000,24
1781215200000000,63532.04000000,63645.15000000,63337.40000000,63583.45000000,0.11935000,94
1781222400000000,63583.45000000,63742.95000000,63244.94000000,63336.50000000,0.41180000,518
1781229600000000,63349.69000000,63678.14000000,63278.98000000,63427.55000000,0.12192000,321
1781236800000000,63428.65000000,63740.25000000,63197.97000000,63252.78000000,0.22742000,475
1781244000000000,63252.78000000,63298.23000000,62744.47000000,63044.67000000,2.06324000,570
1781251200000000,63046.02000000,63829.02000000,63046.02000000,63676.51000000,0.06742000,51
1781258400000000,63642.27000000,63792.98000000,63554.37000000,63715.00000000,0.44151000,117
1781265600000000,63601.36000000,63628.22000000,63005.44000000,63129.48000000,1.58259000,345
1781272800000000,63174.37000000,64300.31000000,63174.37000000,63553.70000000,0.73682000,146
1781280000000000,63625.26000000,64050.00000000,63625.26000000,63843.93000000,0.18875000,74
1781287200000000,63845.07000000,63896.50000000,63610.03000000,63610.03000000,0.09774000,52
1781294400000000,63587.10000000,63656.75000000,63393.86000000,63518.66000000,0.05714000,48
1781301600000000,63480.25000000,63606.23000000,63440.93000000,63440.93000000,0.07391000,29
1781308800000000,63541.89000000,63818.76000000,63513.78000000,63801.41000000,0.05901000,23
1781316000000000,63757.40000000,63757.68000000,63406.24000000,63495.37000000,0.06521000,63
1781323200000000,63605.78000000,63605.78000000,63495.37000000,63515.13000000,0.01102000,8
1781330400000000,63557.30000000,63865.36000000,63557.30000000,63821.96000000,0.07074000,51
1781337600000000,63752.94000000,63845.07000000,63731.18000000,63752.94000000,0.03634000,16
1781344800000000,63745.93000000,63932.12000000,63745.93000000,63883.24000000,0.03258000,34
1781352000000000,63899.13000000,64225.20000000,63891.29000000,64074.05000000,0.14227000,41
1781359200000000,64123.86000000,64300.00000000,64098.02000000,64209.25000000,0.00710000,14
1781366400000000,64207.82000000,64207.82000000,63937.33000000,63967.50000000,0.07673000,30
1781373600000000,64051.73000000,64291.78000000,64051.73000000,64291.78000000,0.02070000,22
1781380800000000,64274.19000000,64699.54000000,64237.52000000,64436.54000000,0.27676000,64
1781388000000000,64400.65000000,64553.19000000,64388.57000000,64449.44000000,0.01431000,15
1781395200000000,64367.47000000,64664.10000000,64367.47000000,64557.56000000,0.00559000,15
1781402400000000,64557.56000000,64557.56000000,64557.56000000,64557.56000000,0.00000000,0
1781409600000000,64518.08000000,64518.08000000,64300.00000000,64359.55000000,0.03106000,20
1781416800000000,64420.83000000,64439.30000000,64210.24000000,64439.30000000,0.42655000,84
1781424000000000,64478.09000000,64509.59000000,64205.51000000,64509.59000000,0.39707000,51
1781431200000000,64569.79000000,64596.05000000,64433.41000000,64595.41000000,0.01251000,20
1781438400000000,64545.68000000,64549.06000000,64258.96000000,64306.13000000,0.03794000,29
1781445600000000,64279.47000000,64320.25000000,63902.38000000,64035.38000000,0.08432000,49
1781452800000000,64008.77000000,64134.05000000,63692.83000000,63702.61000000,0.03349000,37
1781460000000000,63691.98000000,63808.78000000,63661.83000000,63733.70000000,0.05968000,36
1781467200000000,63797.15000000,65604.44000000,63772.79000000,65301.22000000,0.13667000,208
1781474400000000,65353.45000000,65749.12000000,65012.38000000,65710.64000000,0.11792000,135
1781481600000000,65682.80000000,65863.25000000,65332.31000000,65470.75000000,0.07183000,111
1781488800000000,65451.01000000,65938.87000000,65400.00000000,65878.16000000,0.34523000,124
1781496000000000,65862.00000000,65862.00000000,65605.48000000,65750.68000000,1.20040000,82
1781503200000000,65795.06000000,65922.18000000,65629.75000000,65630.35000000,9.37104000,648
1781510400000000,65701.64000000,65730.86000000,65515.58000000,65564.05000000,0.39189000,44
1781517600000000,65629.00000000,66312.83000000,65629.00000000,66217.75000000,0.42641000,305
1781524800000000,66217.75000000,66931.92000000,66099.55000000,66455.88000000,1.36111000,591
1781532000000000,66441.83000000,67262.89000000,66290.42000000,67246.95000000,0.43750000,401
1781539200000000,67264.28000000,67278.74000000,66674.66000000,66833.23000000,0.19197000,359
1781546400000000,66828.41000000,66904.39000000,66335.36000000,66584.24000000,0.17686000,298
1781553600000000,66596.35000000,66668.35000000,66336.06000000,66366.00000000,0.12444000,266
1781560800000000,66366.00000000,66570.00000000,66096.19000000,66328.22000000,0.20642000,332
1781568000000000,66308.21000000,66454.03000000,66234.80000000,66311.77000000,0.11778000,293
1781575200000000,66310.30000000,66313.05000000,65641.10000000,66143.72000000,0.19136000,453
1781582400000000,66134.40000000,66256.12000000,65790.49000000,66005.37000000,0.15842000,408
1781589600000000,66047.27000000,66509.98000000,66047.27000000,66341.10000000,0.09508000,288
1781596800000000,66383.53000000,66943.24000000,66326.35000000,66481.90000000,0.13136000,348
1781604000000000,66543.03000000,66712.27000000,66288.93000000,66382.66000000,1.15967000,368
1781611200000000,66438.91000000,66759.68000000,65905.94000000,66011.68000000,0.45084000,392
1781618400000000,66079.35000000,66192.88000000,65337.39000000,65837.68000000,0.36817000,474
1781625600000000,65865.39000000,65991.66000000,65686.03000000,65971.00000000,0.10504000,254
1781632800000000,65956.29000000,66183.26000000,65531.53000000,65621.75000000,0.13453000,292
1781640000000000,65617.44000000,65859.05000000,65530.65000000,65744.44000000,4.33224000,256
1781647200000000,65678.38000000,65810.84000000,65621.05000000,65621.05000000,0.02517000,19
1781654400000000,65702.31000000,65812.12000000,65449.36000000,65715.87000000,0.06462000,32
1781661600000000,65854.48000000,66096.85000000,65681.89000000,65786.96000000,0.11872000,67
1781668800000000,65817.76000000,65960.74000000,65704.18000000,65790.86000000,0.01351000,36
1781676000000000,65746.61000000,65821.86000000,65200.00000000,65486.54000000,0.10851000,134
1781683200000000,65463.21000000,65468.49000000,64804.79000000,64855.78000000,0.45291000,165
1781690400000000,64845.34000000,64910.79000000,64500.00000000,64754.36000000,0.07485000,78
1781697600000000,64738.10000000,65336.84000000,64628.57000000,65254.94000000,0.14544000,71
1781704800000000,65189.37000000,65749.48000000,64753.97000000,65736.92000000,0.16435000,204
1781712000000000,65767.00000000,66386.10000000,65711.13000000,66021.92000000,0.11496000,212
1781719200000000,66011.41000000,66011.41000000,64000.00000000,64046.74000000,3.92303000,458
1781726400000000,64216.89000000,64383.12000000,64135.15000000,64186.91000000,0.10466000,78
1781733600000000,64100.00000000,64431.38000000,63900.00000000,64431.38000000,0.05932000,29
1781740800000000,64527.89000000,64901.91000000,64464.43000000,64464.43000000,1.18107000,64
1781748000000000,64464.43000000,64691.20000000,64247.20000000,64262.91000000,0.03281000,20
1781755200000000,64170.60000000,64170.60000000,63644.21000000,63848.90000000,0.11914000,78
1781762400000000,63898.27000000,64417.30000000,63898.27000000,64386.92000000,0.22213000,41
1781769600000000,64386.92000000,64526.44000000,64201.00000000,64201.00000000,0.18272000,84
1781776800000000,64141.31000000,64150.37000000,63883.51000000,63914.75000000,0.04554000,30
1781784000000000,63978.50000000,64356.89000000,63829.33000000,63900.95000000,0.08293000,41
1781791200000000,63754.99000000,64055.29000000,62249.98000000,62293.79000000,0.72123000,144
1781798400000000,62337.18000000,62782.78000000,62231.63000000,62644.88000000,0.17753000,106
1781805600000000,62559.93000000,62966.39000000,62559.93000000,62930.67000000,0.29651000,106
1781812800000000,62913.69000000,63183.44000000,62861.41000000,62912.81000000,0.23875000,87
1781820000000000,62914.27000000,62948.86000000,62722.15000000,62845.45000000,0.09049000,31
1781827200000000,62902.41000000,63020.77000000,62816.50000000,62844.39000000,0.04066000,26
1781834400000000,62981.41000000,63042.34000000,62398.46000000,62734.98000000,0.11929000,95
1781841600000000,62717.33000000,62847.18000000,62358.00000000,62677.88000000,0.03503000,75
1781848800000000,62696.16000000,62880.12000000,62469.40000000,62560.03000000,0.20922000,89
1781856000000000,62583.70000000,62853.75000000,62289.76000000,62373.79000000,0.41642000,82
1781863200000000,62341.54000000,62631.44000000,62341.54000000,62583.07000000,0.44429000,89
1781870400000000,62583.27000000,63353.89000000,62392.71000000,63218.05000000,0.09488000,64
1781877600000000,63179.67000000,63359.93000000,63020.68000000,63202.49000000,0.51775000,66
1781884800000000,63220.86000000,63294.28000000,62897.78000000,63118.75000000,0.02696000,28
1781892000000000,63020.68000000,63110.79000000,62931.44000000,63001.43000000,0.00667000,15
1781899200000000,63053.07000000,63202.95000000,62945.40000000,63079.86000000,0.00966000,9
1781906400000000,63048.55000000,63602.43000000,63048.55000000,63602.43000000,0.04222000,38
1781913600000000,63453.90000000,63660.95000000,63405.00000000,63558.04000000,0.02082000,23
1781920800000000,63517.22000000,63518.43000000,63282.44000000,63461.06000000,0.02897000,61
1781928000000000,63410.00000000,63849.02000000,63367.68000000,63655.53000000,0.05166000,85
1781935200000000,63646.02000000,63782.37000000,63607.40000000,63748.88000000,0.01772000,8
1781942400000000,63569.08000000,63744.27000000,63385.75000000,63725.53000000,0.02507000,23
1781949600000000,63648.31000000,63702.75000000,63573.16000000,63700.00000000,0.05402000,83
1781956800000000,63675.54000000,63691.91000000,63273.48000000,63412.88000000,0.05418000,19
1781964000000000,63337.10000000,64305.96000000,63189.45000000,64064.31000000,0.11702000,104
1781971200000000,64142.46000000,64142.46000000,63729.59000000,63845.07000000,0.15985000,42
1781978400000000,63845.04000000,63926.31000000,63768.14000000,63907.12000000,0.02942000,14
1781985600000000,63929.79000000,64001.50000000,63864.08000000,64001.50000000,0.01413000,11
1781992800000000,63991.45000000,64291.59000000,63991.45000000,64253.33000000,0.01318000,11
1782000000000000,64240.98000000,64244.58000000,64201.00000000,64238.73000000,0.00912000,14
1782007200000000,64227.00000000,64400.65000000,64220.00000000,64370.26000000,0.01235000,13
1782014400000000,64413.70000000,64500.00000000,64307.72000000,64307.72000000,0.00482000,7
1782021600000000,64188.00000000,64240.16000000,64188.00000000,64215.44000000,0.01267000,14
1782028800000000,64154.79000000,64154.79000000,63877.78000000,64083.98000000,0.06402000,24
1782036000000000,64183.91000000,64378.90000000,64076.38000000,64134.45000000,0.15188000,18
1782043200000000,64109.81000000,64151.46000000,63991.42000000,63991.42000000,0.01422000,17
1782050400000000,64085.22000000,64245.02000000,63988.08000000,64245.02000000,0.09039000,24
1782057600000000,64200.01000000,64205.62000000,64071.18000000,64128.68000000,0.02698000,15
1782064800000000,64131.60000000,64201.67000000,63937.33000000,64176.96000000,0.20684000,82
1782072000000000,64087.91000000,64088.46000000,63545.83000000,63881.64000000,0.54295000,30
1782079200000000,63722.59000000,63777.05000000,63263.06000000,63266.03000000,0.03922000,27
1782086400000000,63388.84000000,64733.55000000,63325.35000000,64576.24000000,1.09071000,214
1782093600000000,64590.22000000,64590.22000000,63845.07000000,63897.00000000,0.21959000,508
1782100800000000,63916.67000000,64260.67000000,63799.90000000,64171.55000000,0.04474000,223
1782108000000000,64204.50000000,64308.51000000,63900.00000000,64150.21000000,0.08060000,154
1782115200000000,64164.81000000,64280.19000000,63977.84000000,64067.17000000,0.02028000,126
1782122400000000,64112.61000000,64685.73000000,64007.59000000,64636.23000000,0.09970000,41
1782129600000000,64554.96000000,65546.64000000,64554.96000000,65496.83000000,0.21929000,80
1782136800000000,65583.45000000,65583.45000000,64688.34000000,64762.50000000,0.05441000,159
1782144000000000,64778.36000000,64778.36000000,64391.82000000,64427.02000000,0.08445000,101
1782151200000000,64642.03000000,64659.75000000,64252.23000000,64392.91000000,0.05890000,24
1782158400000000,64563.15000000,64637.69000000,64139.33000000,64250.68000000,0.10903000,116
1782165600000000,64160.68000000,64160.68000000,63821.91000000,63950.74000000,0.03151000,28
1782172800000000,63866.29000000,64174.98000000,63866.29000000,64051.48000000,0.02376000,28
1782180000000000,64080.99000000,64178.69000000,63896.94000000,63916.02000000,0.01061000,30
1782187200000000,63999.07000000,63999.07000000,63329.79000000,63334.21000000,0.53263000,74
1782194400000000,63316.22000000,63316.22000000,62537.00000000,62819.79000000,0.65894000,132
1782201600000000,62814.13000000,62815.34000000,61900.00000000,62336.41000000,0.44233000,86
1782208800000000,62367.08000000,62542.62000000,62231.49000000,62452.66000000,0.18646000,38
1782216000000000,62429.78000000,62459.56000000,61922.84000000,62341.75000000,0.06471000,71
1782223200000000,62517.08000000,62683.23000000,62197.57000000,62214.84000000,0.28992000,91
1782230400000000,62457.70000000,62750.00000000,62283.97000000,62285.79000000,0.06864000,44
1782237600000000,62397.02000000,62397.77000000,62065.63000000,62327.77000000,0.06465000,39
1782244800000000,62452.70000000,62573.52000000,62407.55000000,62573.52000000,0.05221000,19
1782252000000000,62618.22000000,62706.66000000,62457.04000000,62602.65000000,0.04492000,11
1782259200000000,62692.07000000,63049.70000000,62692.07000000,62910.93000000,0.05280000,26
1782266400000000,62745.30000000,62751.75000000,62402.72000000,62657.38000000,0.04240000,76
1782273600000000,62661.65000000,62964.27000000,62456.36000000,62778.54000000,0.22123000,123
1782280800000000,62811.40000000,62950.55000000,62545.52000000,62570.08000000,0.28058000,87
1782288000000000,62588.51000000,62709.70000000,62545.59000000,62604.85000000,0.02002000,18
1782295200000000,62589.35000000,63130.91000000,62278.21000000,62825.17000000,0.28590000,88
1782302400000000,62713.11000000,62746.34000000,61246.78000000,61246.78000000,0.48111000,146
1782309600000000,61255.76000000,61360.27000000,60194.01000000,60204.97000000,1.66797000,333
1782316800000000,60284.18000000,60579.11000000,59062.81000000,59269.28000000,2.85301000,366
1782324000000000,59385.95000000,59911.78000000,59361.71000000,59911.78000000,0.29015000,71
1782331200000000,59820.23000000,61097.62000000,59820.23000000,60959.05000000,0.40758000,87
1782338400000000,61123.99000000,61154.55000000,60749.08000000,60954.69000000,0.05818000,25
1782345600000000,61023.20000000,61040.63000000,60684.62000000,60848.19000000,0.05066000,40
1782352800000000,60808.58000000,61042.02000000,60592.98000000,60697.00000000,0.72301000,82
1782360000000000,60778.82000000,61704.61000000,60710.38000000,61523.52000000,0.41215000,161
1782367200000000,61652.50000000,61843.40000000,61538.05000000,61766.85000000,0.04713000,139
1782374400000000,61826.90000000,61826.90000000,61626.55000000,61672.59000000,0.09856000,33
1782381600000000,61635.80000000,61642.62000000,61132.57000000,61209.64000000,0.08181000,31
1782388800000000,61275.60000000,61612.68000000,58100.00000000,58181.10000000,1.89424000,380
1782396000000000,58210.19000000,60328.87000000,58210.19000000,59554.86000000,1.26843000,448
1782403200000000,59487.48000000,59880.77000000,59129.93000000,59583.45000000,0.21168000,83
1782410400000000,59608.21000000,59659.39000000,59140.29000000,59250.38000000,0.62815000,84
1782417600000000,59435.07000000,60150.30000000,59275.23000000,60140.12000000,0.26120000,39
1782424800000000,60071.92000000,60071.92000000,59726.67000000,59744.60000000,0.02907000,11
1782432000000000,59677.43000000,59724.77000000,59177.08000000,59327.79000000,0.04057000,13
1782439200000000,59302.22000000,59844.44000000,58326.05000000,59844.44000000,0.28891000,131
1782446400000000,59907.63000000,60110.57000000,59747.41000000,59788.68000000,0.02999000,30
1782453600000000,59659.33000000,60595.33000000,59621.72000000,60477.66000000,0.13887000,52
1782460800000000,60441.52000000,60441.52000000,59611.82000000,59697.13000000,0.04567000,26
1782468000000000,59711.02000000,59751.59000000,59226.49000000,59355.63000000,0.60469000,272
1782475200000000,59375.29000000,60124.22000000,58508.06000000,60111.63000000,0.99851000,863
1782482400000000,60065.73000000,60436.94000000,59369.25000000,60271.30000000,0.24182000,325
1782489600000000,60292.69000000,60500.00000000,59908.08000000,59974.81000000,0.35049000,269
1782496800000000,59995.42000000,60102.08000000,59530.41000000,59704.61000000,0.96237000,335
1782504000000000,59708.77000000,60003.00000000,59533.34000000,59894.56000000,0.08285000,166
1782511200000000,59861.62000000,60075.47000000,59709.54000000,60055.95000000,0.03155000,131
1782518400000000,60063.44000000,60132.03000000,59858.59000000,59922.79000000,0.02595000,130
1782525600000000,59892.05000000,60319.79000000,59880.58000000,60262.41000000,0.23234000,183
1782532800000000,60257.81000000,60372.37000000,60169.97000000,60169.97000000,0.11203000,27
1782540000000000,60105.07000000,60463.96000000,60042.69000000,60463.96000000,0.43627000,39
1782547200000000,60410.66000000,60410.66000000,60242.74000000,60357.13000000,0.01453000,7
1782554400000000,60322.82000000,60381.73000000,60143.28000000,60306.65000000,0.05342000,32
1782561600000000,60277.64000000,60579.53000000,60229.61000000,60579.53000000,0.07124000,22
1782568800000000,60523.35000000,60800.86000000,60523.35000000,60782.51000000,0.04095000,23
1782576000000000,60610.81000000,60610.81000000,60430.22000000,60465.88000000,0.03182000,11
1782583200000000,60422.77000000,60539.67000000,60087.93000000,60092.62000000,0.03735000,16
1782590400000000,60186.37000000,60349.17000000,60079.84000000,60138.01000000,0.06084000,14
1782597600000000,60001.22000000,60132.63000000,59828.18000000,59933.61000000,0.02005000,15
1782604800000000,60023.33000000,60192.52000000,60023.33000000,60153.22000000,0.00169000,5
1782612000000000,60194.51000000,60194.51000000,60194.51000000,60194.51000000,0.00024000,1
1782619200000000,60128.59000000,60128.59000000,59741.85000000,59871.77000000,0.18255000,16
1782626400000000,59917.06000000,60190.13000000,59905.17000000,60146.43000000,0.05084000,12
1782633600000000,60433.32000000,60433.32000000,60227.84000000,60227.84000000,0.17097000,18
1782640800000000,60174.76000000,60256.51000000,60013.32000000,60233.83000000,0.08065000,24
1782648000000000,60186.61000000,60348.81000000,59917.06000000,60010.13000000,0.02846000,17
1782655200000000,60103.19000000,60103.19000000,59775.26000000,59775.26000000,0.02860000,22
1782662400000000,59823.92000000,59823.92000000,59397.76000000,59553.07000000,0.04023000,20
1782669600000000,59569.56000000,59603.03000000,59275.35000000,59275.35000000,0.07632000,26
1782676800000000,59483.59000000,59799.22000000,59276.14000000,59337.46000000,0.43789000,43
1782684000000000,59483.60000000,59777.54000000,58970.44000000,59699.77000000,0.21935000,65
1782691200000000,59483.60000000,59620.58000000,58970.44000000,59456.72000000,0.37267000,82
1782698400000000,58879.80000000,60021.55000000,58879.80000000,59829.53000000,0.00433000,29
1782705600000000,59848.70000000,59914.64000000,59312.05000000,59914.64000000,0.15755000,38
1782712800000000,60058.42000000,60200.00000000,59876.05000000,60002.59000000,0.12051000,33
1782720000000000,59828.18000000,60009.56000000,59759.56000000,60006.93000000,0.01492000,67
1782727200000000,60044.47000000,60260.53000000,59828.18000000,59876.89000000,0.08151000,105
1782734400000000,59914.64000000,60668.74000000,59307.18000000,59400.55000000,0.10439000,102
1782741600000000,59353.61000000,59846.84000000,58954.84000000,59846.84000000,0.23719000,63
1782748800000000,59720.81000000,60545.38000000,59585.01000000,60410.80000000,0.07640000,27
1782756000000000,60311.20000000,60478.40000000,60104.33000000,60371.85000000,0.12311000,127
1782763200000000,60404.16000000,60522.00000000,60206.01000000,60415.47000000,0.07032000,167
1782770400000000,60415.21000000,60459.06000000,60205.15000000,60205.15000000,0.01308000,38
1782777600000000,60092.16000000,60092.16000000,59714.88000000,59814.07000000,0.04098000,8
1782784800000000,59739.70000000,59913.00000000,59710.24000000,59879.69000000,0.03675000,11
1782792000000000,59532.08000000,59532.08000000,59304.83000000,59464.22000000,0.56416000,69
1782799200000000,59450.75000000,59486.89000000,59380.98000000,59454.82000000,0.17595000,126
1782806400000000,59473.60000000,59473.60000000,59165.73000000,59237.54000000,0.05141000,22
1782813600000000,59319.05000000,59328.35000000,59083.13000000,59098.67000000,0.16183000,93
1782820800000000,59026.94000000,59026.94000000,58190.58000000,58554.13000000,2.74484000,428
1782828000000000,58580.61000000,59084.78000000,58104.76000000,58305.72000000,0.72510000,212
1782835200000000,58360.91000000,58484.46000000,58197.49000000,58271.42000000,1.71797000,144
1782842400000000,58349.03000000,58714.97000000,58332.26000000,58675.53000000,0.09973000,33
1782849600000000,58673.17000000,58751.31000000,58486.44000000,58486.44000000,0.03848000,16
1782856800000000,58456.68000000,58544.42000000,58456.68000000,58537.38000000,0.02461000,15
1782864000000000,58411.46000000,58863.22000000,57756.64000000,58760.40000000,1.63917000,169
1782871200000000,58860.07000000,59219.29000000,58790.88000000,59127.68000000,0.34703000,225
1782878400000000,59094.85000000,59328.16000000,59001.45000000,59103.20000000,0.22041000,141
1782885600000000,59058.59000000,59058.59000000,58484.05000000,58637.00000000,0.07280000,33
1782892800000000,58637.00000000,58895.98000000,58488.37000000,58895.98000000,0.21460000,49
1782900000000000,58868.69000000,58869.68000000,58546.19000000,58546.19000000,0.06979000,39
1782907200000000,58550.09000000,59405.08000000,58251.23000000,59401.83000000,0.64056000,157
1782914400000000,59371.28000000,60459.41000000,59239.37000000,60139.57000000,0.32602000,186
1782921600000000,60115.29000000,60196.99000000,59740.55000000,60138.38000000,0.07831000,164
1782928800000000,60137.35000000,60304.17000000,59980.47000000,60009.21000000,0.04475000,138
1782936000000000,60015.21000000,64912.53000000,59843.51000000,60765.76000000,0.49457000,261
1782943200000000,60780.51000000,61213.74000000,59947.63000000,59947.97000000,0.44475000,77
1782950400000000,59884.55000000,60219.99000000,59597.28000000,60211.57000000,0.01022000,12
1782957600000000,60107.63000000,61022.92000000,60018.54000000,61022.92000000,0.02402000,17
1782964800000000,60991.75000000,60998.04000000,60404.53000000,60404.53000000,0.06126000,21
1782972000000000,60400.82000000,60520.58000000,60074.25000000,60094.00000000,0.03442000,17
1782979200000000,60131.63000000,61337.29000000,60131.63000000,61098.93000000,0.23976000,106
1782986400000000,61031.85000000,61257.61000000,60999.01000000,61128.65000000,0.29359000,40
1782993600000000,61317.74000000,61967.65000000,61146.09000000,61885.65000000,0.26105000,364
1783000800000000,61964.24000000,62121.88000000,61380.66000000,61570.20000000,0.24933000,341
1783008000000000,61614.76000000,61859.62000000,61091.11000000,61592.44000000,0.14230000,232
1783015200000000,61610.52000000,61783.64000000,61416.21000000,61506.37000000,0.09684000,144
1783022400000000,61381.28000000,61523.74000000,61320.62000000,61523.74000000,0.04805000,14
1783029600000000,61478.86000000,61478.86000000,61303.04000000,61315.27000000,0.06026000,24
1783036800000000,61435.56000000,61643.58000000,61253.85000000,61596.67000000,0.08748000,28
1783044000000000,61462.11000000,61462.11000000,61243.47000000,61376.77000000,0.04169000,22
1783051200000000,61376.77000000,61718.37000000,61339.31000000,61622.64000000,0.13459000,50
1783058400000000,61680.46000000,61808.08000000,61590.86000000,61749.47000000,0.05461000,14
1783065600000000,61704.20000000,61809.44000000,61462.11000000,61693.45000000,0.13655000,53
1783072800000000,61682.78000000,62027.53000000,61618.06000000,61999.61000000,0.11610000,47
1783080000000000,62101.23000000,62211.86000000,61928.22000000,62073.74000000,0.08132000,23
1783087200000000,61670.27000000,62318.50000000,61670.27000000,61899.07000000,0.14954000,109
1783094400000000,61926.53000000,62196.83000000,61894.36000000,62189.98000000,0.05973000,82
1783101600000000,62157.54000000,62245.81000000,62117.16000000,62210.53000000,0.13363000,23
1783108800000000,62262.90000000,62832.53000000,62262.90000000,62756.76000000,0.41714000,88
1783116000000000,62719.44000000,62719.44000000,62545.07000000,62551.89000000,0.03413000,14
1783123200000000,62617.54000000,62873.48000000,62386.85000000,62492.90000000,0.03149000,24
1783130400000000,62490.69000000,62657.70000000,62490.00000000,62652.34000000,0.03032000,8
1783137600000000,62572.72000000,62650.76000000,62422.91000000,62422.91000000,0.04461000,12
1783144800000000,62399.77000000,62544.68000000,62352.18000000,62544.68000000,0.06819000,15
1783152000000000,62533.61000000,62596.45000000,62411.54000000,62456.35000000,0.05625000,25
1783159200000000,62449.13000000,62513.14000000,62387.65000000,62467.43000000,0.01586000,8
1783166400000000,62507.11000000,62707.19000000,62507.11000000,62558.75000000,0.01631000,33
1783173600000000,62558.75000000,63000.79000000,62558.75000000,62840.84000000,0.13697000,110
1783180800000000,62840.84000000,63363.17000000,62795.62000000,63300.92000000,0.02807000,29
1783188000000000,63242.95000000,63294.28000000,63086.11000000,63287.66000000,0.01358000,18
1783195200000000,63320.10000000,63327.58000000,63209.08000000,63299.72000000,0.02090000,12
1783202400000000,63262.67000000,63262.67000000,62974.43000000,63147.98000000,0.02108000,16
1783209600000000,63020.68000000,63020.68000000,62823.51000000,62823.51000000,0.01114000,9
1783216800000000,62731.46000000,62748.25000000,62567.29000000,62567.29000000,0.00066000,3
1783224000000000,62838.93000000,62838.93000000,62733.76000000,62733.76000000,0.00636000,6
1783231200000000,62759.90000000,62929.74000000,62728.90000000,62929.74000000,0.01393000,18
1783238400000000,63039.77000000,63039.77000000,62477.00000000,62584.63000000,0.38674000,80
1783245600000000,62559.53000000,62709.14000000,62559.53000000,62638.36000000,0.05510000,11
1783252800000000,62567.29000000,62698.75000000,62567.29000000,62694.48000000,0.01538000,9
1783260000000000,62702.93000000,62906.87000000,62675.57000000,62684.66000000,0.11541000,38
1783267200000000,62687.68000000,62722.70000000,62555.39000000,62560.06000000,1.03174000,51
1783274400000000,62567.29000000,62802.04000000,62567.29000000,62748.25000000,0.01916000,14
1783281600000000,62785.50000000,63111.75000000,62614.66000000,63111.75000000,0.03305000,19
1783288800000000,63020.68000000,63890.62000000,63020.68000000,63569.08000000,0.30264000,80
1783296000000000,63554.93000000,63845.07000000,63385.75000000,63569.08000000,0.02738000,17
1783303200000000,63584.91000000,63584.91000000,63138.81000000,63205.34000000,0.03555000,12
1783310400000000,63294.28000000,63294.28000000,62925.81000000,63058.29000000,0.19481000,35
1783317600000000,63028.07000000,63064.59000000,62940.74000000,63064.59000000,0.00855000,8
1783324800000000,63111.75000000,63111.75000000,62583.21000000,62616.97000000,0.04425000,187
1783332000000000,62616.97000000,62929.74000000,62438.22000000,62489.27000000,0.44772000,98
1783339200000000,62386.85000000,62386.85000000,61047.53000000,61910.22000000,1.47504000,191
1783346400000000,61800.75000000,63479.75000000,61729.95000000,63479.75000000,0.18963000,90
1783353600000000,63500.00000000,63916.64000000,63370.01000000,63554.41000000,0.40485000,145
1783360800000000,63554.10000000,63800.00000000,63521.48000000,63704.44000000,0.09784000,29
1783368000000000,63596.01000000,64651.34000000,63541.09000000,64391.67000000,0.49392000,182
1783375200000000,64308.87000000,64420.38000000,64044.22000000,64044.22000000,0.09383000,25
1783382400000000,64025.95000000,64262.35000000,63745.52000000,63838.57000000,0.17922000,51
1783389600000000,63761.94000000,63761.94000000,63228.43000000,63294.56000000,0.07270000,23
1783396800000000,63111.30000000,63221.35000000,62857.33000000,62857.33000000,0.06139000,20
1783404000000000,63059.05000000,63284.62000000,63059.05000000,63105.00000000,2.62011000,135
1783411200000000,62995.21000000,63200.00000000,62995.21000000,63200.00000000,0.01617000,6
1783418400000000,63221.09000000,63395.77000000,63146.26000000,63364.11000000,0.21291000,50
1783425600000000,63362.11000000,63782.88000000,62978.91000000,63042.72000000,0.05110000,88
1783432800000000,62834.04000000,64014.84000000,62691.91000000,63935.08000000,0.21751000,90
1783440000000000,63863.81000000,64175.73000000,63773.92000000,64099.37000000,0.12993000,58
1783447200000000,64055.29000000,64055.29000000,63344.29000000,63815.10000000,0.65159000,110
1783454400000000,63807.66000000,63815.10000000,63337.40000000,63450.95000000,0.02792000,18
1783461600000000,63378.61000000,63660.95000000,63378.61000000,63536.31000000,0.02749000,19
1783468800000000,63342.08000000,63703.61000000,62891.79000000,63020.68000000,0.17305000,55
1783476000000000,62838.93000000,63050.74000000,62464.22000000,62702.06000000,1.24454000,187
1783483200000000,62779.18000000,62779.18000000,62528.75000000,62557.49000000,0.30203000,36
1783490400000000,62537.73000000,62819.94000000,62450.95000000,62733.32000000,0.05423000,14
1783497600000000,62789.99000000,62794.63000000,61753.57000000,62065.04000000,0.08692000,56
1783504800000000,61940.72000000,62254.33000000,61839.01000000,62254.33000000,0.07503000,31
1783512000000000,62239.83000000,62348.34000000,61777.21000000,61777.21000000,0.04792000,30
1783519200000000,61922.54000000,62061.53000000,61544.66000000,61678.36000000,0.36565000,101
1783526400000000,61662.20000000,62350.89000000,61662.20000000,62072.46000000,0.17201000,83
1783533600000000,62063.26000000,62258.23000000,62031.61000000,62171.68000000,0.06884000,40
1783540800000000,62246.36000000,62246.36000000,61900.00000000,62158.74000000,0.05602000,26
1783548000000000,62252.41000000,62290.67000000,62189.57000000,62189.57000000,0.00748000,9
1783555200000000,62122.24000000,62534.54000000,61925.66000000,61925.66000000,0.01405000,12
1783562400000000,61809.44000000,62022.10000000,61780.97000000,61938.02000000,0.12255000,23
1783569600000000,61913.99000000,62541.00000000,61913.99000000,62389.00000000,0.19724000,46
1783576800000000,62541.00000000,63132.89000000,62449.64000000,63020.68000000,0.19577000,58
1783584000000000,62902.53000000,62994.54000000,62838.93000000,62838.93000000,0.01011000,9
1783591200000000,62888.00000000,62888.00000000,62567.29000000,62748.25000000,0.14992000,36
1783598400000000,62656.77000000,63111.75000000,62442.11000000,62977.05000000,0.50475000,168
1783605600000000,62937.89000000,63174.78000000,62645.76000000,62830.94000000,0.06549000,81
1783612800000000,62857.94000000,63100.00000000,62524.96000000,63100.00000000,0.12274000,105
1783620000000000,63130.58000000,63333.34000000,63050.85000000,63178.16000000,0.17856000,45
1783627200000000,63150.42000000,63343.37000000,63150.42000000,63231.31000000,0.08064000,23
1783634400000000,63222.48000000,63320.85000000,63128.93000000,63128.93000000,0.03033000,6
1783641600000000,63128.93000000,63936.85000000,62934.17000000,63678.32000000,0.08613000,36
1783648800000000,63705.54000000,63900.00000000,63705.54000000,63900.00000000,0.06120000,21
1783656000000000,63930.51000000,64123.23000000,63869.28000000,64121.89000000,0.10908000,8
1783663200000000,64085.33000000,64085.61000000,63799.68000000,63914.38000000,0.06471000,13
1783670400000000,63994.63000000,64367.56000000,63978.82000000,64360.03000000,0.26259000,42
1783677600000000,64310.06000000,64421.62000000,64238.68000000,64312.60000000,0.21446000,123
1783684800000000,64360.75000000,64544.28000000,64116.62000000,64544.28000000,0.18079000,61
1783692000000000,64473.54000000,64473.54000000,63777.30000000,63949.16000000,0.08022000,72
1783699200000000,63943.86000000,64048.24000000,63859.05000000,63859.05000000,0.03045000,14
1783706400000000,63916.02000000,64024.33000000,63752.94000000,63890.93000000,0.03323000,16
1783713600000000,63876.76000000,64055.61000000,63696.77000000,63976.27000000,0.07260000,42
1783720800000000,63976.27000000,64188.40000000,63976.27000000,64153.48000000,0.03919000,19
1783728000000000,64104.82000000,64214.92000000,63998.83000000,64028.29000000,0.06398000,20
1783735200000000,63976.27000000,64156.57000000,63976.27000000,64156.57000000,0.08040000,12
1783742400000000,64111.33000000,64178.64000000,64111.33000000,64129.03000000,1.75647000,66
1783749600000000,64157.13000000,64222.11000000,64110.88000000,64110.88000000,0.02602000,14
1783756800000000,64213.37000000,64259.58000000,64122.26000000,64139.46000000,0.02198000,22
1783764000000000,64124.68000000,64184.93000000,64111.28000000,64161.12000000,0.01923000,10
1783771200000000,64161.11000000,64214.92000000,64109.72000000,64214.92000000,0.11266000,24
1783778400000000,64217.52000000,64430.18000000,63937.33000000,64145.93000000,0.19608000,139
1783785600000000,64157.75000000,64360.66000000,64080.35000000,64360.66000000,0.21007000,142
1783792800000000,64287.59000000,64317.61000000,64179.36000000,64179.36000000,0.05167000,11
1783800000000000,64245.83000000,64350.76000000,64245.83000000,64350.76000000,0.01020000,8
1783807200000000,64350.76000000,64350.76000000,63801.87000000,63801.87000000,0.08900000,9
1783814400000000,63887.35000000,64119.16000000,63704.73000000,64119.16000000,0.04849000,19
1783821600000000,64061.11000000,64182.08000000,64048.76000000,64182.08000000,0.00393000,7
1783828800000000,64120.14000000,64120.14000000,63949.46000000,63949.46000000,0.01368000,7
1783836000000000,63684.21000000,63848.47000000,63684.21000000,63848.47000000,0.00490000,5
1783843200000000,63978.21000000,63998.14000000,63826.63000000,63826.63000000,0.05240000,10
1783850400000000,63844.98000000,64002.99000000,63790.59000000,64002.99000000,0.00508000,8
1783857600000000,63994.26000000,64036.82000000,63965.83000000,64032.86000000,0.29338000,50
1783864800000000,64006.09000000,64214.92000000,63937.33000000,64143.61000000,0.02227000,23
1783872000000000,64155.89000000,64185.71000000,64066.67000000,64066.67000000,0.02481000,14
1783879200000000,64000.01000000,64214.92000000,64000.01000000,64214.92000000,0.00937000,14
1783886400000000,64169.11000000,64204.42000000,63881.47000000,63902.03000000,0.09208000,29
1783893600000000,63845.07000000,63845.07000000,63735.76000000,63751.77000000,0.01135000,13
1783900800000000,63845.07000000,64307.72000000,63421.05000000,63421.05000000,0.17337000,144
1783908000000000,63366.79000000,63485.85000000,62724.90000000,62820.51000000,0.04939000,92
1783915200000000,62691.05000000,62830.91000000,62500.00000000,62750.12000000,0.19239000,39
1783922400000000,62823.09000000,62980.03000000,62818.19000000,62980.03000000,0.03502000,16
1783929600000000,62975.74000000,63218.53000000,62896.96000000,63050.37000000,0.31076000,41
1783936800000000,63047.61000000,63063.89000000,62882.94000000,62981.47000000,0.07022000,25
1783944000000000,62852.82000000,62852.82000000,62251.95000000,62251.95000000,0.12442000,35
1783951200000000,62251.95000000,62863.28000000,62105.26000000,62745.30000000,0.18658000,43
1783958400000000,62389.05000000,62389.05000000,61851.80000000,61851.80000000,0.06341000,25
1783965600000000,61842.10000000,62225.98000000,61809.44000000,62225.98000000,0.01674000,17
1783972800000000,62266.71000000,62266.71000000,61847.16000000,61882.59000000,0.06315000,17
1783980000000000,61984.20000000,62294.55000000,61840.31000000,62294.55000000,0.02781000,15
1783987200000000,62392.71000000,62550.79000000,62364.28000000,62416.32000000,0.02322000,12
1783994400000000,62477.00000000,62477.00000000,62333.25000000,62447.82000000,0.00161000,4
1784001600000000,62500.00000000,62723.07000000,62500.00000000,62658.42000000,0.04463000,20
1784008800000000,62633.00000000,62639.84000000,62477.00000000,62516.40000000,0.01480000,8
1784016000000000,62432.56000000,62660.25000000,62432.56000000,62544.70000000,0.03450000,13
1784023200000000,62651.41000000,62814.37000000,62651.41000000,62789.53000000,0.04237000,10
1784030400000000,62737.96000000,64068.93000000,62737.96000000,63776.89000000,0.61907000,160
1784037600000000,63797.24000000,64852.81000000,63535.40000000,64581.12000000,0.27411000,87
1784044800000000,64730.59000000,64852.81000000,64239.44000000,64489.41000000,0.08419000,123
1784052000000000,64476.27000000,64607.38000000,64476.27000000,64607.38000000,0.04195000,32
1784059200000000,64488.69000000,64670.26000000,64400.68000000,64660.21000000,0.44712000,80
1784066400000000,64603.08000000,65059.15000000,64519.79000000,64989.03000000,0.44623000,129
1784073600000000,64966.52000000,64966.52000000,64622.47000000,64622.47000000,0.02100000,16
1784080800000000,64625.89000000,64749.19000000,64483.01000000,64749.19000000,0.06629000,17
1784088000000000,64716.60000000,64907.38000000,64607.10000000,64907.38000000,0.12160000,13
1784095200000000,64995.09000000,65189.05000000,64464.07000000,64536.39000000,0.22083000,41
1784102400000000,64568.67000000,64852.56000000,64532.08000000,64625.30000000,0.01458000,56
1784109600000000,64671.09000000,64801.37000000,64583.16000000,64690.45000000,0.04344000,131
1784116800000000,64697.39000000,65447.37000000,64602.10000000,64903.14000000,2.36820000,312
1784124000000000,65147.42000000,65500.00000000,65147.42000000,65432.44000000,0.12317000,54
1784131200000000,65286.36000000,65286.36000000,64773.72000000,65107.63000000,0.83751000,202
1784138400000000,65096.03000000,65096.03000000,64791.98000000,64973.69000000,0.20265000,32
1784145600000000,64934.52000000,65007.62000000,64803.93000000,64803.93000000,0.01404000,12
1784152800000000,64773.72000000,64909.96000000,64685.84000000,64739.89000000,0.24075000,16
1784160000000000,64726.85000000,64803.44000000,64366.21000000,64680.25000000,0.17763000,27
1784167200000000,64680.25000000,64680.25000000,64554.83000000,64554.83000000,0.00313000,6
1784174400000000,64576.31000000,64921.59000000,64533.82000000,64876.30000000,0.05729000,60
1784181600000000,64857.83000000,64857.83000000,64014.64000000,64202.81000000,0.12416000,372
1784188800000000,64199.36000000,64311.54000000,63862.14000000,64044.93000000,0.10802000,518
1784196000000000,64055.83000000,64227.57000000,64045.28000000,64220.56000000,0.11080000,249
1784203200000000,64214.08000000,64415.69000000,63811.61000000,64354.34000000,0.14298000,215
1784210400000000,64414.15000000,64800.76000000,64340.43000000,64683.69000000,0.03179000,70
1784217600000000,64552.66000000,64555.93000000,64000.00000000,64000.00000000,1.38805000,120
1784224800000000,64077.67000000,64250.22000000,64017.11000000,64220.61000000,0.11120000,46
1784232000000000,64160.44000000,64212.45000000,64092.41000000,64105.87000000,0.02256000,16
1784239200000000,64148.31000000,64148.31000000,63731.53000000,63845.07000000,0.06601000,25
1784246400000000,63752.94000000,63983.40000000,63458.73000000,63512.07000000,0.22940000,68
1784253600000000,63540.30000000,63613.22000000,63342.32000000,63576.78000000,0.06804000,128
1784260800000000,63501.29000000,63502.44000000,62813.62000000,62814.48000000,0.16373000,57
1784268000000000,62761.28000000,62905.79000000,62629.71000000,62836.00000000,0.38270000,35
1784275200000000,62745.31000000,62947.03000000,62627.55000000,62947.03000000,0.21189000,40
1784282400000000,63064.70000000,63234.70000000,63037.87000000,63234.70000000,0.03542000,21
1784289600000000,63270.56000000,63278.21000000,62593.01000000,63099.89000000,0.16208000,50
1784296800000000,63218.53000000,63449.57000000,62931.19000000,63357.02000000,2.11351000,226
1784304000000000,63354.49000000,64003.70000000,63337.40000000,63903.84000000,0.06698000,34
1784311200000000,64016.43000000,64314.09000000,63889.37000000,64148.76000000,0.06671000,38
1784318400000000,64055.29000000,64182.82000000,63938.66000000,64060.30000000,0.25752000,56
1784325600000000,63987.65000000,63987.65000000,63901.26000000,63910.35000000,0.00480000,8
1784332800000000,63852.78000000,63938.60000000,63852.78000000,63938.60000000,0.00508000,4
1784340000000000,63908.84000000,63983.87000000,63908.84000000,63917.76000000,0.04243000,8
1784347200000000,63955.21000000,63955.21000000,63911.29000000,63941.39000000,0.07201000,20
1784354400000000,63940.74000000,63984.00000000,63898.38000000,63969.19000000,0.13274000,18
1784361600000000,63968.55000000,63968.55000000,63897.87000000,63950.11000000,0.12234000,40
1784368800000000,63955.88000000,64029.00000000,63955.88000000,64029.00000000,0.08640000,21
1784376000000000,64051.16000000,64195.85000000,63935.08000000,64016.82000000,0.12036000,39
1784383200000000,64117.56000000,64142.60000000,64029.73000000,64117.41000000,0.13732000,90
1784390400000000,64050.42000000,64425.00000000,64050.42000000,64393.91000000,0.18827000,50
1784397600000000,64412.05000000,64588.69000000,64412.05000000,64469.04000000,0.09732000,24
1784404800000000,64488.77000000,64734.94000000,64488.77000000,64734.94000000,0.04564000,19
1784412000000000,64706.29000000,64781.71000000,64690.12000000,64743.64000000,0.06506000,17
1784419200000000,64778.14000000,64788.72000000,64730.81000000,64788.72000000,0.11221000,8
1784426400000000,64712.91000000,64909.80000000,64636.71000000,64665.33000000,0.11530000,21
1784433600000000,64586.91000000,64728.48000000,64563.78000000,64682.96000000,0.05577000,23
1784440800000000,64726.22000000,64733.79000000,64629.91000000,64649.46000000,3.00833000,1282
1784448000000000,64658.02000000,64658.02000000,64493.71000000,64510.62000000,0.04306000,10
1784455200000000,64462.16000000,64592.31000000,64461.45000000,64461.45000000,0.10796000,14
1784462400000000,64415.21000000,64473.83000000,64282.50000000,64462.38000000,0.17146000,82
1784469600000000,64444.88000000,64583.12000000,64400.65000000,64521.28000000,0.01503000,15
1784476800000000,64499.44000000,64632.70000000,64381.35000000,64632.70000000,0.12792000,18
1784484000000000,64399.00000000,64450.77000000,64307.72000000,64389.84000000,0.02927000,20
1784491200000000,64492.96000000,64511.55000000,64354.44000000,64354.44000000,0.01698000,21
1784498400000000,64515.79000000,64849.46000000,64515.79000000,64579.51000000,0.12180000,21
1784505600000000,64680.25000000,65000.00000000,64586.91000000,64586.91000000,0.07544000,36
1784512800000000,64680.25000000,64867.32000000,64586.91000000,64767.03000000,0.06819000,14
1784520000000000,64672.53000000,64672.53000000,64100.00000000,64123.66000000,0.61940000,26
1784527200000000,64029.73000000,64214.92000000,63732.80000000,64214.92000000,0.53471000,33
1784534400000000,64238.22000000,64245.55000000,63564.34000000,64102.94000000,0.66185000,70
1784541600000000,64177.20000000,64956.74000000,64175.25000000,64956.74000000,0.20261000,33
1784548800000000,64878.39000000,64892.81000000,64417.29000000,64417.29000000,0.00958000,26
1784556000000000,64175.73000000,65547.45000000,64055.29000000,65473.56000000,0.78263000,72
1784563200000000,65473.56000000,65574.31000000,65289.92000000,65548.73000000,0.11623000,75
1784570400000000,65575.12000000,65747.22000000,65025.16000000,65098.48000000,0.03604000,75
1784577600000000,65276.95000000,65373.92000000,65248.27000000,65248.27000000,0.06318000,32
1784584800000000,65189.28000000,65189.28000000,65059.63000000,65155.11000000,0.04853000,17
1784592000000000,65199.31000000,65622.92000000,65197.61000000,65204.11000000,0.02612000,94
1784599200000000,65198.04000000,65442.87000000,65140.44000000,65442.87000000,0.01778000,63
1784606400000000,65487.63000000,65800.00000000,65487.63000000,65753.95000000,0.19717000,24
1784613600000000,65787.26000000,66160.10000000,65787.26000000,66149.07000000,0.33698000,70
1784620800000000,66160.10000000,66286.45000000,66140.90000000,66285.00000000,0.22395000,93
1784628000000000,66262.14000000,66329.35000000,66107.26000000,66253.24000000,0.17933000,79
1784635200000000,66328.41000000,66730.85000000,66304.00000000,66710.00000000,0.28318000,275
1784642400000000,66746.08000000,66882.22000000,66513.99000000,66572.61000000,0.12809000,95
1784649600000000,66638.67000000,66682.00000000,66041.48000000,66175.86000000,0.21530000,95
1784656800000000,66230.85000000,66466.97000000,66184.99000000,66430.00000000,0.15700000,46
1784664000000000,66406.11000000,66416.48000000,66303.99000000,66383.33000000,0.05965000,18
1784671200000000,66244.23000000,66507.00000000,66150.73000000,66507.00000000,0.02429000,26
1784678400000000,66488.87000000,66632.30000000,66324.68000000,66324.68000000,0.04766000,32
1784685600000000,66368.33000000,66377.93000000,65900.00000000,66202.11000000,0.49501000,84
1784692800000000,66205.99000000,66359.99000000,65934.87000000,65952.71000000,0.04323000,31
1784700000000000,65888.50000000,65888.50000000,65753.90000000,65759.08000000,0.01393000,15
1784707200000000,66001.18000000,66035.28000000,65852.14000000,65855.35000000,0.16473000,121
1784714400000000,65885.82000000,66061.79000000,65884.70000000,65885.00000000,0.11661000,49
1784721600000000,65845.88000000,65862.02000000,65550.00000000,65808.31000000,0.09930000,42
1784728800000000,65889.71000000,66101.00000000,65604.00000000,65978.90000000,0.05839000,50
1784736000000000,66009.19000000,66318.00000000,65905.94000000,65998.45000000,0.09102000,60
1784743200000000,65974.18000000,65979.12000000,65717.99000000,65855.38000000,0.15403000,38
1784750400000000,65877.98000000,66041.62000000,65804.45000000,66041.62000000,0.00888000,16
1784757600000000,65983.03000000,65987.84000000,65905.94000000,65963.13000000,0.01864000,12
1784764800000000,66060.02000000,66227.80000000,65739.12000000,65810.84000000,0.16517000,66
1784772000000000,65740.01000000,65775.25000000,65590.52000000,65629.58000000,0.05878000,16
1784779200000000,65593.56000000,65715.87000000,65559.36000000,65621.05000000,0.02967000,12
1784786400000000,65645.11000000,65776.13000000,65431.80000000,65431.80000000,0.06400000,32
1784793600000000,65401.02000000,65682.14000000,65401.02000000,65668.08000000,0.05303000,11
1784800800000000,65581.26000000,65750.14000000,65532.67000000,65532.98000000,0.06792000,22
1784808000000000,65472.81000000,65472.81000000,64855.32000000,64896.99000000,0.18673000,52
1784815200000000,64867.57000000,65148.95000000,64773.72000000,64937.78000000,0.13838000,42
1784822400000000,64855.66000000,64865.81000000,64638.00000000,64638.00000000,0.11420000,36
1784829600000000,64644.15000000,64893.76000000,64621.85000000,64687.00000000,0.01147000,26
1784836800000000,64867.32000000,65148.95000000,64867.32000000,65031.54000000,0.00897000,13
1784844000000000,65148.95000000,65149.00000000,65008.47000000,65039.12000000,0.01311000,11
1784851200000000,65062.78000000,65091.29000000,64792.00000000,65014.61000000,0.04889000,79
1784858400000000,65009.33000000,65337.38000000,64908.93000000,65328.65000000,0.00857000,19
1784865600000000,65328.65000000,65328.65000000,65218.87000000,65264.28000000,0.00700000,8
1784872800000000,65243.15000000,65744.00000000,65243.15000000,65368.76000000,0.10268000,52
1784880000000000,65443.87000000,65443.87000000,64922.08000000,65047.10000000,0.09883000,24
1784887200000000,65068.16000000,65068.16000000,64897.00000000,64961.06000000,0.11247000,39
1784894400000000,64992.30000000,65023.86000000,63900.00000000,64063.46000000,0.03496000,52
1784901600000000,64063.73000000,64227.09000000,63695.33000000,64064.01000000,0.27637000,101
1784908800000000,64000.99000000,64112.91000000,63905.22000000,64099.95000000,0.04315000,30
1784916000000000,64126.93000000,64208.56000000,64099.96000000,64118.45000000,0.09430000,24
1784923200000000,64133.77000000,64161.87000000,64101.31000000,64143.68000000,0.06921000,35
1784930400000000,64071.31000000,64161.63000000,64065.12000000,64100.28000000,0.02746000,21
1784937600000000,64083.80000000,64109.66000000,63960.72000000,64045.82000000,0.16733000,191
1784944800000000,64054.58000000,64054.58000000,63958.28000000,64041.01000000,0.06038000,13
1784952000000000,64040.69000000,64115.47000000,63935.08000000,63975.00000000,0.03770000,19
1784959200000000,63967.33000000,64000.99000000,63933.20000000,63979.71000000,0.03642000,15
1784966400000000,63952.99000000,63952.99000000,63801.50000000,63906.64000000,0.15579000,23
1784973600000000,63992.55000000,64031.38000000,63951.25000000,64007.78000000,0.01732000,14
1784980800000000,64007.87000000,64190.00000000,64003.73000000,64187.81000000,0.10012000,35
1784988000000000,64083.50000000,64225.00000000,64083.50000000,64137.97000000,0.04803000,137
1784995200000000,64145.19000000,64918.96000000,64098.13000000,64225.52000000,0.28521000,78
1785002400000000,64376.32000000,64377.33000000,64338.31000000,64377.33000000,0.05889000,13
1785009600000000,64270.11000000,64320.45000000,64233.19000000,64307.99000000,0.02435000,10
1785016800000000,64342.79000000,64351.00000000,64317.03000000,64351.00000000,0.02988000,12
1785024000000000,64317.03000000,64500.00000000,64300.00000000,64381.88000000,34.38394000,4257
1785031200000000,64386.00000000,64540.00000000,64350.39000000,64477.00000000,72.63976000,1806
1785038400000000,64490.05000000,64491.88000000,64400.65000000,64433.03000000,0.07002000,16
1785045600000000,64370.58000000,64381.08000000,64259.02000000,64324.14000000,0.17318000,28
1785052800000000,64361.66000000,64509.07000000,64323.66000000,64466.91000000,0.04989000,16
1785060000000000,64454.28000000,64510.09000000,64427.48000000,64452.83000000,0.01531000,13
1785067200000000,64470.00000000,64586.91000000,64379.49000000,64520.56000000,0.02869000,29
1785074400000000,64586.91000000,64738.20000000,64586.91000000,64738.20000000,0.11928000,27
1785081600000000,64710.27000000,64792.00000000,64607.35000000,64643.54000000,0.07444000,28
1785088800000000,64649.75000000,64702.56000000,64620.00000000,64661.53000000,0.15588000,38
1785096000000000,64586.91000000,64848.00000000,64586.91000000,64848.00000000,0.11637000,57
1785103200000000,64826.99000000,65506.00000000,64826.99000000,65305.29000000,0.16932000,72
1785110400000000,65351.46000000,65357.46000000,64870.68000000,65139.44000000,0.03702000,20
1785117600000000,65144.68000000,65243.10000000,65090.55000000,65211.51000000,0.02881000,47
1785124800000000,65337.38000000,65422.00000000,65313.15000000,65422.00000000,0.03516000,31
1785132000000000,65429.09000000,65653.00000000,65180.43000000,65264.12000000,0.23386000,71
1785139200000000,65164.42000000,65243.10000000,65054.94000000,65243.10000000,8.66592000,1419
1785146400000000,65233.00000000,65350.29000000,65051.84000000,65051.84000000,0.04762000,50
1785153600000000,65057.49000000,65611.00000000,64841.00000000,65176.19000000,0.28416000,206
1785160800000000,65184.00000000,65352.00000000,64372.00000000,64530.10000000,0.28341000,731
1785168000000000,64506.06000000,65040.71000000,64506.06000000,64973.71000000,0.05362000,147
1785175200000000,64973.71000000,65005.98000000,64701.00000000,64876.00000000,0.05318000,241
1785182400000000,64925.00000000,64960.00000000,64764.00000000,64811.38000000,2.67916000,1905
1785189600000000,64694.01000000,64735.99000000,63575.80000000,63714.40000000,0.32862000,290
1785196800000000,63686.99000000,63728.00000000,63057.58000000,63181.46000000,0.34711000,206
1785204000000000,63167.64000000,63320.42000000,63053.87000000,63266.00000000,0.03277000,139
1785211200000000,63276.53000000,63459.93000000,63177.18000000,63449.39000000,0.01390000,20
1785218400000000,63371.46000000,63518.00000000,63337.40000000,63404.35000000,0.00945000,11
1785225600000000,63436.91000000,63515.99000000,63312.00000000,63328.99000000,0.44161000,419
1785232800000000,63321.39000000,63538.94000000,63214.89000000,63399.00000000,0.06851000,296
1785240000000000,63396.00000000,63526.57000000,62712.00000000,63029.99000000,0.95550000,504
1785247200000000,63056.00000000,63945.65000000,62907.14000000,63880.35000000,0.14961000,605
1785254400000000,63840.01000000,64028.28000000,63468.00000000,63638.85000000,0.16651000,293
1785261600000000,63648.00000000,63819.00000000,63624.00000000,63819.00000000,0.16909000,234
1785268800000000,63840.00000000,63999.60000000,63805.01000000,63930.96000000,0.09953000,204
1785276000000000,63890.92000000,63971.99000000,63521.90000000,63871.39000000,0.14710000,221
1785283200000000,63870.00000000,64100.91000000,63635.11000000,63642.00000000,1.58725000,2134
1785290400000000,63618.31000000,64044.00000000,63594.00000000,63722.93000000,0.33532000,522
1785297600000000,63569.08000000,63990.88000000,63569.08000000,63980.01000000,0.10868000,127
1785304800000000,63965.36000000,64394.81000000,63965.36000000,64377.41000000,0.04922000,56
1785312000000000,64490.99000000,64649.49000000,64219.63000000,64618.10000000,0.26433000,379
1785319200000000,64621.15000000,64621.31000000,64349.55000000,64445.01000000,0.21476000,295
1785326400000000,64414.40000000,64588.40000000,64078.29000000,64588.40000000,0.66798000,840
1785333600000000,64614.90000000,64614.90000000,63814.79000000,63864.16000000,0.22763000,255
1785340800000000,63908.10000000,64137.85000000,63569.08000000,64137.85000000,1.26668000,66
1785348000000000,64214.92000000,64526.00000000,63498.01000000,63532.00000000,0.14585000,225
1785355200000000,63469.00000000,63660.95000000,63224.00000000,63660.95000000,0.05230000,72
1785362400000000,63807.16000000,64050.78000000,63807.16000000,63906.90000000,0.19338000,64
1785369600000000,63937.05000000,64214.92000000,63565.59000000,64214.92000000,0.20203000,285
1785376800000000,64232.00000000,64315.35000000,64054.13000000,64123.77000000,0.11167000,72
1785384000000000,64029.73000000,64051.46000000,63877.39000000,63910.00000000,0.06295000,42
1785391200000000,63959.04000000,64058.06000000,63882.01000000,63915.53000000,0.13943000,76
1785398400000000,63938.00000000,64517.97000000,63918.36000000,64508.68000000,0.16542000,32
1785405600000000,64508.72000000,64752.72000000,64449.01000000,64688.78000000,0.12744000,71
1785412800000000,64751.35000000,65058.13000000,64652.00000000,64955.64000000,0.15372000,72
1785420000000000,64927.55000000,64927.55000000,64538.40000000,64623.71000000,1.68319000,154
1785427200000000,64781.32000000,64903.13000000,64704.01000000,64903.13000000,0.22760000,126
1785434400000000,64780.77000000,64816.77000000,64650.97000000,64738.31000000,0.06650000,30
1785441600000000,64807.90000000,64828.50000000,64657.56000000,64666.00000000,0.10337000,35
1785448800000000,64638.00000000,65028.85000000,64610.00000000,64694.00000000,0.74101000,77
1785456000000000,64852.83000000,65337.38000000,64493.71000000,64493.71000000,0.05916000,55
1785463200000000,64400.65000000,64558.18000000,64122.26000000,64380.00000000,0.00684000,18
1785470400000000,64316.00000000,64336.30000000,64200.24000000,64281.47000000,0.08190000,43
1785477600000000,64269.03000000,64391.42000000,63845.07000000,63892.32000000,0.11032000,92
1785484800000000,63874.79000000,63922.76000000,63569.08000000,63660.00000000,0.14271000,108
1785492000000000,63618.55000000,63906.00000000,63577.92000000,63751.64000000,0.03861000,40
1785499200000000,63678.00000000,63743.91000000,63235.94000000,63235.94000000,0.02646000,29
1785506400000000,63112.00000000,63112.00000000,62400.00000000,62680.78000000,0.44300000,193
1785513600000000,62626.98000000,63196.00000000,62626.98000000,63196.00000000,1.14784000,63
1785520800000000,63226.21000000,63226.21000000,62924.83000000,62924.83000000,0.05644000,28
1785528000000000,62902.00000000,62988.90000000,62800.00000000,62909.00000000,0.53648000,33
1785535200000000,62866.35000000,62935.92000000,62831.38000000,62832.02000000,0.03441000,16
1785542400000000,62824.70000000,62940.74000000,62824.70000000,62927.12000000,0.20523000,231
1785549600000000,62932.46000000,63041.99000000,62918.15000000,62933.15000000,0.51540000,250
1785556800000000,62935.29000000,63074.13000000,62935.29000000,62978.04000000,0.11767000,97
1785564000000000,62983.66000000,63042.57000000,62929.23000000,62982.90000000,0.05524000,62
1785571200000000,63036.90000000,63070.48000000,63004.84000000,63004.84000000,0.06170000,37
1785578400000000,63000.46000000,63036.00000000,62944.82000000,63012.96000000,0.10117000,112
1785585600000000,63041.37000000,63066.37000000,63028.90000000,63034.39000000,0.04781000,33
1785592800000000,63047.99000000,63078.91000000,62962.76000000,62962.76000000,0.37720000,278
1785600000000000,62968.82000000,62985.99000000,62639.16000000,62675.99000000,0.25301000,417
1785607200000000,62635.13000000,62680.12000000,62272.00000000,62445.86000000,0.44162000,356
1785614400000000,62580.00000000,62787.56000000,62544.00000000,62766.00000000,0.03854000,25
1785621600000000,62756.46000000,62822.64000000,62740.85000000,62784.00000000,0.02558000,20
1785628800000000,62929.74000000,63038.96000000,62772.01000000,62943.23000000,0.05238000,69
1785636000000000,63056.00000000,63477.35000000,63056.00000000,63385.75000000,0.00969000,25
1785643200000000,63517.05000000,63526.86000000,63474.74000000,63526.86000000,0.00166000,4
1785650400000000,63416.85000000,63477.35000000,63416.85000000,63463.65000000,0.00183000,4
1785657600000000,63460.12000000,63460.12000000,63196.36000000,63222.63000000,0.00412000,10
1785664800000000,63156.83000000,63178.21000000,63020.68000000,63020.68000000,0.40234000,23
1785672000000000,63104.12000000,63152.21000000,62959.62000000,63050.49000000,0.01904000,19
1785679200000000,63058.64000000,63128.87000000,63011.86000000,63069.75000000,0.01782000,22
1785686400000000,63032.32000000,63298.10000000,63032.32000000,63277.13000000,0.14635000,86
1785693600000000,63273.31000000,63547.11000000,63259.49000000,63425.01000000,0.68361000,414
1785700800000000,63416.51000000,63734.81000000,63371.47000000,63529.98000000,0.32378000,309
1785708000000000,63547.75000000,63752.94000000,63300.00000000,63473.14000000,1.89917000,975
1785715200000000,63520.48000000,63520.48000000,63065.34000000,63144.00000000,0.62267000,374
1785722400000000,63144.55000000,63202.95000000,62734.01000000,62855.56000000,0.38746000,181
1785729600000000,62796.90000000,62913.30000000,62699.13000000,62727.54000000,0.55593000,160
1785736800000000,62775.99000000,62785.29000000,62500.00000000,62508.44000000,0.13599000,160
1785744000000000,62559.01000000,62778.98000000,62234.14000000,62764.65000000,5.33905000,1766
1785751200000000,62766.51000000,62766.51000000,62476.81000000,62476.81000000,3.97654000,547
1785758400000000,62476.81000000,63297.43000000,62423.99000000,63297.43000000,7.13144000,711
1785765600000000,63202.95000000,63903.12000000,63071.41000000,63602.00000000,8.09489000,746
1785772800000000,63640.44000000,63959.00000000,63640.44000000,63778.79000000,2.70632000,249
1785780000000000,63861.00000000,64000.00000000,63804.22000000,63854.01000000,0.14748000,20
1785787200000000,63793.12000000,63945.00000000,63511.00000000,63511.00000000,0.48738000,110
1785794400000000,63561.29000000,63561.29000000,63350.00000000,63447.51000000,7.24324000,376
1785801600000000,63472.41000000,63845.07000000,63307.99000000,63761.25000000,1.65046000,567
1785808800000000,63790.58000000,63868.00000000,63624.92000000,63758.12000000,0.80551000,381
1785816000000000,63714.00000000,64148.00000000,63690.19000000,63728.70000000,0.73753000,113
1785823200000000,63695.33000000,63720.63000000,63447.50000000,63667.51000000,1.01310000,490
1785830400000000,63671.06000000,63671.06000000,63447.50000000,63529.10000000,0.12391000,155
1785837600000000,63551.99000000,63874.87000000,63408.38000000,63869.06000000,3.89395000,1221
1785844800000000,63852.00000000,64015.00000000,63504.00000000,63507.61000000,2.75439000,898
1785852000000000,63599.42000000,64167.94000000,63599.42000000,64134.00000000,3.55608000,423
1785859200000000,63973.00000000,64104.80000000,63861.00000000,63932.86000000,3.63133000,229
1785866400000000,63932.86000000,64323.00000000,63932.86000000,64075.39000000,3.01181000,222
1785873600000000,64162.00000000,64351.00000000,63988.03000000,64175.53000000,4.71280000,522
1785880800000000,64122.26000000,64435.00000000,64043.00000000,64043.00000000,3.29098000,236
1785888000000000,64039.50000000,64265.36000000,63910.00000000,64265.36000000,12.15122000,1479
1785895200000000,64400.65000000,64427.07000000,64029.73000000,64082.53000000,1.31551000,147
1785902400000000,64107.76000000,64418.45000000,64043.44000000,64307.88000000,0.04147000,74
1785909600000000,64239.01000000,64307.44000000,63932.85000000,64078.00000000,0.87868000,181
1785916800000000,64106.00000000,64210.99000000,64069.79000000,64129.33000000,0.05731000,87
1785924000000000,64078.91000000,64198.56000000,63998.45000000,64011.13000000,16.34374000,897
1785931200000000,64011.13000000,64500.00000000,63845.07000000,64343.96000000,10.81295000,1347
1785938400000000,64322.73000000,64680.25000000,64267.00000000,64361.87000000,7.51359000,847
1785945600000000,64345.76000000,64722.60000000,64345.76000000,64707.39000000,3.65477000,678
1785952800000000,64704.55000000,64884.32000000,64615.80000000,64827.28000000,1.87672000,536
1785960000000000,64781.42000000,64931.98000000,64623.17000000,64684.73000000,1.71069000,631
1785967200000000,64627.60000000,64711.94000000,64540.00000000,64578.49000000,0.75743000,274
1785974400000000,64580.25000000,64644.31000000,64435.29000000,64531.47000000,0.20987000,180
1785981600000000,64522.98000000,64595.24000000,64415.37000000,64422.11000000,5.23408000,429
1785988800000000,64422.11000000,64891.36000000,64422.11000000,64833.09000000,1.42653000,277
1785996000000000,64833.09000000,64897.17000000,64680.25000000,64764.15000000,0.30282000,142
1786003200000000,64747.73000000,64890.84000000,64572.01000000,64614.35000000,1.38776000,332
1786010400000000,64570.22000000,64605.94000000,64451.96000000,64538.79000000,0.14277000,155
1786017600000000,64482.04000000,64509.67000000,64120.00000000,64392.52000000,11.64774000,1419
1786024800000000,64372.98000000,64890.98000000,64304.85000000,64586.91000000,4.67927000,1037
1786032000000000,64580.49000000,64754.94000000,64493.71000000,64556.65000000,1.57046000,351
1786039200000000,64544.40000000,64544.40000000,64351.00000000,64389.82000000,2.93301000,244
1786046400000000,64422.11000000,64475.87000000,64351.00000000,64403.44000000,2.00171000,77
1786053600000000,64356.92000000,64389.66000000,64135.16000000,64216.62000000,5.30603000,456
1786060800000000,64278.25000000,64400.65000000,64183.12000000,64379.10000000,2.17032000,517
1786068000000000,64346.30000000,64428.00000000,64190.00000000,64216.62000000,1.53340000,324
1786075200000000,64206.92000000,64323.47000000,64115.01000000,64299.53000000,1.20590000,139
1786082400000000,64262.97000000,64377.55000000,64216.62000000,64261.40000000,0.43455000,128
1786089600000000,64260.92000000,64867.32000000,64248.33000000,64773.72000000,1.18092000,236
1786096800000000,64773.22000000,65148.95000000,64749.94000000,64986.26000000,0.82262000,229
1786104000000000,65012.89000000,65274.83000000,64944.00000000,64944.00000000,3.36984000,366
1786111200000000,64951.06000000,65148.95000000,64773.72000000,64960.18000000,2.58593000,108
1786118400000000,64899.69000000,64966.45000000,64489.01000000,64657.02000000,2.28045000,228
1786125600000000,64773.72000000,64961.06000000,64680.25000000,64928.03000000,0.52301000,106
1786132800000000,64917.23000000,65038.57000000,64893.05000000,64969.86000000,0.12895000,35
1786140000000000,64885.02000000,64895.43000000,64832.75000000,64861.35000000,0.33358000,28
1786147200000000,64882.46000000,64940.81000000,64824.83000000,64903.02000000,0.22986000,127
1786154400000000,64845.89000000,65038.57000000,64845.89000000,65014.55000000,0.05215000,119
1786161600000000,65026.42000000,65026.42000000,64958.01000000,64997.38000000,0.01551000,13
1786168800000000,64962.71000000,64972.45000000,64918.53000000,64918.53000000,0.00753000,11
1786176000000000,64915.50000000,65010.76000000,64915.50000000,64979.48000000,0.09213000,30
1786183200000000,64947.71000000,64980.06000000,64906.03000000,64943.19000000,0.11964000,16
1786190400000000,64910.26000000,64992.82000000,64900.28000000,64982.13000000,0.01725000,21
1786197600000000,64982.13000000,65148.95000000,64982.13000000,65039.23000000,0.42142000,149
1786204800000000,65038.57000000,65095.01000000,65015.84000000,65073.31000000,0.33089000,361
1786212000000000,65064.48000000,65073.84000000,64976.85000000,65033.15000000,0.06824000,73
1786219200000000,65036.90000000,65059.75000000,64961.06000000,64961.06000000,0.15156000,203
1786226400000000,64979.77000000,65010.91000000,64902.81000000,64908.38000000,0.08016000,87
1786233600000000,64927.42000000,64960.05000000,64803.84000000,64807.48000000,0.67081000,250
1786240800000000,64773.72000000,64794.67000000,64720.79000000,64747.34000000,0.24907000,116
1786248000000000,64760.19000000,64780.06000000,64745.65000000,64749.94000000,0.04448000,30
1786255200000000,64791.12000000,64828.55000000,64791.12000000,64799.44000000,0.02868000,13
1786262400000000,64801.95000000,64897.63000000,64760.80000000,64797.51000000,0.10956000,16
1786269600000000,64833.08000000,64967.07000000,64833.08000000,64909.97000000,0.83031000,41
1786276800000000,64900.00000000,65200.00000000,64894.65000000,65142.06000000,0.16708000,28
1786284000000000,65169.89000000,65244.06000000,65169.89000000,65187.97000000,0.16546000,52
1786291200000000,65188.37000000,65217.11000000,65169.00000000,65169.00000000,0.04836000,27
1786298400000000,65169.00000000,65194.57000000,65166.23000000,65172.34000000,0.01518000,13
1786305600000000,65119.71000000,65187.38000000,65054.94000000,65187.38000000,0.02614000,15
1786312800000000,65186.64000000,65379.46000000,64822.28000000,64833.09000000,1.41197000,68
1786320000000000,64833.09000000,65287.55000000,64833.08000000,65224.21000000,0.66172000,166
1786327200000000,65056.45000000,65148.95000000,64868.61000000,64945.90000000,0.35993000,550
1786334400000000,64934.83000000,65103.78000000,64889.36000000,65089.36000000,0.45037000,718
1786341600000000,65100.67000000,65310.28000000,65100.67000000,65153.42000000,0.28402000,562
1786348800000000,65158.61000000,65260.96000000,64918.07000000,64918.07000000,0.09235000,173
1786356000000000,64922.30000000,65076.74000000,64922.30000000,65076.74000000,0.16822000,266
1786363200000000,65056.99000000,65163.59000000,64473.72000000,64492.17000000,0.50660000,184
1786370400000000,64659.70000000,64819.37000000,64200.13000000,64239.89000000,19.11507000,1280
1786377600000000,64187.23000000,64295.59000000,63767.57000000,63858.58000000,0.49842000,108
1786384800000000,63943.71000000,64014.44000000,63812.00000000,63969.65000000,0.12207000,34
1786392000000000,64009.13000000,64134.00000000,63984.83000000,63995.21000000,0.10817000,21
1786399200000000,63966.00000000,64050.62000000,63894.09000000,63915.92000000,0.15451000,58
1786406400000000,63904.01000000,64000.32000000,63869.61000000,63983.12000000,0.04907000,63
1786413600000000,63988.05000000,64103.60000000,63977.53000000,64103.60000000,0.18839000,39
1786420800000000,64098.67000000,64102.91000000,63913.66000000,63974.40000000,0.03124000,27
1786428000000000,63960.84000000,64015.54000000,63797.75000000,63993.76000000,0.36883000,189
1786435200000000,64019.17000000,64214.92000000,63980.15000000,64214.92000000,0.03656000,30
1786442400000000,64242.14000000,64336.03000000,64138.42000000,64321.44000000,0.12303000,94
1786449600000000,64351.00000000,64406.18000000,64029.73000000,64084.69000000,0.27596000,105
1786456800000000,64167.84000000,64167.84000000,63398.94000000,63524.46000000,0.28890000,142
1786464000000000,63551.08000000,63603.24000000,63430.55000000,63538.49000000,0.06957000,83
1786471200000000,63570.85000000,63574.48000000,63194.86000000,63493.73000000,0.08269000,84
1786478400000000,63499.42000000,63707.89000000,63499.42000000,63636.58000000,0.03634000,27
1786485600000000,63683.52000000,63709.18000000,63519.64000000,63545.85000000,0.05667000,22
1786492800000000,63523.95000000,63802.43000000,63521.61000000,63755.39000000,0.15079000,51
1786500000000000,63780.46000000,63845.07000000,63651.00000000,63721.00000000,0.07944000,95
1786507200000000,63795.55000000,63797.99000000,63675.17000000,63772.98000000,0.02113000,33
1786514400000000,63751.17000000,63751.17000000,63569.08000000,63697.64000000,0.01930000,22
1786521600000000,63740.33000000,64036.00000000,63725.96000000,63998.75000000,0.18406000,63
1786528800000000,64092.00000000,64195.02000000,64026.96000000,64156.42000000,0.32418000,166
1786536000000000,64170.60000000,64400.65000000,63823.45000000,63823.45000000,0.46065000,287
1786543200000000,63752.94000000,63848.84000000,63274.87000000,63384.26000000,0.34499000,227
1786550400000000,63346.86000000,63503.29000000,63346.86000000,63427.81000000,0.31216000,470
1786557600000000,63414.03000000,63457.84000000,63280.01000000,63280.01000000,0.18050000,171
1786564800000000,63371.25000000,63596.08000000,63371.25000000,63448.00000000,0.83549000,37
1786572000000000,63406.00000000,63420.00000000,63337.25000000,63406.00000000,2.99442000,151
1786579200000000,63432.00000000,63616.00000000,63331.32000000,63392.12000000,0.23505000,498
1786586400000000,63361.20000000,63575.64000000,63336.65000000,63575.64000000,0.09188000,140
1786593600000000,63573.80000000,63914.64000000,63528.47000000,63832.05000000,0.18439000,241
1786600800000000,63802.40000000,63848.15000000,63701.44000000,63799.28000000,0.04602000,88
1786608000000000,63834.89000000,63838.45000000,63561.96000000,63609.01000000,0.34614000,342
1786615200000000,63731.74000000,63731.74000000,63294.28000000,63425.20000000,0.03666000,53
1786622400000000,63419.37000000,63752.94000000,63417.19000000,63676.83000000,0.04508000,59
1786629600000000,63626.96000000,63877.85000000,63378.00000000,63378.00000000,0.20515000,158
1786636800000000,63395.20000000,63456.86000000,62800.00000000,63094.87000000,0.29161000,238
1786644000000000,63155.82000000,63400.00000000,63137.39000000,63348.82000000,0.12116000,58
1786651200000000,63318.65000000,63442.30000000,63318.65000000,63437.93000000,0.34136000,30
1786658400000000,63455.00000000,63546.00000000,63340.05000000,63340.05000000,0.69055000,27
1786665600000000,63432.68000000,63521.99000000,63350.00000000,63484.04000000,0.13629000,90
1786672800000000,63497.63000000,63514.79000000,63275.51000000,63275.51000000,0.01222000,18
1786680000000000,63385.75000000,63385.75000000,63238.00000000,63296.71000000,0.11356000,16
1786687200000000,63250.29000000,63250.29000000,62838.96000000,62915.98000000,0.21420000,93
1786694400000000,62856.28000000,62894.99000000,62693.25000000,62730.84000000,0.09203000,44
1786701600000000,62710.12000000,62868.10000000,62710.12000000,62815.00000000,0.31866000,38
1786708800000000,62829.97000000,63057.04000000,62566.00000000,62599.44000000,0.99340000,157
1786716000000000,62632.26000000,63000.00000000,62500.00000000,63000.00000000,1.04909000,180
1786723200000000,62932.19000000,63182.26000000,62916.63000000,62971.99000000,0.29066000,97
1786730400000000,62962.58000000,63186.67000000,62810.32000000,63186.67000000,0.08451000,56
1786737600000000,62920.07000000,63006.35000000,62832.23000000,62838.93000000,0.05220000,23
1786744800000000,62860.00000000,63315.79000000,62781.27000000,62979.57000000,0.05252000,37
1786752000000000,62965.03000000,62980.00000000,62860.00000000,62978.60000000,1.05856000,31
1786759200000000,62999.99000000,63111.22000000,62993.32000000,62993.32000000,0.03809000,20
1786766400000000,63061.89000000,63070.04000000,63018.30000000,63018.30000000,0.02313000,5
1786773600000000,63002.15000000,63056.00000000,62945.01000000,62998.81000000,0.06113000,22
1786780800000000,63023.65000000,63023.65000000,62876.87000000,62969.90000000,1.23215000,85
1786788000000000,62969.90000000,63010.37000000,62969.90000000,62972.50000000,0.58536000,19
1786795200000000,62964.10000000,63015.76000000,62908.74000000,63015.76000000,1.71246000,63
1786802400000000,62998.94000000,63071.01000000,62969.90000000,63071.01000000,0.57251000,52
1786809600000000,63008.76000000,63074.61000000,62970.57000000,63030.83000000,0.31454000,40
1786816800000000,63030.83000000,63083.83000000,63011.40000000,63083.83000000,0.49878000,18
1786824000000000,63084.48000000,63128.76000000,63015.45000000,63128.76000000,0.47334000,27
1786831200000000,63091.80000000,63117.58000000,63063.95000000,63063.95000000,0.22590000,15
1786838400000000,63030.85000000,63030.85000000,62969.90000000,63016.79000000,0.50907000,27
1786845600000000,63030.85000000,63091.78000000,63030.85000000,63090.77000000,0.45640000,20
1786852800000000,63069.13000000,63091.80000000,62996.59000000,62996.76000000,0.74417000,260
1786860000000000,63004.37000000,63030.82000000,62987.71000000,63015.11000000,0.01775000,10
1786867200000000,63009.21000000,63030.84000000,62945.01000000,62945.01000000,1.80925000,92
1786874400000000,62942.81000000,62968.82000000,62942.81000000,62952.78000000,0.00992000,11
1786881600000000,62968.82000000,63023.24000000,62966.45000000,63023.24000000,0.26312000,19
1786888800000000,63018.65000000,63089.13000000,62997.90000000,63008.16000000,0.83726000,53
1786896000000000,63090.63000000,63335.58000000,63077.00000000,63091.80000000,2.95613000,123
1786903200000000,63120.90000000,63170.21000000,63091.80000000,63091.80000000,0.83911000,56
1786910400000000,63072.47000000,63089.11000000,62725.14000000,62969.90000000,4.71515000,298
1786917600000000,62848.00000000,62908.95000000,62665.15000000,62839.40000000,5.86845000,298
1786924800000000,62847.85000000,63152.75000000,62690.67000000,63091.80000000,8.08203000,423
1786932000000000,63030.85000000,63396.55000000,63020.68000000,63396.55000000,3.16919000,123
1786939200000000,63396.55000000,63490.00000000,63385.75000000,63406.00000000,1.20743000,111
1786946400000000,63457.50000000,63579.40000000,63457.50000000,63457.50000000,1.22135000,96
1786953600000000,63457.50000000,63457.50000000,63259.47000000,63260.24000000,1.74149000,78
1786960800000000,63269.13000000,63701.30000000,63259.99000000,63544.82000000,1.73836000,132
1786968000000000,63577.52000000,63714.00000000,63396.55000000,63610.31000000,3.85528000,239
1786975200000000,63537.86000000,64155.77000000,63537.86000000,64123.45000000,1.33897000,138
1786982400000000,64116.76000000,64598.05000000,63911.44000000,64246.00000000,0.40894000,66
1786989600000000,64246.00000000,64799.99000000,64246.00000000,64399.59000000,0.13992000,87
1786996800000000,64252.73000000,64372.35000000,64252.73000000,64297.82000000,0.02567000,20
1787004000000000,64365.69000000,64538.74000000,64274.72000000,64400.00000000,0.82912000,28
1787011200000000,64417.29000000,64427.60000000,64113.00000000,64113.00000000,0.02597000,18
1787018400000000,64174.55000000,64180.71000000,63994.00000000,64076.76000000,0.44822000,76
1787025600000000,64076.76000000,64198.04000000,64076.75000000,64172.34000000,1.98565000,99
1787032800000000,64086.44000000,64330.00000000,64086.44000000,64122.26000000,2.08608000,112
1787040000000000,64076.75000000,64214.92000000,64029.73000000,64076.76000000,2.85885000,84
1787047200000000,64076.76000000,64321.58000000,64076.76000000,64274.00000000,1.03506000,144
1787054400000000,64260.38000000,64260.38000000,63994.00000000,64137.97000000,6.09859000,375
1787061600000000,64199.17000000,64961.06000000,64199.16000000,64811.24000000,6.98326000,548
1787068800000000,64799.00000000,64799.00000000,64617.00000000,64627.62000000,2.64905000,313
1787076000000000,64605.31000000,64750.03000000,64605.31000000,64627.62000000,1.44900000,76
1787083200000000,64586.91000000,64606.81000000,64505.22000000,64566.29000000,1.53405000,133
1787090400000000,64566.41000000,64688.83000000,64557.81000000,64686.99000000,0.46345000,31
1787097600000000,64686.99000000,64686.99000000,64382.78000000,64382.79000000,3.51081000,205
1787104800000000,64340.08000000,64362.36000000,64239.33000000,64284.09000000,2.91279000,171
1787112000000000,64260.37000000,64399.87000000,64197.57000000,64197.57000000,1.70714000,124
1787119200000000,64137.96000000,64285.74000000,64122.26000000,64260.38000000,1.56787000,150
1787126400000000,64199.16000000,64414.87000000,64179.07000000,64321.59000000,2.28484000,400
1787133600000000,64349.97000000,64472.53000000,64320.66000000,64414.78000000,0.71928000,61
1787140800000000,64429.95000000,65121.59000000,64386.01000000,64994.86000000,10.24693000,1431
1787148000000000,64974.00000000,69527.84000000,64974.00000000,68610.65000000,3.89244000,1023
1787155200000000,68615.47000000,68994.60000000,65239.68000000,68214.96000000,1.88227000,1294
1787162400000000,68131.22000000,68488.28000000,68078.83000000,68438.24000000,0.11886000,41
1787169600000000,68499.99000000,70000.00000000,68499.97000000,69792.11000000,2.86514000,1152
1787176800000000,69774.75000000,69999.99000000,68998.96000000,69181.28000000,0.25488000,256
1787184000000000,69517.92000000,69678.85000000,69488.21000000,69653.11000000,1.70853000,192
1787191200000000,69720.72000000,69720.72000000,68837.78000000,69151.10000000,0.31167000,36
1787198400000000,69253.47000000,69616.93000000,69253.47000000,69385.13000000,2.44426000,324
1787205600000000,69385.13000000,69895.24000000,69385.13000000,69691.19000000,12.70951000,1088
1787212800000000,69793.22000000,71999.99000000,69792.25000000,71725.25000000,27.60067000,1885
1787220000000000,71731.61000000,72349.87000000,71724.11000000,71885.22000000,20.48893000,904
1787227200000000,71883.05000000,71961.83000000,71119.48000000,71676.35000000,20.21556000,1543
1787234400000000,71676.35000000,72807.89000000,71341.37000000,72445.75000000,34.19500000,1715
1787241600000000,72427.46000000,72934.92000000,72176.04000000,72703.38000000,22.66005000,974
1787248800000000,72703.38000000,72713.22000000,72241.73000000,72600.55000000,14.65169000,477
1787256000000000,72600.55000000,72990.00000000,72569.22000000,72703.38000000,13.89821000,462
1787263200000000,72703.38000000,73320.37000000,72358.57000000,73011.87000000,24.20600000,838
1787270400000000,73114.71000000,75744.53000000,73114.70000000,75089.40000000,28.79679000,1899
1787277600000000,75046.77000000,75242.79000000,73996.03000000,74050.46000000,2.13398000,248
1787284800000000,74578.21000000,75559.70000000,74578.21000000,75559.70000000,0.21757000,68
1787292000000000,75386.68000000,76849.25000000,75030.97000000,76230.00000000,0.27691000,151
1787299200000000,76552.00000000,79498.18000000,76454.00000000,77910.54000000,2.28628000,1135
1787306400000000,77966.43000000,78343.39000000,76484.99000000,76484.99000000,8.81095000,1150
1787313600000000,76689.72000000,77720.00000000,76159.87000000,77247.57000000,24.16977000,2104
1787320800000000,77225.91000000,77815.50000000,76522.58000000,77201.41000000,17.80129000,1460
1787328000000000,77201.41000000,77610.81000000,76792.02000000,77377.94000000,12.04757000,713
1787335200000000,77468.57000000,77508.45000000,76571.73000000,77099.06000000,16.22559000,599
1787342400000000,76996.72000000,78634.30000000,76889.41000000,78450.00000000,30.31177000,1421
1787349600000000,78446.66000000,78687.12000000,77997.11000000,78327.23000000,17.73077000,689
1787356800000000,78429.59000000,78429.59000000,77495.93000000,77917.84000000,11.61840000,606
1787364000000000,77815.49000000,78774.94000000,77791.88000000,78366.77000000,12.04898000,656
1787371200000000,78408.95000000,78736.63000000,76457.41000000,77406.11000000,27.59234000,2254
1787378400000000,77406.11000000,77615.40000000,77099.06000000,77303.76000000,12.35406000,326
1787385600000000,77310.24000000,77314.56000000,76857.49000000,76996.72000000,5.02799000,488
1787392800000000,76996.72000000,77099.07000000,76576.43000000,77070.00000000,5.71601000,645
1787400000000000,77063.00000000,77303.77000000,77063.00000000,77292.08000000,1.46566000,611
1787407200000000,77201.41000000,77201.41000000,76333.33000000,76977.08000000,2.30275000,1032
1787414400000000,76977.08000000,77437.40000000,76923.00000000,77303.76000000,5.66462000,622
1787421600000000,77291.03000000,77462.00000000,77168.00000000,77406.11000000,2.79503000,249
1787428800000000,77406.12000000,77420.00000000,76858.70000000,76867.00000000,2.63101000,357
1787436000000000,76867.00000000,77126.00000000,76783.00000000,77048.68000000,3.02245000,305
1787443200000000,77099.06000000,77322.00000000,77099.06000000,77182.00000000,3.39202000,204
1787450400000000,77154.00000000,77223.99000000,76857.73000000,76957.54000000,0.78027000,102
1787457600000000,76894.37000000,76996.74000000,72509.42000000,76088.04000000,2.93003000,578
1787464800000000,76087.74000000,76431.35000000,75931.82000000,76026.72000000,0.31850000,563
1787472000000000,76026.72000000,76674.49000000,75986.51000000,76554.59000000,0.18121000,446
1787479200000000,76593.62000000,77363.13000000,76585.17000000,77246.90000000,1.46449000,374
1787486400000000,77207.93000000,77713.16000000,77084.50000000,77520.81000000,3.68361000,205
1787493600000000,77516.57000000,77682.04000000,76474.40000000,77189.70000000,1.12270000,1221
1787500800000000,77189.70000000,77491.33000000,77147.02000000,77224.12000000,0.29719000,1394
1787508000000000,77224.12000000,77493.79000000,77145.22000000,77364.97000000,0.07623000,718
1787515200000000,77322.13000000,78020.20000000,77214.57000000,77867.56000000,0.79270000,853
1787522400000000,77875.02000000,77991.99000000,77292.08000000,77742.41000000,0.18273000,87
1787529600000000,77748.51000000,77748.51000000,76918.20000000,76929.75000000,0.17860000,356
1787536800000000,76953.86000000,77485.80000000,76881.54000000,76941.72000000,5.97801000,536
1787544000000000,76941.72000000,77255.10000000,76713.49000000,77156.62000000,10.72022000,591
1787551200000000,77153.75000000,77728.87000000,77070.13000000,77317.09000000,12.30078000,588
1787558400000000,77277.59000000,77574.94000000,76862.66000000,77541.65000000,8.42798000,614
1787565600000000,77587.18000000,78535.46000000,77475.59000000,78375.82000000,8.53287000,466
1787572800000000,78170.60000000,79351.69000000,77861.66000000,78556.79000000,8.58513000,505
1787580000000000,78609.89000000,79900.00000000,78609.89000000,79153.54000000,8.70948000,888
1787587200000000,79235.71000000,79986.85000000,78364.85000000,78684.54000000,4.46800000,596
1787594400000000,78893.84000000,79030.16000000,78704.51000000,78827.98000000,0.07795000,21
1787601600000000,78583.15000000,78998.71000000,78583.15000000,78998.71000000,0.05052000,13
1787608800000000,78811.59000000,78934.10000000,78653.65000000,78890.24000000,0.01444000,11
1787616000000000,78908.88000000,79963.36000000,78787.19000000,79644.87000000,3.98516000,269
1787623200000000,79735.15000000,81304.13000000,79067.01000000,80505.75000000,1.26775000,1030
1787630400000000,80479.38000000,80774.88000000,80132.13000000,80728.15000000,0.53632000,777
1787637600000000,80728.15000000,80854.07000000,79169.29000000,79748.38000000,4.35699000,617
1787644800000000,79782.08000000,80222.72000000,78924.73000000,79193.87000000,8.19899000,589
1787652000000000,79193.92000000,79442.65000000,78991.44000000,79103.15000000,7.81567000,653
1787659200000000,79131.90000000,79157.48000000,78132.82000000,78613.98000000,12.10001000,751
1787666400000000,78613.98000000,79442.66000000,78452.84000000,79442.66000000,11.39298000,593
1787673600000000,79442.65000000,79442.65000000,78736.03000000,79233.94000000,4.00908000,116
1787680800000000,79235.49000000,79297.97000000,78717.56000000,78821.15000000,2.68487000,68
1787688000000000,78924.74000000,78924.74000000,77847.09000000,78613.98000000,4.10806000,221
1787695200000000,78613.98000000,78949.21000000,78400.00000000,78510.39000000,2.70821000,144
1787702400000000,78510.39000000,78822.24000000,78303.22000000,78821.14000000,3.23050000,382
1787709600000000,78821.14000000,79217.85000000,78719.05000000,79028.32000000,12.17764000,1016
1787716800000000,79028.31000000,79131.88000000,78646.23000000,78954.70000000,1.39971000,316
1787724000000000,79091.77000000,79131.91000000,78821.14000000,78924.73000000,1.34254000,249
1787731200000000,78821.14000000,79096.19000000,78189.56000000,78379.57000000,4.06884000,3586
1787738400000000,78409.45000000,78821.15000000,78225.35000000,78510.39000000,5.12221000,4682
1787745600000000,78496.88000000,78618.62000000,77924.41000000,78406.82000000,13.88330000,1665
1787752800000000,78406.81000000,78570.00000000,77681.72000000,77992.47000000,1.77093000,298
1787760000000000,77994.54000000,78571.32000000,77888.89000000,78414.75000000,18.98209000,1078
1787767200000000,78406.81000000,78613.99000000,78303.22000000,78466.56000000,1.28527000,96
1787774400000000,78411.79000000,78800.26000000,78199.64000000,78717.57000000,0.79966000,78
1787781600000000,78717.56000000,79132.57000000,78576.67000000,79028.31000000,2.29166000,142
1787788800000000,78924.73000000,78943.76000000,78602.50000000,78924.73000000,0.99377000,105
1787796000000000,78924.73000000,78943.76000000,78710.47000000,78762.15000000,0.87709000,127
1787803200000000,78821.14000000,78868.24000000,78613.98000000,78821.14000000,0.42308000,120
1787810400000000,78821.14000000,79057.84000000,78602.50000000,79057.84000000,0.84614000,127
1787817600000000,79064.00000000,80437.13000000,79064.00000000,79950.16000000,10.50075000,801
1787824800000000,79989.87000000,80142.61000000,79202.77000000,79479.71000000,3.27721000,353
1787832000000000,79474.44000000,79589.47000000,78897.77000000,79546.24000000,4.38018000,373
1787839200000000,79442.65000000,80775.97000000,79360.00000000,80320.00000000,13.66827000,979
1787846400000000,80409.56000000,80815.00000000,80203.19000000,80526.05000000,13.38097000,469
1787853600000000,80411.26000000,80414.52000000,79787.06000000,79995.13000000,8.07173000,320
1787860800000000,79925.71000000,80166.20000000,79925.71000000,80099.16000000,4.92203000,178
1787868000000000,80198.16000000,80416.00000000,80198.16000000,80301.30000000,6.21498000,434
1787875200000000,80203.19000000,81354.12000000,80203.19000000,80530.42000000,25.64291000,2443
1787882400000000,80484.45000000,80537.18000000,79650.36000000,79824.00000000,23.82558000,1491
1787889600000000,79787.06000000,79891.10000000,79578.99000000,79743.39000000,2.00709000,266
1787896800000000,79787.07000000,79891.13000000,79548.42000000,79671.77000000,1.17738000,223
1787904000000000,79671.77000000,79805.17000000,79202.77000000,79286.71000000,5.02571000,575
1787911200000000,79266.89000000,79715.76000000,79054.13000000,79578.99000000,1.92704000,288
1787918400000000,79578.99000000,79683.04000000,78964.70000000,79355.00000000,9.03994000,636
1787925600000000,79283.55000000,79800.12000000,78315.13000000,78368.00000000,32.63863000,2896
1787932800000000,78330.60000000,78331.23000000,77057.23000000,77904.00000000,2.75980000,434
1787940000000000,77880.00000000,77888.00000000,77297.81000000,77376.00000000,0.03336000,120
1787947200000000,77536.00000000,77567.99000000,77272.00000000,77387.88000000,0.18341000,251
1787954400000000,77392.00000000,77887.63000000,77386.87000000,77884.48000000,0.02106000,161
1787961600000000,77842.56000000,77976.60000000,77640.00000000,77815.42000000,0.01429000,134
1787968800000000,77815.42000000,77824.00000000,77556.73000000,77556.73000000,0.03466000,143
1787976000000000,77526.48000000,77728.87000000,77526.48000000,77657.30000000,0.03270000,138
1787983200000000,77657.30000000,77695.95000000,77404.74000000,77656.47000000,0.39802000,66
1787990400000000,77537.56000000,77728.87000000,77537.56000000,77690.25000000,0.00203000,12
1787997600000000,77656.92000000,77730.98000000,77608.04000000,77608.04000000,0.03640000,21
1788004800000000,77662.67000000,77719.98000000,77537.68000000,77719.98000000,0.04313000,16
1788012000000000,77728.87000000,78106.27000000,77728.87000000,77888.60000000,0.01711000,26
1788019200000000,78037.01000000,78088.92000000,77924.41000000,78071.65000000,0.00665000,21
1788026400000000,78088.00000000,78276.61000000,78088.00000000,78266.00000000,0.01326000,25
1788033600000000,78219.30000000,78418.74000000,78056.16000000,78160.00000000,0.05905000,46
1788040800000000,78237.37000000,78305.94000000,78131.52000000,78267.66000000,0.01334000,18
1788048000000000,78263.38000000,78457.30000000,78035.34000000,78035.34000000,0.03418000,19
1788055200000000,78142.95000000,78188.16000000,78032.68000000,78149.79000000,0.02340000,12
1788062400000000,78184.33000000,78184.33000000,78109.49000000,78109.49000000,0.00336000,2
1788069600000000,78109.59000000,78312.60000000,78109.32000000,78109.32000000,0.02620000,27
1788076800000000,78180.71000000,78239.11000000,78016.00000000,78016.00000000,0.02549000,27
1788084000000000,78086.64000000,78244.71000000,78047.49000000,78200.22000000,0.02833000,25
1788091200000000,78272.00000000,78992.00000000,78272.00000000,78872.00000000,0.07633000,60
1788098400000000,78864.00000000,78924.95000000,78672.00000000,78858.37000000,0.04232000,33
1788105600000000,78768.00000000,79392.00000000,78750.36000000,79004.88000000,0.04848000,53
1788112800000000,79081.05000000,79096.00000000,78736.00000000,78850.00000000,0.05843000,20
1788120000000000,78850.00000000,78856.00000000,78262.72000000,78712.00000000,0.07835000,36
1788127200000000,78560.00000000,78716.09000000,77029.37000000,77724.15000000,0.25190000,172
1788134400000000,77643.35000000,78144.00000000,77512.00000000,77744.00000000,0.01754000,118
1788141600000000,77583.00000000,77891.42000000,77411.36000000,77728.87000000,0.03613000,8
1788148800000000,77583.00000000,78059.49000000,77496.74000000,77991.62000000,0.04759000,16
1788156000000000,77963.72000000,78368.86000000,77848.00000000,78181.29000000,11.47788000,1408
1788163200000000,78181.29000000,78784.00000000,77993.77000000,78534.00000000,10.15386000,702
1788170400000000,78445.00000000,78677.00000000,78269.82000000,78291.60000000,7.09486000,408
1788177600000000,78445.00000000,78445.00000000,76895.56000000,77792.00000000,10.65946000,429
1788184800000000,77848.00000000,78677.00000000,77792.00000000,78561.00000000,11.03409000,781
1788192000000000,78560.00000000,78957.74000000,78500.00000000,78858.01000000,19.46272000,1204
1788199200000000,78848.00000000,79168.00000000,78764.68000000,78909.00000000,8.78507000,568
1788206400000000,78909.00000000,79141.00000000,78656.88000000,79025.00000000,5.67262000,837
1788213600000000,78909.00000000,78962.10000000,78445.00000000,78509.51000000,2.97499000,109
1788220800000000,78516.79000000,78860.45000000,78375.82000000,78440.00000000,5.00694000,843
1788228000000000,78329.00000000,78793.00000000,78177.74000000,78669.13000000,4.59495000,263
1788235200000000,78652.96000000,79166.57000000,78652.96000000,79166.57000000,6.17797000,532
1788242400000000,79088.00000000,79088.00000000,78489.08000000,78614.12000000,2.10990000,114
1788249600000000,78561.00000000,78561.00000000,77788.75000000,77916.16000000,5.21476000,363
1788256800000000,77905.58000000,78169.99000000,77760.00000000,78092.50000000,13.72471000,888
1788264000000000,78000.00000000,78112.00000000,77475.60000000,77987.65000000,17.99005000,1108
1788271200000000,78092.50000000,78320.00000000,77707.53000000,77987.65000000,19.35011000,951
1788278400000000,77882.80000000,77896.00000000,77239.99000000,77239.99000000,2.82673000,128
1788285600000000,77176.99000000,77408.00000000,76423.50000000,77248.00000000,0.16552000,150
1788292800000000,77290.46000000,77456.00000000,76936.00000000,76936.00000000,0.02903000,21
1788300000000000,77259.38000000,77583.00000000,77223.08000000,77583.00000000,0.01152000,15
1788307200000000,77492.76000000,77498.43000000,76704.00000000,76976.00000000,0.05047000,61
1788314400000000,77056.00000000,77728.87000000,77056.00000000,77488.00000000,0.02226000,50
1788321600000000,77472.00000000,77686.40000000,77248.01000000,77640.00000000,0.02507000,33
1788328800000000,77594.74000000,77647.97000000,77444.47000000,77587.78000000,0.14648000,26
1788336000000000,77461.68000000,77464.43000000,76421.29000000,76673.66000000,15.27001000,2922
1788343200000000,76680.00000000,76768.00000000,76229.64000000,76768.00000000,10.69357000,1313
1788350400000000,76757.78000000,77364.91000000,76589.54000000,77080.00000000,2.30142000,180
1788357600000000,77088.00000000,77328.00000000,76696.38000000,77274.73000000,0.06005000,72
1788364800000000,77208.00000000,77475.59000000,76986.20000000,77296.36000000,0.95183000,77
1788372000000000,77296.36000000,77440.00000000,77078.89000000,77187.63000000,5.64244000,244
1788379200000000,77296.35000000,77456.00000000,77187.63000000,77296.36000000,3.88481000,852
1788386400000000,77187.63000000,77296.37000000,76971.82000000,77296.37000000,1.05801000,209
1788393600000000,77296.36000000,77416.00000000,76970.15000000,77382.50000000,5.24997000,568
1788400800000000,77296.36000000,77840.06000000,77220.53000000,77622.57000000,5.42011000,377
1788408000000000,77731.32000000,77824.00000000,77078.89000000,77768.00000000,4.57223000,939
1788415200000000,77809.01000000,78057.52000000,77587.55000000,77587.55000000,7.03635000,610
1788422400000000,77680.00000000,78013.44000000,77587.55000000,77588.98000000,2.33485000,303
1788429600000000,77622.57000000,77948.78000000,77458.19000000,77935.96000000,1.31077000,207
1788436800000000,77888.00000000,78911.00000000,77868.58000000,78768.00000000,19.87610000,5401
1788444000000000,78755.13000000,81390.50000000,76277.00000000,81349.78000000,27.78453000,4584
1788451200000000,81322.56000000,81356.91000000,80500.00000000,81005.14000000,6.58363000,1246
1788458400000000,81005.14000000,81746.65000000,80899.21000000,81746.65000000,13.87028000,1869
1788465600000000,81640.71000000,82170.35000000,81289.11000000,81640.71000000,13.91630000,1757
1788472800000000,81534.78000000,81534.79000000,80899.21000000,81226.83000000,7.72628000,750
1788480000000000,81216.99000000,81390.00000000,80777.45000000,81005.15000000,7.38809000,870
1788487200000000,80899.21000000,80989.59000000,80687.35000000,80899.21000000,5.13490000,378
1788494400000000,80944.00000000,81289.99000000,80871.21000000,81005.15000000,6.04793000,389
1788501600000000,81005.14000000,81077.82000000,80594.96000000,80596.43000000,2.39302000,207
1788508800000000,80632.38000000,81251.89000000,80500.00000000,81111.07000000,8.01927000,772
1788516000000000,81005.14000000,81322.93000000,80816.75000000,81216.99000000,4.28137000,450
1788523200000000,81259.73000000,81322.93000000,79000.00000000,79375.79000000,17.73559000,2209
1788530400000000,79419.71000000,79659.63000000,78653.23000000,79399.85000000,0.19122000,186
1788537600000000,79385.10000000,79945.29000000,79352.99000000,79431.35000000,1.57946000,260
1788544800000000,79441.39000000,79811.79000000,79441.39000000,79758.46000000,4.91652000,654
1788552000000000,79867.38000000,79867.52000000,79540.37000000,79649.42000000,2.55835000,126
1788559200000000,79666.72000000,79758.47000000,79642.72000000,79649.42000000,0.90654000,29
1788566400000000,79649.42000000,79709.24000000,79614.05000000,79634.22000000,0.80524000,31
1788573600000000,79540.37000000,79641.47000000,79500.00000000,79641.47000000,0.07987000,24
1788580800000000,79540.37000000,79602.68000000,79431.34000000,79568.98000000,0.13022000,40
1788588000000000,79608.59000000,79751.85000000,79558.15000000,79751.85000000,0.20088000,25
1788595200000000,79653.55000000,79730.26000000,79622.84000000,79626.04000000,0.09738000,42
1788602400000000,79689.04000000,79758.45000000,79570.97000000,79649.42000000,0.11550000,33
1788609600000000,79685.34000000,79758.47000000,79572.85000000,79658.30000000,0.06415000,27
1788616800000000,79701.70000000,79758.47000000,79701.70000000,79758.47000000,2.18154000,418
1788624000000000,79861.04000000,80150.00000000,79856.01000000,80085.59000000,5.76092000,511
1788631200000000,80080.62000000,80134.68000000,79745.80000000,79758.46000000,1.48240000,92
1788638400000000,79758.47000000,79911.83000000,79693.70000000,79867.51000000,1.69821000,117
1788645600000000,79867.51000000,79870.55000000,79758.46000000,79867.51000000,0.58778000,109
1788652800000000,79919.47000000,79980.65000000,79919.47000000,79960.49000000,1.21462000,58
1788660000000000,79976.55000000,80085.60000000,79879.29000000,80085.59000000,1.84188000,216
1788667200000000,79976.55000000,80092.02000000,79867.51000000,79976.55000000,1.34340000,129
1788674400000000,79908.73000000,79908.73000000,79556.61000000,79813.23000000,0.86260000,65
1788681600000000,79867.52000000,79976.56000000,79794.59000000,79869.98000000,1.34377000,75
1788688800000000,79976.55000000,80029.69000000,79867.51000000,79934.50000000,0.72350000,38
1788696000000000,79916.88000000,80085.60000000,79832.05000000,79832.05000000,0.79214000,80
1788703200000000,79846.60000000,79846.60000000,79286.50000000,79700.90000000,1.14823000,117
1788710400000000,79649.42000000,79800.00000000,79620.00000000,79771.02000000,0.68014000,77
1788717600000000,79776.76000000,79924.07000000,79776.76000000,79826.54000000,0.99663000,130
1788724800000000,79827.49000000,80025.61000000,79792.84000000,79945.86000000,0.51303000,69
1788732000000000,79867.51000000,80521.78000000,79675.44000000,80412.73000000,7.55205000,353
1788739200000000,80303.68000000,80413.10000000,79745.80000000,79867.51000000,3.40526000,212
1788746400000000,79923.99000000,80303.69000000,79635.56000000,79649.42000000,3.87537000,226
1788753600000000,79645.13000000,79867.52000000,79540.37000000,79745.80000000,1.44348000,323
1788760800000000,79784.00000000,79816.73000000,79000.00000000,79368.00000000,1.37675000,109
1788768000000000,79402.31000000,79530.87000000,79296.00000000,79296.00000000,0.58229000,43
1788775200000000,79328.00000000,79431.34000000,79322.28000000,79427.47000000,0.31859000,229
1788782400000000,79431.33000000,79628.49000000,79317.40000000,79342.80000000,0.88891000,111
1788789600000000,79322.28000000,79374.56000000,78706.29000000,78828.50000000,0.46644000,83
1788796800000000,78829.84000000,79153.30000000,78811.41000000,79153.29000000,4.51031000,617
1788804000000000,79153.29000000,79360.55000000,79052.19000000,79324.23000000,3.54208000,289
1788811200000000,79324.23000000,79324.23000000,79057.84000000,79057.84000000,1.59895000,86
1788818400000000,79067.82000000,79191.00000000,78792.34000000,79153.20000000,4.92653000,468
